4121092;4328624;3992278;4096824;4127781;4382178;3839892;4198977;4005232;4158497;4303130;4278593;4093971;4334849;4402352;4240577;4087462;4302664;3858326;4052614;4078713;4341346;4023018;4065590;4046099;4380387;4076517;4077665;3885782;4342108;3935510;3978716;4401734;3938794;4298715;4299347;3786496;4475861;4121856;4200045;4169115;4083070;4423431;4353236;4174397;4462180;4171568;3896763;4099748;3993121;3943833;4383803;4110234;4234550;3905326;4720979;4430781;3825475;4028683;4045023;4222990;4247273;3953138;4293325;3825929;4269084;3791042;4080974;4005498;4202914;3834866;4079762;4118837;4367000;4247553;4471095;4066052;3930622;4321414;4253755;3994643;3855472;3947211;3792428;3985051;3805413;4353619;4092628;4284737;4193863;4468683;4510384;3983559;4034402;3949192;4316649;4009873;4503331;3999812;3990135;4538492;3723168;4265501;4194293;4055368;3990856;4110525;4464102;4194222;4250964;3998825;4203201;4032780;4140954;4089858;3993630;4381996;4425494;3921710;4249327;4144083;3986322;4002749;3953448;4373941;3890401;4310713;3922941;3988767;4231877;4294455;4123057;4448871;4175724;4432525;4193260;4065888;4167322;3987628;3996290;3890181;3893185;4866029;4159741;3938502;4205739;4134504;4138490;4209012;4185885;4000296;4251190;4060353;4154484;4506100;4256822;4224723;4108242;4111885;4211700;3948209;4358577;4116559;4041821;4196454;3984674;3944641;4353304;4259849;4032542;3979959;4358411;3993841;4415799;4413900;4354604;4602766;4080499;4041475;3974396;4061723;4143473;3925516;4080051;3800675;4364006;3917664;4080005;4166356;4190355;3837662;4016626;4451959;4361037;4410916;4336177;4236313;4581507;3972895;4469104
4390435;4469137;4394541;4659878;4609627;4839694;4154519;4738295;4614908;4709033;4776677;4856204;4571988;4913535;4719351;4620740;4582530;4721570;4242665;4552082;4848480;4729709;4574445;4526800;4637607;4675408;4711085;4440381;4582130;4825618;4315341;4589323;4605358;4255679;4754965;4686445;4169172;4772446;4435375;4814586;4783325;4782443;4901687;4799747;4538208;4884343;4586988;4533788;4701835;4720446;4446259;4801258;4419541;4840471;4852545;4661453;4855973;4493830;4379847;4543430;4630071;4491926;4724443;4648051;4524706;4859866;4095998;4567144;4598273;4819780;4474544;4365440;4654490;5092779;4692088;4869347;4799692;4649842;4629289;4515935;4411857;4488758;4538626;4346787;4425512;4533458;4659341;4900569;4845163;4714336;4963440;4799702;4698121;4680197;4328296;4969817;4520328;4979925;4580087;4352236;5101139;4353699;4880067;4877639;4851041;4629675;4630068;5062551;4671644;4697423;4576406;4652402;4544826;4352743;4295918;4618471;4416520;5015786;4416440;4587155;4406806;4235526;4848202;4471851;4964050;4333661;4536638;4503756;4669633;4658739;4637699;4417592;4927333;4757754;4726577;4539800;4577343;4380946;4309046;4712580;4518122;4509773;5307768;4530194;4547232;4734219;4781474;4726286;4846837;4377623;4616712;4850943;4412362;4501494;4981657;4552801;4847702;4645795;4712047;4637450;4458018;4845217;4418087;4527201;4772179;4450785;4535090;4754762;4701247;4609483;4589468;4916852;4422195;5028835;4905890;4685582;5115093;4603550;4768484;4479015;4422200;4676953;4648712;4546091;4161506;4856904;4641717;4618402;4577090;4722169;4600377;4534717;4974075;5008966;4985100;4907859;4763731;5329316;4638031;4878598
4202415;4419922;4191613;4367801;4558298;4636306;4129007;4431441;4190426;4269011;4470880;4552273;4270593;4498978;4495136;4475912;4309562;4499124;4023236;4176629;4411056;4497219;4448885;3952507;4275268;4603678;4417152;4299713;4354884;4688999;4221192;4327156;4509185;4340601;4499818;4376157;4109782;4766771;4674782;4528964;4408641;4165409;4625676;4290056;4409546;4501613;4410623;4098614;4595458;4370545;4306153;4470857;4181716;4527905;4110837;4686949;4575614;4065874;4374854;4083938;4573535;4235787;4522566;4338192;4132614;4305816;4066742;4109269;4532329;4569630;4201639;4054559;4301383;4775956;4385935;4507777;4395370;4250516;4496193;4169592;4261933;4319395;4126897;4045322;4218788;4204888;4515675;4371233;4386332;4576861;4742265;4602889;4370046;4198118;4220563;4456821;4072419;4594739;4210583;4129123;4842799;4096279;4570897;4442933;4425582;4473132;4317649;4705830;4345742;4521114;4311221;4420773;3983307;4363200;4074039;4443241;4266823;4629347;4141015;4283400;4177518;4303633;4691000;4122543;4615712;4087609;4456744;4395662;4270671;4489782;4497710;4505449;4608864;4410723;4554395;4354431;4338342;4159623;4134604;4498353;4219013;4429497;4931559;4590469;4399272;4230255;4443112;4414161;4725925;4372988;4062842;4492285;4151850;4368334;4682731;4516563;4471959;4498033;4376235;4578958;4361610;4527156;3954574;4170232;4227164;4085547;4179481;4375357;4613378;4470309;4424216;4628753;4396874;4412611;4678562;4494060;4864339;4149055;4228912;4315964;4485987;4323063;4114155;4416814;3867309;4533215;4113856;4286788;4516191;4306476;4016142;4084039;4591920;4513387;4482876;4460313;4463886;4967731;4189674;4710511
3565120;4040677;3789578;3968491;3784962;4085453;3798541;4036433;3784035;3838907;4081821;4131668;3553407;4054715;4174096;4114377;3892235;3943666;3712226;3778631;3816170;4082769;3909336;3705914;3730982;4132829;4002037;3839048;3857510;4133124;3718141;3909862;3913876;3642018;4052352;4159281;3739961;3911727;3829574;4193513;3934306;3947423;4025262;3956772;3825561;4092231;3799885;3823944;4014024;3841768;3812634;3796503;3611715;4199248;3842073;4123563;4072925;3658589;3917794;3895115;4213530;3765406;4025434;4063089;3759892;3998249;3697734;3933581;3828811;3856380;3710694;3847309;3821704;4388316;4012776;4125000;3967478;3832643;4039008;3850680;3737706;3850257;3823356;3572901;3592682;3741430;4106894;3906902;3907618;4210788;4222825;3980937;3924783;3833959;3711568;4056178;3760996;4065300;3668919;3876886;4224198;3656136;4135346;3961084;4144543;3898393;4047214;4314888;3925869;3937322;3766855;3878564;3781485;3800970;3626727;3853267;3887675;4216530;3856834;3770666;3906381;3886757;4159139;3670532;4128182;3777480;3846340;3899447;3964807;3772496;4219879;3856107;4153603;4157297;3936031;3948044;3913577;3938719;3912867;3721912;3651120;3868160;4485933;3960527;3767591;3770632;4047153;4020343;4107309;3889849;3906372;4037376;3798867;3847409;4133590;3819815;4075328;4057816;3811021;3922439;4026388;4120713;3854921;3838994;4054764;3715351;3654906;4074029;3950607;4039016;3877635;4180315;3871397;3895222;4019326;4103553;4378922;3614295;3959054;4192922;3863619;3826106;3887114;3891967;3482914;3982644;3862123;3847188;3871750;4009724;3869449;3580174;4274258;4109664;4142121;4104111;3802523;4408021;3871683;4163467
4155083;4444703;3934855;4147275;4190651;4438169;3771176;4197416;4159485;4195260;4142609;4328076;4248650;4409474;4409269;4391591;4126183;4395516;4145617;4061372;4188362;4295549;4165589;3964535;4109203;4331024;4356484;4159404;4163798;4506795;4173904;4240588;4615152;3920136;4268543;4197951;4063670;4427687;4134734;4478412;3923187;4259155;4580549;4235725;4485487;4539311;3940468;3763925;3987435;4078657;4062401;4198229;4087050;4592658;4225082;4589729;4454011;3873575;4336760;4178744;4497254;4165733;4335171;4479656;4012607;4385512;3896234;4307977;4159698;4368538;4206183;3960584;3919168;4574616;4429940;4457042;4255624;4336803;4129963;4225492;3931429;4116778;4078850;3903170;3942772;3823475;4459376;4250493;4342957;4709580;4611763;4590197;4359937;4127667;4153264;4479474;4075305;4594016;4109559;4102269;4605451;4002630;4417786;4316239;4248061;4304876;4030873;4649219;4160632;4143003;4056606;4379255;3931321;4139466;3919800;4019875;4165416;4536188;4027086;4120165;4220418;4096383;4367413;4003561;4480395;3831452;4212434;4148323;4163656;4281273;4422859;4087674;4364163;4327943;4412594;4365476;4189316;4058015;3964493;4350680;4074763;4387601;4999658;4040213;3933413;4375729;4435759;4376139;4347752;4122103;4393997;4500181;4314932;4333144;4298531;4268259;4497535;4327930;4071627;4385377;4303625;4371668;4049180;4164941;4079001;3891324;3964459;4453780;4506110;4270116;4238748;4517185;4271762;4321637;4335986;4610333;4783000;4032799;4105672;4273077;3961376;4273552;3992275;4293257;3861962;4333071;4231320;4238970;4202600;4248267;3935104;3950818;4403532;4407195;4317646;4365120;4482310;4780586;4106451;4598745
4360815;4288278;4064072;4485132;4255619;4491489;3940980;4431840;4343211;4343226;4202868;4405027;4328264;4456931;4393358;4518254;4180780;4312308;4134867;4102824;4407887;4432737;4213785;3990232;4181598;4585127;4072721;4196224;4393587;4680414;4202925;4046917;4299645;4198523;4381244;4258532;3901024;4764533;4507923;4536099;4176640;4446477;4526684;4147650;4193248;4459009;4232366;4139567;4588266;4135072;4252772;4387832;4150261;4692644;4233090;4577552;4245937;4105135;4088076;3920773;4231180;4331016;4281399;4212445;4069952;4411842;3908783;4100507;4400659;4612515;3931443;3977071;4327542;4642416;4449328;4519813;4249905;4241118;4133237;4044545;4137095;4124735;3951618;3989560;4015965;4094753;4515198;4349791;4442885;4464499;4610368;4460953;4259370;4210985;4000395;4533340;3991379;4480501;4135040;4073229;4588173;3951969;4500410;4411768;4282015;4199998;4130251;4583975;4139692;4414568;4254232;4286265;4126262;4213515;4104461;4323953;4066880;4550343;4127962;4174956;4296667;4067084;4575138;4380907;4454420;4055099;4106486;4282518;4226485;4244375;4193184;4243275;4567690;4280990;4500460;4373154;4050977;4206003;3980745;4435449;4142428;4250291;4623630;4264196;4012673;4329820;4395212;4382281;4333052;4209529;4063450;4485995;4009567;4327109;4605408;4225746;4348253;4188286;4171072;4552042;4202615;4511187;3869346;4087336;4471718;4146287;3971927;4474273;4569254;4384964;4152836;4476364;4348846;4238365;4472529;4521888;4778667;4062893;4319471;4219891;4358485;4332718;4164262;4329617;3869626;4470003;4293735;4319646;4484832;4491310;4042601;4027240;4587662;4473878;4608314;4363227;4464182;4697431;4421019;4521549
4551081;4822703;4420284;4667382;4564675;4947966;4356053;4698883;4745429;4915988;5018090;4857233;4553218;4751847;4954647;4795218;4698492;4768273;4606067;4429759;4761002;4777301;4642370;4701183;4501974;4817846;4675909;4691712;4672670;4889499;4667270;4361585;4933821;4265005;5004483;4573057;4342109;4868059;4688578;4969471;4480340;4660254;4821307;4666123;4655201;5060381;4754124;4444473;4683926;4656926;4553104;4975509;4375462;4734517;4505725;5112155;4750558;4339433;4723839;4458549;4976152;4471894;4826421;4714249;4492815;4889346;4266850;4632590;4507001;4662837;4460557;4731720;4608076;5003910;4762780;5016293;4624924;4805029;4691599;4690304;4561305;4331950;4563975;4272625;4376448;4643003;4801739;4887671;4820397;4826180;5034328;4752168;4715676;4624341;4448929;4794256;4450839;5037974;4476359;4481102;5234606;4118633;5191828;4860325;4540443;4435418;4578132;4954949;4564918;4916816;4717668;4658422;4381348;4581311;4302153;4519426;4631968;4721715;4679772;4710285;4782353;4435355;4936035;4465343;5008416;4279804;4802746;4593958;4777118;4568102;4864471;4538523;4798507;4750556;4790247;4658321;4510491;4562104;4571873;4534920;4413786;4568090;5267380;4672013;4486941;4540363;4605338;4813035;5086570;4425955;4423766;4741668;4729333;4684824;4937363;4589476;4873931;4739351;4764505;4813885;4461353;4995734;4383394;4427849;4700676;4294423;4572850;5032203;4917892;4605778;4623337;4915311;4497867;4871887;4964946;4621588;5273105;4579358;4564206;4745159;4629839;4840571;4690942;4749638;4160192;4882793;4617358;4543264;4710142;4829877;4428057;4542090;4836639;4873866;4968976;4976032;4787485;5224428;4479247;5063072
4188673;4339423;3853396;4374690;4357496;4474522;4256757;4303148;4344878;4352678;4422015;4617052;4438657;4398510;4482226;4608776;4271983;4340113;4217624;4031536;4185952;4386485;4283240;3866527;4181652;4489795;4295036;4119635;4290908;4700502;4136993;4391462;4358556;4017837;4470768;4355457;3905116;4647244;4329932;4602159;4028652;4235276;4252368;4217927;4051960;4652006;4104011;4000530;4320809;4252692;4459459;4477272;4185922;4538047;4235673;4802254;4552767;3905090;4359914;3924578;4640794;4147707;4280748;4392258;4234996;4419632;4038522;4120807;4076351;4465917;4129654;4322018;4198244;4897146;4468596;4518680;4125930;4296544;4398025;4210600;4003677;3916516;4054075;4213301;4115225;4055144;4508452;4376002;4505353;4629362;4570252;4545956;4340605;4312564;4050128;4294334;4104492;4685241;3984732;4156059;4823475;4111275;4491515;4331470;4403897;4127775;4126190;4713934;4087211;4516684;4113082;4397074;4274796;4115243;3996394;4102108;4486026;4552338;4144675;4133813;4333232;4233642;4539509;4380701;4308727;4083753;4437119;4239906;3939396;4260897;4418783;4150209;4453220;4321641;4462767;4203265;4238021;4322840;4069586;4294937;4206275;4379884;4741581;4349672;4133691;4261006;4348981;4394794;4200180;4325231;4162314;4450538;4125870;4218001;4402655;4520303;4379848;4575090;4296223;4327299;4176702;4297712;3934044;4247555;4390360;4006570;4027416;4616051;4580201;4425956;4127133;4522647;4463754;4533343;4451298;4404915;4553255;4121796;4419830;4370276;4254190;4237331;4158953;4252168;3894935;4428627;4329028;4145149;4327504;4528395;4043443;4041923;4331016;4359767;4455728;4461518;4352379;4845792;4212499;4419187
4237317;4231595;4152598;4366607;4411581;4748514;4105029;4637852;4343652;4464307;4729485;4629755;4273459;4547545;4603548;4570054;4544393;4426254;4000906;4340777;4570834;4463334;4244633;4462972;4433587;4680006;4511449;4335913;4382509;4404581;4269489;4234868;4514513;4214431;4493403;4431629;4080623;4620678;4601160;4697471;4366833;4525318;4648484;4640425;4528610;4730396;4514496;4086170;4379293;4416034;4070820;4519686;4177349;4510765;4316815;4595436;4426296;4321962;4492712;4205060;4743726;4412662;4671454;4373811;4396365;4564778;4066156;4507503;4263554;4594761;4260635;4185972;4320727;4705457;4540595;4637422;4333415;4489849;4422978;4380354;4034118;4488216;4153019;4017893;4078948;4444003;4463705;4247957;4640527;4495612;4626340;4701657;4134977;4387143;4299603;4534708;4203312;4705246;4211796;4383131;4599414;4133588;4613687;4617871;4408508;4268903;4269317;4832451;4506021;4464662;4316092;4427292;4282904;4281462;4096491;4348848;4424736;4677867;4332524;4292711;4488331;4350063;4508707;4246490;4746546;4212910;4551531;4353966;4389093;4282634;4575435;4292141;4725177;4679479;4614158;4271383;4354757;4187213;4105555;4371646;4316218;4530433;4926723;4302211;4217004;4484758;4551704;4451325;4659485;4245586;4305344;4575606;4340133;4363796;4649953;4514839;4601030;4346931;4337193;4460447;4364632;4462496;4201203;4135004;4525025;3976836;4294947;4745998;4584061;4498802;4432779;4814053;4382511;4503136;4543385;4392883;4958222;4385660;4468496;4369485;4399683;4470116;4116731;4465257;3988383;4527828;4237598;4276579;4579647;4552806;4275325;4208011;4613101;4795769;4598370;4519055;4571641;5085566;4426277;4718222
4346824;4649007;4100619;4444272;4332441;4565173;4226179;4517384;4438153;4374500;4376657;4565715;4371670;4563998;4664584;4714452;4513435;4687634;4186989;4125344;4655985;4773928;4381197;4319764;4233508;4530062;4558319;4372222;4456938;4743408;4528230;4462640;4553235;4494859;4483537;4375447;4058707;4704936;4427038;4728501;4283440;4662033;4596152;4527209;4539421;4690066;4267142;4249521;4511126;4222363;4460260;4654643;4217049;4758022;4367891;4857355;4676725;4298449;4375174;4191472;4628189;4247142;4565751;4706079;4260099;4579011;4248267;4473203;4389949;4539952;4232642;4230107;4235271;4781242;4267220;4726383;4580411;4338933;4433355;4449428;4123258;4360559;3956400;4151314;4137532;4361793;4671352;4535197;4440842;4683767;4673783;4786688;4381818;4298768;4200485;4528173;4362379;4866884;4306137;4555521;4782189;4152704;4798099;4475595;4286091;4275139;4333052;4940676;4398468;4651674;4390900;4498005;4234332;4103473;4303026;4364849;4573867;4707419;4333370;4314665;4454780;4130134;4561638;4286666;4726593;4245341;4591591;4505707;4446948;4450958;4576128;4343018;4800595;4568945;4611465;4439004;4460505;4234218;4257917;4429354;4501670;4237334;4833720;4523575;4309478;4471834;4580691;4587205;4697963;4348303;4387253;4422714;4236720;4506832;4513404;4461014;4649760;4476717;4630992;4596123;4442854;4583892;4189317;4384698;4551387;4105481;4285148;4957814;4640287;4532749;4507278;4614551;4515496;4625670;4734882;4766373;4952805;4403460;4517017;4689376;4423589;4498393;4152906;4409460;4050754;4685866;4543446;4362364;4619144;4507216;4177086;4163354;4913603;4698688;4677012;4687696;4640292;4925520;4305857;4779054
4819641;4898086;4339523;4752837;4670049;5027182;4362457;4721801;4832411;4665129;5045137;5109862;4733867;4822720;4990380;4917546;4750416;4984761;4421055;4613047;4614478;4735071;4615625;4344498;4794887;4817074;4742564;4607683;4719699;5118583;4674831;4581547;4665852;4744788;4908563;4879678;4342538;4996571;4846207;4907304;4623857;5015025;4750983;4953139;4772032;5182416;4724705;4607777;4941516;4767768;4790496;4988383;4679788;4909914;4359779;5223176;4982217;4425198;4986375;4750954;4960158;4693602;4927512;4759307;4478510;4979392;4519483;4824213;4643004;4900677;4317612;4643540;4855145;5079784;4885501;4974303;4765110;4820194;4718753;4590982;4571851;4688803;4561572;4596329;4579126;4525836;4795941;4812422;5098759;4944660;5136322;5076586;4860977;4704620;4342185;4869093;4574026;5034880;4646957;4536082;4922299;4498595;5088408;4888158;4808565;4683811;4640695;5227314;4496900;4996223;4616981;4922010;4364020;4630978;4391875;4858510;4766382;5106212;4339975;4548585;4685340;4621528;4979204;4577569;4960024;4494758;4826189;4628994;4458688;4755891;4857623;4696321;4835860;4873252;4760323;4611228;4824119;4668711;4513953;4868610;4790148;4561335;5295923;4699713;4548111;4868312;4823193;4951212;4904223;4669611;4458243;4985356;4713683;4690651;4957703;4655053;5017498;4927093;4494295;4834481;4614825;5161535;4287436;4380917;4885481;4740899;4543123;5021959;5005853;4752373;4508362;4846466;4895223;4683344;4759941;5048171;5178959;4592109;4713115;4690246;4670692;4813020;4769052;4902050;4224907;4753473;4814281;4639058;4988856;4894765;4562036;4517608;5024790;5149421;5103209;4988142;4862829;5137526;4689183;5295230
4439501;4448652;4166375;4334071;4663842;4669604;4165645;4457463;4456655;4486927;4427643;4565091;4572783;4531687;4446917;4653942;4372671;4505357;4265277;4013246;4435368;4652066;4555634;4213388;4480325;4743141;4391601;4401856;4364914;4665337;4261035;4202887;4428636;4037772;4509748;4409994;4047973;4732639;4322865;4718432;4221075;4453738;4754201;4496278;4482137;4713834;4341271;4130608;4500019;4221054;4536708;4477429;4216189;4599053;4517310;4732252;4589144;4278626;4441995;4381039;4247169;4263793;4307648;4370005;4179813;4485047;4136911;4427702;4311644;4581376;4118749;4356594;4449646;5009227;4381626;4598290;4430536;4661489;4550003;4130621;4180842;4098085;4182858;4105909;4123752;4034868;4624089;4750832;4607929;4558279;4622086;4726593;4543891;4391351;4325282;4499698;4449068;4781845;4306799;4343333;4897288;4042431;4849707;4547589;4443138;4171961;4332240;4893656;4254001;4353112;4405809;4498748;4319568;4158145;4216640;4241437;4441700;4884977;4333154;4224179;4456697;4411227;4596127;4283075;4846730;4105002;4472490;4384040;4447679;4466561;4471175;4282896;4555825;4566270;4509545;4301521;4124720;4288090;4190271;4279938;4252026;4388881;5166957;4527132;4150703;4551779;4525823;4562407;4477503;4278632;4331795;4669228;4249525;4407157;4531465;4425088;4766347;4544926;4374281;4408178;4365537;4671689;4171175;4569662;4466862;4221080;4360225;4751791;4699397;4327710;4424608;4641137;4337156;4681560;4627576;4617300;4988173;4097448;4263897;4381449;4121204;4437706;4300547;4370040;4057605;4618411;4498574;4293898;4449276;4608359;4179446;4380619;4632327;4636152;4586175;4614809;4529057;4743841;4396385;4798804
4237173;4368459;4261461;4533282;4287130;4684162;4129908;4648087;4456002;4494697;4463848;4810487;4292003;4563628;4557867;4484340;4546135;4539739;4170025;4287696;4459699;4577642;4220353;4135543;4422427;4299625;4549541;4391076;4254689;4583811;4439515;4144666;4612706;4131658;4347538;4360011;4150521;4618593;4304409;4526301;4370985;4437113;4686866;4640901;4502101;4571756;4546973;4199065;4397668;4423097;4267066;4636984;4120918;4558598;4367173;4649156;4413252;4281730;4259872;4315279;4361979;4329390;4723495;4618767;4017090;4368465;4174143;4499070;4183195;4553356;4096987;4296177;4437309;4710740;4362153;4706512;4410295;4616685;4190477;4375159;4212601;4348032;3977030;4108920;3976188;4376756;4399206;4534659;4643846;4518770;4652985;4636333;4556716;4429019;4134528;4455749;4269834;4795657;4334359;4316344;4604418;4146546;4931070;4572766;4461076;4247602;4309673;4834840;4391114;4509787;4604281;4484153;4290635;4252192;4126917;4455943;4425304;4669569;4227553;4316616;4379397;4145389;4658118;4175135;4652517;4252318;4480927;4519445;4443780;4286345;4314038;4309340;4663829;4508894;4440041;4395054;4218130;4284526;4264392;4497185;4246648;4441757;4843464;4418757;4373991;4523723;4557072;4517513;4466625;4430422;4382984;4690350;4387854;4409584;4564850;4321169;4641703;4351600;4336857;4634997;4230050;4445989;4225018;4397397;4637616;4237198;4134568;4589131;4464429;4458769;4520320;4751924;4311066;4467839;4619962;4564964;4910530;4181597;4477604;4465722;4199865;4433383;4240889;4304114;4138797;4767607;4490452;4336696;4334069;4648414;4104597;4239374;4918674;4771008;4534803;4567177;4583982;5008440;4480110;4645862
4524103;4567526;4242789;4443701;4346443;4758441;4152058;4409913;4489515;4508251;4605340;4556975;4325113;4670937;4671737;4608723;4666299;4696492;4377276;4354028;4433081;4341257;4427071;4417226;4544711;4490831;4604911;4454010;4313229;4865674;4362791;4212807;4675917;4220443;4484923;4707059;4312726;4614622;4512085;4646370;4372062;4434037;4753461;4571675;4534586;4559928;4409223;4117253;4432754;4203592;4497475;4500204;4452074;4700258;4214679;4727633;4656856;4325857;4540788;4341836;4505296;4648051;4592388;4642237;4262560;4708620;4111868;4583953;4183179;4659213;4038210;4386595;4403520;4911873;4588370;4612026;4520009;4352328;4533384;4317673;4329673;4294621;4201179;4152227;4200090;4383219;4422719;4383024;4717306;4492047;4658202;4608607;4381476;4253754;4253869;4527028;4548894;4814957;4458432;4479788;4794759;3962674;4791911;4614345;4399498;4483581;4256139;4796363;4248606;4813609;4468312;4682068;4379164;4228910;4064423;4297446;4468566;4452174;4381079;4332483;4606629;4317003;4742866;4557121;4673672;4320079;4504702;4478907;4367293;4471915;4522038;4413319;4530778;4389661;4729583;4522570;4257297;4306231;4312447;4213077;4317762;4429543;5050283;4401307;4116821;4581271;4654159;4349483;4547150;4413642;4331210;4693307;4497521;4565474;4785548;4643663;4645438;4710363;4582560;4540410;4354189;4564670;4258864;4254116;4805160;4177808;4334708;4673100;4749782;4527791;4549003;4689873;4395603;4531639;4732956;4615086;5047789;4368763;4224967;4508608;4180008;4625292;4501258;4333686;4269746;4735389;4498435;4525158;4582480;4635551;4140608;4226884;4717233;4862832;4584571;4674206;4673405;5094151;4398094;4843993
4417769;4498459;4314619;4505649;4370994;4737334;4045839;4362640;4380845;4461057;4696032;4534128;4417434;4323999;4537172;4610099;4515759;4489163;4300051;4198724;4410942;4557909;4583692;4273172;4355805;4454748;4422318;4396458;4281208;4753192;4289465;4287174;4629992;4052492;4464907;4408191;4057774;4835745;4558211;4563001;4442283;4360120;4584433;4687962;4238946;4820699;4481309;4200091;4352129;4258185;4407723;4787964;4380487;4509966;4299542;4760225;4664589;4093605;4623447;4257560;4575492;4367249;4538900;4422069;4190111;4526342;4213204;4509059;4358562;4678045;4298943;4533719;4292383;4911825;4548312;4831223;4312942;4238954;4419944;4507429;4333734;4364511;4344943;4314021;4259771;4349959;4347600;4435405;4742309;4511844;4689035;4625611;4486489;4340833;4188051;4451842;4395391;4875954;4364795;4110357;4733471;4291824;4668639;4468226;4405709;4264191;4329278;4835618;4225298;4527245;4445011;4643514;4397874;4403892;4072011;4246365;4428298;4477571;4378010;4316784;4537775;4464244;4885743;4241707;4711359;4204566;4279172;4499451;4363247;4328111;4428394;4246583;4600432;4425258;4493200;4319362;4182327;4350932;4328782;4460377;4182623;4389842;5042633;4486578;4150286;4592776;4516129;4507491;4600362;4547675;4047275;4616275;4273498;4410147;4723516;4527521;4660306;4510604;4481179;4515027;4379164;4560479;3877749;4200530;4691373;4188596;4290108;4654834;4647100;4457838;4247820;4850027;4418924;4497030;4683078;4619118;4856646;4347280;4286878;4577254;4393751;4658828;4348984;4667351;4114592;4549178;4296868;4369152;4497288;4596157;4084551;4083929;4618340;4642336;4426056;4661287;4703936;5085241;4217539;4797557
4066548;4222628;3995329;4102075;4172966;4298654;3976920;4287694;4233266;4073357;4158748;4162447;4117630;4390371;4201084;4354680;3916893;4229604;4256110;4050319;4011676;4238410;3944982;3995560;4166780;4318519;4224421;4171745;3991004;4173516;4028088;3972044;4358640;4077530;4158044;4199540;3923260;4487747;4038850;4364025;4012208;4339451;4269404;4064092;4153787;4298979;4196612;3771984;4326515;4087344;4145735;4116550;3849759;4349090;4142020;4417175;4288149;3767022;3886173;4057605;4372891;4117080;4286676;4317716;3989370;4393421;3897454;4120519;3939087;4026155;4010157;3827328;4088061;4371187;4340075;4382783;4064103;4108651;4073945;4049228;3930842;4057937;3886127;3778735;3704000;3803709;4201074;3983816;4216862;4176968;4341173;4276657;4177684;3938851;3829441;4255491;4127950;4404927;3927917;3981388;4380302;3794539;4428915;4415992;4215369;4051183;4022878;4545344;3990622;4231292;4071603;4285519;3917769;3948948;3776718;3921694;4230600;4484584;3809654;4093741;4089799;4043871;4191197;4047869;4325140;3962609;4077059;4280873;4158432;4002414;4056981;4024519;4356369;4003931;4272491;4027613;4003708;4007636;3974904;3988157;4090387;4181812;4595064;4114798;3814042;4186539;4191418;4327229;4535090;4048811;4051237;4316150;3951741;4069696;4429150;4183463;4313353;4331288;4072257;4285266;3990641;4425841;3774875;4110420;4299345;3955756;3868518;4394110;4237959;4189252;4117830;4278521;4183003;4021565;4233587;4376580;4658154;3918412;4088554;3998379;3965644;4263953;3848939;4217261;3987895;4300624;4294442;4203281;4306549;4263998;3916539;3916853;4467082;4254598;4316438;4164655;4333810;4534674;3873824;4456164
4647705;5023276;4765704;5164566;4771048;5104069;4597210;4933813;4863542;4858596;4873886;4919094;4857968;4900306;4900046;5091059;5160513;5076644;4838854;4715817;5051451;4844266;4837041;4786070;4979097;4967545;4851016;4817582;4657475;5097938;4699981;4881522;4740874;4529426;5053647;4920179;4684113;5330485;5011705;5139744;4617396;4921164;5079954;4878709;4989750;5139560;4708147;4635791;4819208;4581289;4919242;5017580;4539441;4895435;4705512;5331260;5068806;4620657;4970549;4745134;5121759;4781065;5034919;5057581;4637148;5048559;4519384;4934055;4619812;5132933;4504682;4743921;4746143;5025365;5026332;5233909;4767655;5120488;4942075;4870186;4747395;4697368;4959976;4487872;4605719;4706942;5046765;4995566;4987458;5206795;5274707;4974125;4657440;4751632;4831893;5001285;4650364;5253570;4700458;4869364;5323435;4472579;5167122;4824755;4975377;4707761;4897687;5526736;4912384;4988701;4700119;4852180;4829630;4808460;4492394;4745413;4853450;5089663;4751694;4692961;4708066;4922320;4924979;4554512;5031710;4663796;4812790;5001066;4802097;4885359;4974436;5038497;5034681;4838691;5059623;4859146;4946988;4817611;4554530;4720578;4705208;4801573;5562266;4732189;4409119;4875439;4931204;4845691;4897920;4821393;4796107;4983693;4722189;4964349;5179729;4975112;4940156;4820654;4870401;4828132;5000011;5128637;4600386;4553295;4914115;4559717;4610594;5002892;5282640;4775857;4821411;5161180;4884253;5040778;4883556;4998933;5397892;4802555;4673360;4931307;4806726;4894500;4571224;5004309;4592039;5039157;4839073;4862878;5050124;5080471;4545080;4630492;5279001;5253403;4978418;5089290;5013050;5519506;4676330;5196816
4164133;4492502;4056050;4412100;4420525;4564267;4332365;4459848;4259473;4477284;4438419;4610025;4233638;4521353;4488399;4641838;4708247;4484917;4284519;4246378;4315138;4425875;4429624;4224245;4278528;4379995;4301496;4334506;4253859;4515577;4019499;4247548;4447869;4028757;4542333;4413538;4300038;4536789;4510809;4485436;4198723;4506916;4444185;4566298;4396108;4662498;4230965;4257262;4417826;4442295;4271032;4382322;4238014;4473636;4214592;4703646;4535077;3985631;4349458;4228710;4406083;4243142;4542580;4465334;4182009;4690050;3978257;4360137;4300630;4249924;4020078;4410086;4311724;4643341;4507456;4667469;4372241;4308367;4372283;4302062;4139972;4115119;4149959;3980975;4321745;4454561;4371326;4423271;4406018;4510114;4526585;4510677;4337516;4407204;4321604;4423383;4225972;4575425;4311996;4221867;4724357;4021561;4729262;4329436;4413705;4199424;4430964;4887790;4167893;4633672;4210446;4499072;4097774;4353965;4078084;4253866;4179380;4811038;4042272;4094428;4495740;4349687;4340782;4134179;4612022;4102414;4507407;4434690;4317211;4347322;4647506;4256584;4474807;4395689;4414465;4333097;4175734;4412380;4297301;4341490;4178464;4347371;4922034;4504676;4343060;4386783;4279262;4565296;4690681;4407273;4125356;4515298;4455705;4371720;4476019;4182838;4580362;4227793;4288905;4299383;4360765;4617574;4084116;4352383;4431331;4123917;4137441;4714395;4378314;4359238;4280317;4411522;4453630;4359620;4569784;4536096;4825564;4275413;4398927;4456817;4064844;4511765;4485441;4360567;3911911;4358559;4383138;4313664;4566298;4505702;4111001;4122192;4702499;4585480;4421229;4794954;4450336;4835158;4213271;4676256
4568352;4788364;4484584;4787561;4738950;5044480;4141031;4682810;4684110;4760772;4704335;4831376;4656805;4817601;4827388;4925985;4652836;4786037;4461144;4326920;4638867;5003584;4768822;4410008;4483727;4752802;4538782;4533643;4597870;4921684;4713979;4416479;4847131;4363502;4662109;4618079;4374001;4914257;4717142;4857642;4568227;4612125;4967997;4622566;4639959;4764285;4640293;4428543;4794775;4402281;4606528;4769322;4657066;4768673;4598186;4820202;4696630;4295543;4522215;4566188;4602008;4666399;4589768;4749171;4357754;4831502;4371155;4556684;4512550;4845032;4533239;4677007;4643838;5156794;4713807;4957510;4684040;4601325;4663000;4436323;4352440;4484082;4344714;4265862;4479376;4569210;4786517;4498509;4733514;4826487;4881439;4768318;4689319;4496535;4500896;4707035;4619596;4992620;4534560;4570159;5096176;4393820;4964823;4679556;4699291;4419566;4669332;5010159;4571216;4786460;4567771;4843858;4467156;4439951;4294665;4393415;4316098;4922887;4286815;4533910;4487249;4381565;4873498;4387238;5035063;4470335;4612342;4787778;4676190;4577387;4780571;4728947;4974054;4565655;4766544;4558892;4534946;4531779;4535649;4487602;4487944;4591235;5402840;4804902;4317692;4789124;4664424;4766600;4927292;4843993;4459574;4755616;4452841;4602257;4948414;4800345;4831755;4838837;4627678;4645842;4768170;4732026;4324902;4667315;4699520;4435861;4347026;4963964;4657944;4748728;4513092;4777112;4617942;4688927;4990394;4804919;5264879;4540003;4618064;4800458;4628442;4794146;4473079;4481435;4159171;4891853;4503412;4768605;4754513;4788553;4295947;4295270;5073144;4995974;4607871;4936105;4827917;5194082;4425569;5223661
4400440;4624845;4255309;4598914;4507492;4813315;4358694;4686427;4293197;4672958;4725428;4798334;4556311;4611807;4527897;4622241;4617822;4770883;4556987;4481877;4489663;4607609;4783652;4188115;4593709;4696300;4715645;4442112;4357233;4895608;4463781;4295642;4735393;4260874;4725715;4768633;4457422;4831835;4609336;4853269;4456254;4503538;4652825;4732353;4474661;4889650;4520488;4355620;4636255;4406322;4626137;4733032;4388244;4652806;4388899;4928048;4960410;4520243;4653723;4406860;4760634;4618746;4912034;4516818;4303328;4722613;4171257;4435807;4291908;4815263;4090095;4365187;4464929;4873413;4703243;4878565;4344311;4494255;4714929;4483002;4395508;4262800;4460184;4186330;4238636;4417598;4332889;4520083;4713265;4632449;4696352;4986997;4594102;4401190;4142714;4474601;4193989;4817661;4312214;4395635;4897976;4013481;4884397;4325154;4584726;4498666;4546109;4807037;4463574;4466047;4384183;4622201;4409677;4457013;4206869;4599239;4672353;4649014;4276112;4468449;4620126;4591867;4752624;4352633;4564439;4462143;4509318;4428513;4568818;4499222;4613328;4444893;4688746;4609419;4614314;4463155;4261862;4487524;4573899;4581669;4384264;4494512;5133294;4586023;4397436;4530396;4604138;4518228;4525414;4474728;4265337;4840586;4554633;4369601;4646318;4494905;4886621;4572961;4376176;4572106;4394130;4741374;4225432;4501039;4682206;4446040;4455958;4688117;4424264;4730057;4528764;4738967;4438759;4517726;4606047;4704716;5013200;4467713;4481672;4713302;4610563;4593358;4576784;4453558;4145506;4581331;4691405;4574657;4623389;4487096;4228165;4157988;5089198;4887664;4658156;4839569;4617455;5058932;4418269;4932829
4948834;5142595;4674898;5143352;4913887;5245853;4744860;5032279;5088309;5143077;5015389;5427732;4835500;5244744;5138218;5303782;5038017;5087796;4832495;4708868;5141361;5078559;4825858;4846755;5010645;5122130;4935935;5174387;4875104;5305593;4940078;4787454;4986266;4662270;5073094;4913125;4694335;5240828;5023842;5255516;4786009;5142859;5242328;5206072;5084040;5289385;4999387;4739034;5009211;4881790;4975413;5104041;4641692;5018600;4886290;5440013;5171813;4707264;5008615;4859712;5116803;4709192;5092700;5081792;4648681;5129482;4673675;4954952;4814764;5034835;4751219;5031032;4901725;5489561;5136845;5305627;4727067;5082428;4860241;5101479;4934470;4701562;4864460;4785244;4807107;4887260;5222565;5037089;5239499;5066177;5434987;5226737;5048594;4965497;4683844;5132754;4893488;5513563;4833970;4807338;5249931;4770403;5303570;4861429;5189473;4855633;4898226;5476402;4916324;4992540;4842157;5083260;4733514;4783260;4718620;4867360;4949763;5076346;4767791;4767288;4996044;4927318;5235957;4646050;5325800;4607611;5074720;4945467;5100183;5036031;4953962;4859117;5147755;5224727;4982430;4946309;5017095;4764545;4739117;4929256;4770004;4808205;5769999;4992977;4634171;4983136;5153516;5160380;5014544;4821792;4906232;5092300;4795907;5087111;5200384;4873010;5170051;5005903;4925030;5020218;4810242;5206988;4745666;4822813;5064841;4898504;5094079;5433371;5253662;5088677;4958141;5312171;4956613;4994173;5119369;5291362;5576419;4834518;5011093;4965347;4920082;4967982;5114426;5017251;4496872;5179414;4950420;5127725;5080752;5067880;4633876;4711636;5469569;5269917;5414692;5323741;5272691;5484241;4881620;5455021
4613027;4858123;4795487;5163234;4826994;5128755;4604806;5030926;4766092;4910412;4996669;5142066;4791727;5189726;4920722;5018914;4894777;5034489;4703506;4654576;4893803;4923105;4797760;4773308;4958286;4975103;4843900;4671933;4889484;4983481;4786078;4563508;4990765;4634748;4924749;4847005;4767267;5138232;4928930;5080773;4890036;5015685;5224837;4952610;4941463;5163597;4917583;4574512;5022158;4751117;4739746;4974927;4832695;4997381;4617833;5193439;4899184;4594356;4945063;4711935;5178614;4766837;5020715;5113018;4644935;5079363;4719624;4948598;4597422;4916317;4505018;4683257;4779267;5022587;5167476;5081550;4647804;4961142;4793614;4821999;4783279;4654329;4737585;4523386;4777688;4722217;4908152;4790265;5033106;5098125;4944158;5114394;5031333;4541304;4470901;4821824;4570537;5257067;4666015;4669683;5169865;4437584;5254438;5006238;4625180;4690412;4629538;5405124;4749579;4907496;4885161;4767915;4671072;4691711;4681832;4644518;4856591;5258044;4766571;4700817;4923154;4801730;4870690;4584616;5059436;4809638;4722999;5029992;4844974;4665190;5051651;4941061;5211741;4885535;4957078;4706785;4614174;4678463;4696497;4749855;4803331;4880987;5551840;4995825;4524241;4945618;4861639;4935058;5089753;4955929;4737496;5119531;4727365;5012924;5219344;4722577;5035669;4957905;4641133;4725082;4820612;5126090;4447643;4510090;5133188;4677439;4546402;5214469;4916861;4921864;4865307;5118827;4773147;4995822;4959383;5047522;5599543;4825369;4782289;4925176;4772559;5005385;4865926;4694764;4578189;4881536;4781761;4812469;4972125;5019510;4626466;4547182;5295376;5258734;5074174;5176956;4902527;5418962;4846569;5285424
4407163;4602961;4260683;4779984;4407839;4791861;4259849;4621654;4469886;4715411;4808615;4875878;4480191;4688234;4597455;4703234;4707050;4660327;4554810;4410808;4755348;4671639;4626734;4247265;4631180;4668534;4648524;4608063;4554330;4856514;4581196;4590625;4572403;4449499;4894373;4396074;4414433;4864043;4662870;4647035;4578937;4635077;4888527;4656373;4597293;4926240;4600580;4339241;4794178;4696424;4441106;4783404;4465173;4965304;4611415;4783707;4764443;4475492;4613361;4478219;4471839;4503593;4559354;4668034;4316723;4829743;4233344;4592066;4584609;4928168;4536189;4223532;4504900;4707558;4675902;4713326;4442631;4746790;4814957;4594094;4365360;4502836;4524659;4384225;4281179;4317753;4730951;4712518;4700026;4719145;4980530;4623281;4539842;4604479;4393776;4867983;4378832;4880112;4562360;4351396;5053062;4413469;4789325;4727992;4840542;4494065;4719797;5032073;4478873;4704621;4470650;4650656;4227818;4336780;4257948;4492890;4380240;4619582;4475533;4388669;4613156;4524577;4741577;4421874;4772346;4404088;4645570;4537915;4693971;4635473;4719105;4507878;4881952;4738533;4568678;4549463;4495862;4546528;4261259;4504099;4372264;4624403;5341764;4573843;4439635;4558702;4542856;4662711;4761492;4747465;4462369;4596858;4446245;4757424;4882914;4709970;4912943;4603029;4596213;4631749;4481205;4879317;4179508;4368177;4607354;4345684;4405614;4771367;4883615;4492811;4407523;4983548;4658266;4803041;4712873;4635565;5119691;4465598;4487069;4497603;4512773;4770158;4352042;4533387;4056706;4830552;4557533;4659527;4730988;4744476;4323675;4295414;4787361;4746063;4970429;4694703;4832799;5109027;4678699;4922228
4349210;4668219;4065349;4581544;4422277;4919304;4269611;4574131;4648511;4476052;4513186;4691543;4543658;4476425;4808888;4791588;4523702;4533301;4401349;4416061;4399202;4604196;4440235;4316881;4494249;4822128;4565779;4440987;4368573;4678640;4440810;4494637;4653200;4315768;4708449;4445419;4101311;4905724;4498784;4496023;4392760;4691950;4731304;4524703;4494311;4853582;4583802;4100477;4659570;4501089;4466606;4615586;4425035;4678133;4467421;4667032;4556603;4145721;4464755;4429585;4649510;4507951;4786575;4626027;4296028;4492829;4172285;4517456;4651467;4621669;4356051;4393714;4444308;4850389;4633005;4792975;4245942;4362997;4474023;4463473;4224334;4463809;4182176;4128376;4352203;4175697;4633686;4484270;4494833;4674626;4825291;4830276;4344688;4510720;4290866;4662353;4270392;4652019;4381333;4321199;4768724;4355480;4642162;4624109;4609407;4522740;4281922;4860548;4403346;4538031;4424006;4650623;4189180;4439959;4279889;4383054;4372045;4819791;4309136;4303820;4415942;4348788;4577268;4421144;4715648;4381056;4470888;4412727;4450584;4671373;4650952;4306438;4718132;4609439;4388746;4471859;4299268;4494845;4296850;4543506;4369349;4485061;5238566;4373084;4322797;4455194;4357384;4727022;4695343;4301592;4279731;4560158;4186092;4385604;4846543;4559417;4772495;4551044;4322959;4679926;4447005;4922266;4026415;4306844;4488674;4434219;4256002;4666106;4691226;4543536;4412552;4718889;4533024;4572836;4360726;4802714;4618284;4260703;4424672;4107034;4264411;4669383;4233829;4658346;4133246;4766009;4623312;4567151;4650292;4544329;4397634;4293399;4770893;4572238;4840629;4537351;4706521;5013173;4517622;4965269
4544555;4767226;4539357;4810273;4575578;4923788;4161342;4698860;4619210;4750887;4961132;5062178;4680209;4864683;5007323;4855469;4780339;4935760;4572141;4455412;4843253;5019005;4855451;4483059;4760731;4895907;4706770;4889782;4532667;4947905;4700911;4679657;4811712;4578166;4876726;4670217;4390511;5040221;4679014;4884620;4690621;4756288;4854671;4928663;4616301;4955063;4979901;4272256;4737708;4735079;4653229;4754478;4489155;4766498;4752364;4971047;4577729;4354670;4528011;4556479;4763365;4713500;4803984;4919211;4483895;4973333;4301094;4757547;4741904;4727480;4672935;4543480;4698448;5045414;4725083;4886390;4704315;4565970;4787152;4596865;4615170;4636454;4616875;4499869;4471176;4461993;4826875;4738644;4804419;5017351;4994811;5004888;4850120;4714504;4269173;4795041;4606485;5114713;4511559;4355557;5104021;4357342;5072687;4986297;4680452;4472347;4596216;4949940;4627601;4834977;4760520;4879738;4395584;4581914;4559148;4576148;4617735;4962529;4453283;4622763;4641853;4525105;4984871;4682898;5131447;4567879;4780924;4509012;4675588;4772193;4788692;4802747;4991797;4869920;4569260;4742291;4673322;4592722;4709859;4748256;4559267;4856378;5489617;4892409;4305895;4584250;4819286;4712902;4759620;4594640;4524374;4802768;4545091;4861983;5062068;4861606;4900189;4778556;4793514;4978161;4548080;4744298;4503003;4472458;4802819;4510032;4466351;4801466;4889141;4895729;4591300;5164862;4396867;4915674;4914196;4837482;5274438;4689098;4643246;4469953;4826552;4852370;4584911;4718423;4217938;4869293;4644961;4658508;4713720;4862662;4549009;4543189;5147711;4924285;4969699;4956874;4796492;5153006;4815218;5058897
4338892;4132834;3940070;4301017;4129895;4503005;3836743;4074063;4274124;4234818;4257819;4422327;4161192;4268341;4319995;4292749;4221536;4162452;4100922;4079116;4190479;4429924;4236243;4137720;4331370;4391311;4298629;4232500;3920457;4523288;4152224;4002342;4232329;4130797;4209939;4055257;3895880;4566892;4156392;4429727;3966369;4158240;4522539;4174634;4112259;4501203;3983957;3866389;4141266;4121854;4050098;4231011;4297598;4187416;4034390;4444098;4183320;4080784;4151084;4230044;4207909;4143815;4145305;4430964;4036597;4264245;4015044;4179401;4272610;4456098;4263438;4109554;4196841;4675541;4308964;4432229;4104720;4243961;4186666;3919582;3977345;4280082;3906451;4018562;4056104;4167800;4379492;4089555;4519876;4413526;4595587;4575985;4252706;4133079;4008312;4418861;4004826;4501305;3976908;4045815;4479905;3812313;4538920;4317511;4149072;4135383;4316200;4439373;4188000;4252268;4268536;4382221;4117066;4047102;4203196;4124418;4010224;4510338;4157590;4061324;3968662;4143671;4421775;3885861;4590932;3864316;4310124;4197538;4231141;4203858;4113895;4317069;4372626;4272676;4276357;4149793;3948859;4083524;3949128;4392779;4090591;4209102;4821491;4209866;3861743;4092476;4249789;4495623;4319227;4082720;3949235;4445583;4108862;4156040;4502082;4185022;4610668;4201651;4090493;4214623;4331473;4446560;3859846;4182464;4173775;3996124;4083387;4751502;4250916;4147923;4087744;4369595;4244128;4391380;4295864;4295897;4744046;4039345;4191774;4137749;3993397;4173793;4153555;4253207;3760426;4216600;4297542;4111323;4160943;4297902;3933016;3940077;4597277;4689194;4458013;4212195;4318606;4721137;4118737;4626360
4412181;4587300;4346872;4594842;4379534;4358622;4301530;4544927;4505064;4429189;4396740;4657271;4467826;4641706;4596501;4642767;4218935;4684455;4311652;4155789;4181221;4501170;4535873;4129857;4559381;4607154;4614182;4339289;4480497;4678325;4409296;4405371;4541431;4304345;4776314;4388437;4250202;4629704;4358941;4473873;4393286;4557863;4630945;4578456;4666992;4757194;4598570;4031702;4611708;4606704;4473821;4624840;4232338;4712164;4321973;4795111;4397974;4283693;4294608;4236841;4575203;4460036;4589475;4601500;4308914;4519540;4297439;4710199;4308555;4719236;4293386;4467334;4578677;4938700;4583676;4668531;4466236;4462346;4404338;4141265;4313845;4311565;4175741;4231668;4124821;4300600;4762642;4557514;4661536;4807308;4618132;4605008;4598314;4341983;4156640;4644976;4297659;4790313;4325044;4165982;4903020;4068720;4797898;4691752;4351129;4261995;4288576;4791899;4273176;4511080;4351592;4565502;4158378;4370303;4057640;4326769;4421570;4762128;4035553;4331144;4484790;4296277;4769077;4186805;4797565;4365782;4495683;4531899;4328467;4468248;4475609;4185777;4833891;4439931;4374213;4415206;4394766;4372995;4304672;4367470;4385666;4460419;5053973;4595617;4165048;4519721;4614929;4627664;4716961;4495367;4291089;4510533;4363164;4487678;4901326;4471471;4837078;4733914;4386681;4300910;4466313;4746808;4290691;4319844;4642264;4278259;4228608;4790856;4610962;4443644;4466140;4673901;4384182;4658250;4739358;4504409;4944943;4326963;4522419;4467863;4406067;4750251;4247061;4483037;3922953;4591684;4570895;4488801;4575630;4655462;4430516;4313056;4994478;4804199;4632406;4707572;4523840;4883225;4231457;4847046
4038801;4565902;4298598;4507085;4726551;4521776;4144340;4514013;4331555;4323539;4411696;4485892;4382415;4676651;4474865;4643699;4259625;4562805;4273767;4195997;4526019;4348425;4339352;4156067;4324016;4791374;4516089;4253438;4271168;4650910;4273277;4556529;4529307;4200517;4479207;4591600;4187526;4642580;4388623;4709749;4319771;4459871;4698378;4340902;4298788;4600468;4223804;4065112;4516864;4270719;4256274;4263205;4266894;4677763;4375722;4837772;4469609;4116896;4435157;4329994;4655026;4515946;4805442;4383232;4261971;4429586;4168475;4322302;4165794;4579103;4142049;4263485;4413418;4877067;4574756;4526322;4273905;4553426;4350058;4394112;4337317;4111163;4120677;4008317;4212897;4334637;4500659;4237845;4613051;4747555;4594244;4815142;4403711;4169825;4293620;4492456;4276790;4640935;4256531;4459214;4738907;4037788;4712910;4493963;4426824;4298928;4276363;4859778;4269139;4560011;4348918;4610602;4306979;4238806;4219650;4147910;4261976;4607526;4359539;4198615;4130372;4310653;4572599;4116706;4522850;4228768;4433662;4344419;4223501;4481928;4480045;4127291;4589062;4488761;4598962;4266571;4129216;4449564;4139342;4482628;4290752;4362852;4855948;4421517;4214954;4342732;4469293;4425018;4590218;4335177;4401329;4760569;4336064;4371870;4619260;4440923;4550761;4410725;4428435;4508944;4382878;4528412;4082719;4283112;4596209;4212167;4218995;4821239;4397227;4465085;4356270;4465905;4360269;4476896;4505083;4752428;4802155;4143525;4171764;4392490;4122436;4587762;4231850;4268646;3897651;4573335;4433138;4295331;4433251;4620032;4097181;3930452;4689247;4716615;4576815;4586862;4507288;4911920;4560571;4579904
4289421;4408866;4156525;4387449;4318902;4736912;4070879;4360388;4321140;4666021;4558626;4597244;4304841;4662612;4637162;4507484;4539433;4556610;4353764;4287342;4395147;4429519;4430438;4124953;4292364;4656163;4511922;4403661;4199488;4675987;4159732;4184148;4619148;4241846;4381957;4256331;4398909;4721731;4482588;4554232;4280588;4555673;4562597;4497816;4392841;4698511;4160882;4004238;4314094;4152622;4304410;4593616;4345767;4294289;4214650;4619024;4763662;4101584;4442548;4328991;4489229;4306980;4604479;4732447;4204823;4473665;4147221;4500260;4072503;4453962;4080047;4463374;4170299;4705329;4473223;4637425;4358542;4466615;4241068;4270945;4222714;4260017;4110224;4121324;4234612;4388614;4582172;4482297;4668553;4476510;4613712;4681686;4137901;4291138;4303022;4559299;4325815;4633475;4048402;4312860;4796716;4113002;4598563;4437281;4309308;4401686;4444810;4712329;4195835;4483591;4229416;4493560;4328929;4244356;3928079;4459370;4416727;4614090;4234121;4148138;4449760;4330391;4497797;4253215;4666085;4277585;4412695;4503102;4428691;4515448;4510992;4488167;4475207;4501627;4553741;4345803;4291060;4242898;4199626;4484903;4118398;4616148;5028556;4205746;4267835;4612767;4352580;4293078;4607014;4380295;4392194;4796206;4435535;4263153;4585869;4536325;4469370;4279380;4320318;4355796;4389252;4519982;4149150;4461948;4494352;4103463;4001310;4822149;4587443;4435323;4500341;4737157;4448425;4585617;4284930;4585529;4701062;4175971;4397700;4375715;4282360;4500675;4423792;4299461;4243781;4478349;4145418;4216537;4666277;4549253;4209208;4108383;4821699;4608926;4555639;4534811;4366081;5082789;4336401;4934301
4217612;4454274;4044447;4451400;4423901;4785929;4118209;4235066;4412874;4387385;4595030;4642209;4383188;4472448;4662933;4481738;4390921;4549891;4376894;4252885;4539452;4559040;4369688;4319655;4535399;4640851;4534372;4275739;4350541;4737182;4557657;4247453;4490996;4163740;4558128;4462471;4151935;4715183;4480916;4711468;4153114;4313517;4459111;4452782;4487174;4580761;4386389;4229963;4587257;4396393;4341719;4372927;4291036;4750578;4280357;4594563;4589675;4088209;4403909;4355831;4511850;4575919;4780297;4229181;4193365;4560585;4241471;4469061;4371909;4694985;4231308;4242368;4379356;4674369;4414982;4761910;4400626;4664798;4415343;4336981;4116473;4259248;4195455;4024840;4160855;4229589;4439391;4278386;4644385;4807757;4554859;4781616;4501434;4406387;4384612;4452318;4237625;4557007;4262919;4244456;4753131;4087050;4629082;4434957;4472176;4330893;4233414;4998721;4412860;4360422;4336218;4409167;4421758;4394395;4173951;4578115;4336506;4596632;4190294;4319329;4477183;4319668;4540397;4200370;4563668;4232962;4541925;4456513;4310594;4430010;4631622;4388367;4474863;4430955;4579925;4346865;4271550;4438295;4410674;4542716;4044716;4471608;5212610;4424179;4053227;4291869;4603797;4523633;4392326;4442306;4261605;4678929;4394774;4449313;4691525;4448804;4636363;4517799;4306209;4616078;4349087;4561407;4032677;4261885;4557612;4153184;3984320;4607243;4532474;4495837;4316093;4386231;4503383;4575466;4459571;4577684;4748984;4190133;4391572;4445375;4101611;4471721;4243995;4305296;3967325;4609705;4441957;4261142;4263049;4314331;4244613;4096222;4574839;4771267;4492302;4447612;4681858;4941423;4560736;4762036
4181282;4271471;4101107;4570516;4224709;4475879;3892147;4484933;4174521;4401945;4213854;4602303;4462879;4481622;4423346;4432106;4354772;4338462;4181664;4183236;4121103;4362314;4367710;4164136;4205956;4395954;4322592;4052094;4277140;4470317;4117959;4054140;4401027;3907612;4443869;4385569;4048019;4512002;4225404;4588184;4182584;4311553;4419031;4294307;4301927;4340922;4118445;4092317;4482416;4364365;4278843;4516666;4172523;4527577;4292604;4491356;4413135;4221935;4317082;4144956;4334942;4164043;4592266;4304577;4006955;4626543;4027441;4201032;4163270;4255415;4130036;4063869;4102101;4437826;4515094;4525665;4150028;4261725;4410172;4053957;4105451;4097735;3996284;4053248;4091882;3965608;4349416;4338961;4546467;4496979;4390016;4465916;4119596;4384971;3890999;4316671;4163406;4426430;4052696;3989072;4611297;3969909;4591847;4236395;4445605;4151112;4197279;4657827;4289644;4400657;4257187;4412620;4183689;4188720;3891233;4234704;4099064;4704972;4023215;4222101;4234694;4161875;4441068;4156131;4490434;4133378;4332395;4310636;4365010;4227851;4282142;4357044;4467841;4501309;4163659;4291768;4107551;4120025;3990773;4370649;4240355;4246789;4921309;4074180;4168820;4262690;4284686;4332104;4160890;4299579;4088125;4352063;4313492;4200624;4523350;4397884;4471517;4253657;4057885;4292474;4211502;4540111;3958448;4102624;4399231;3890998;4356124;4522814;4473641;4419012;4410897;4474524;4378660;4409858;4492653;4444761;4648941;4165352;4563580;4093207;4193501;4205852;4168008;4318731;3889973;4459274;4558085;4283262;4523745;4565611;4203700;3990622;4707197;4587198;4620176;4482835;4317488;4720954;4221694;4510417
4303354;4612891;4366282;4555746;4552722;4942536;4189732;4803277;4635462;4726014;4838824;4892419;4493742;4816097;4529171;4579808;4366063;4630061;4232719;4279961;4382234;4609811;4460047;4228544;4489764;4704620;4481478;4453762;4561375;4907901;4478703;4394399;4649623;4290612;4520703;4527038;4311554;4765393;4565271;4709019;4497015;4523243;4845265;4603623;4458920;4950779;4325860;4418602;4759968;4547518;4387073;4768132;4402003;4874105;4477934;5086402;4580755;4333812;4658420;4408264;4841924;4475281;4658314;4550847;4249360;4669052;4152503;4526206;4358989;4718081;4366645;4510183;4447661;4895429;4544052;4907214;4453124;4620298;4601744;4488948;4309749;4237658;4218901;4362664;4449260;4356560;4644059;4568661;4742099;4831897;4820526;4722439;4710443;4590079;4287396;4566185;4372834;4785912;4475747;4527041;4901717;4270621;4787747;4622027;4557549;4431231;4589698;4959899;4378835;4870704;4608922;4603005;4380046;4442509;4183856;4305851;4531927;4885701;4282958;4371992;4502807;4405570;4745196;4421417;4895605;4429116;4487384;4454949;4516783;4548488;4483087;4578316;4757016;4537775;4699274;4570714;4508420;4487711;4318211;4620432;4490759;4463703;5217094;4596667;4175377;4568480;4677815;4711434;4855030;4626867;4323859;4922832;4329213;4320884;4982501;4738915;4786824;4453995;4299091;4656454;4589107;4792999;4386178;4298692;4414923;4308437;4143931;4880186;4733745;4597727;4520770;4720290;4460939;4672915;4873806;4793206;4999124;4400531;4606200;4543564;4305916;4613973;4453427;4367396;4012173;4645160;4566092;4653370;4555180;4789656;4321027;4230361;4903029;4632805;4748367;4722929;4584579;5155079;4438098;4949694
4441378;4638173;4187603;4464749;4505176;4808079;4172922;4483710;4441704;4538488;4535057;4804218;4473872;4735409;4674681;4537870;4673780;4742642;4398281;4370570;4493485;4735876;4515875;4220461;4531733;4674341;4702543;4379268;4386976;4894543;4370390;4421159;4667678;4126196;4625342;4577071;4132254;4941586;4384896;4665551;4245344;4448776;4739253;4752282;4558060;4672400;4549661;4260733;4491069;4522187;4471508;4788619;4476077;4621162;4480490;4744769;4615412;4133909;4527152;4412475;4362778;4528584;4758538;4548613;4181069;4636105;4115049;4537100;4314391;4662916;4303973;4436990;4597066;4823770;4664268;4831115;4606538;4511867;4505842;4520515;4468617;4492476;4306139;4256976;4400696;4364361;4843534;4606581;4859442;4625517;4688766;4767452;4528087;4582126;4291253;4741225;4750868;4852258;4442855;4254161;4904424;4200153;4697023;4605051;4729697;4391243;4617434;4820555;4327785;4524252;4563194;4661876;4378819;4297993;4238064;4516879;4283343;4731734;4049645;4308958;4576987;4416441;4760421;4478298;4816918;4241068;4531837;4662902;4357791;4453356;4549833;4645264;4858560;4752447;4468546;4425829;4369573;4436827;4291136;4705904;4389103;4423410;5260307;4582409;4287790;4726083;4497997;4487795;4617578;4446500;4451771;4789950;4526148;4434586;5003904;4634845;4742904;4445579;4554324;4619906;4537478;4762140;4169666;4497210;4510038;4382743;4280802;4693210;4666810;4504200;4497530;4795218;4336062;4504403;4632838;4772820;4942560;4309755;4647956;4425468;4475024;4556992;4555676;4449224;4278944;4634713;4537753;4723602;4585183;4713094;4225958;4168841;4956110;4761721;4680906;4614331;4915429;5045233;4475220;5037506
4259523;4168873;4058111;4191240;4289282;4694699;3967884;4323412;4292991;4403395;4245657;4530746;4354578;4369935;4560609;4410220;4321377;4353816;4035182;4136728;4343735;4318040;4376980;4225656;4122742;4363760;4295552;4317120;4163748;4682367;4191670;4319228;4466990;4177881;4224537;4207236;3900609;4574989;4291561;4513442;4164701;4449718;4481959;4433814;4293528;4519298;4436794;3948150;4204601;4450642;4206410;4328671;4041147;4235616;4117784;4373507;4419534;3921162;4226767;4149392;4282768;4190001;4333786;4223280;4072947;4395455;4050616;4350467;4201989;4425247;4339044;4059610;4336528;4649204;4276036;4530037;4354310;4182593;4207387;4151799;4179836;4173869;4180221;3990439;4056065;4118875;4530140;4309559;4480023;4395066;4568163;4467856;4370889;3956720;4253227;4579475;4271734;4571209;4045671;4028296;4691594;3942267;4439926;4350317;4527378;4096546;4252181;4502837;4316849;4397457;4287392;4518465;4115058;3979098;4044018;4289371;3989045;4491857;4052862;4104233;4046059;4192101;4387927;4209806;4620053;4094975;4166417;4177489;4229847;4450800;4311791;4175356;4469587;4359250;4405851;4239744;4070606;4240520;4067929;4299649;4290689;4319585;4896680;4229464;4133541;4142477;4228800;4500647;4383438;4153247;4094632;4317183;3995551;4234098;4503559;4473411;4685054;4329012;4374168;4523689;4247240;4390832;3995870;4292551;4374730;4136827;4107883;4356974;4574321;4379748;4261557;4479544;4178917;4428895;4436624;4543184;4772555;4124251;4297436;4090627;4156635;4373190;4098448;4260444;3788441;4379193;4150441;4123623;4328183;4507705;4045316;4000105;4440655;4474733;4437433;4354844;4380083;4869021;4203480;4689403
4239118;4494718;4287890;4425715;4431369;4627840;4256548;4548387;4504432;4436287;4354852;4704105;4303031;4563348;4596367;4474450;4280261;4585827;4085910;4187120;4076128;4570852;4577466;4168035;4343457;4371514;4461042;4371899;4348751;4656823;4185123;4434955;4548577;4049786;4497784;4429296;4256446;4688372;4430289;4776830;4261567;4463039;4711413;4466248;4315663;4527117;4486981;4060754;4340947;4543146;4417571;4634406;4259708;4635785;4434135;4708812;4513574;4176237;4234899;4317335;4387358;4344165;4575823;4427125;4122266;4670620;4322194;4232546;4410005;4506255;4268167;4419001;4444875;4752088;4499045;4505709;4264896;4475633;4372014;4161260;4166202;4178232;3944499;4037204;4122052;4294931;4637434;4575156;4637914;4625646;4666273;4559429;4432117;4430518;4152966;4615696;4377645;4830163;4320017;4281665;4646366;4124257;4841683;4585641;4507846;4277602;4344256;4845119;4334698;4681582;4431211;4521112;4251171;4191514;4057739;4256215;4315081;4652690;4062592;4355948;4385457;4245566;4570185;4175498;4576794;4215705;4617530;4475242;4301524;4458952;4382143;4307389;4610501;4478795;4540284;4266328;4224929;4238685;4177420;4436165;4373745;4347425;4822496;4778769;4203814;4442457;4544814;4706282;4495882;4460333;4230939;4552424;4503733;4426840;4830806;4511869;4633257;4558361;4454396;4582064;4375150;4642541;4292993;4310614;4452872;4105147;4340883;4575158;4707142;4324745;4346315;4532796;4402980;4496935;4596618;4510264;4868618;4219803;4361782;4274655;4300636;4427278;4180817;4571609;4078955;4546977;4423196;4240137;4556250;4255948;4185443;4312498;4724796;4652865;4640732;4642399;4633531;4903013;4257306;4745415
4431856;4699287;4407782;4478440;4790215;4865214;4333423;4841280;4644694;4738472;4945572;4800789;4641554;4741700;5021260;4876184;4727824;4650739;4480982;4601429;4713379;4744247;4728366;4536513;4624572;4807868;4540946;4730717;4297025;4890470;4491356;4448833;4834499;4491011;4856025;4675468;4480718;4999401;4830427;4779494;4420467;4672414;4815269;4626636;4700520;4895587;4553451;4299943;4669972;4689862;4461014;4574788;4438305;4741706;4353790;4840811;4508020;4198102;4490147;4549317;4758429;4543683;4820420;4620673;4319623;4735606;4410346;4710064;4250586;4778466;4481206;4698031;4530932;4878656;4593181;4933805;4634493;4489400;4406051;4625311;4393460;4552301;4448220;4039828;4485541;4625200;4736319;4593299;4772845;4634467;4886399;4825980;4438154;4401034;4640250;4736372;4546435;4917233;4300515;4481661;5062788;4249144;4857979;4825898;4417787;4500936;4542623;5037034;4605646;4929398;4474503;4851466;4414987;4455887;4377534;4540775;4700139;4929411;4612302;4443131;4654241;4591203;4806745;4402148;4897198;4404674;4708901;4410141;4503501;4653751;4661378;4519618;4850797;4696373;4764531;4616782;4411033;4643565;4414202;4496718;4351139;4703346;5293525;4616414;4329417;4652039;4668195;4709730;4880408;4683873;4623271;4804228;4547663;4649703;4954625;4714125;4910033;4789899;4736052;4583837;4536980;4815409;4179757;4561987;4787005;4451278;4277778;4980370;4774807;4649801;4669026;4820888;4720739;4951980;4719009;4789885;5128119;4430381;4302771;4583136;4417822;4879844;4376714;4559327;4148083;4766258;4428416;4504942;4704240;4788965;4422544;4278367;4816108;4763926;4535429;4788385;4586931;5216185;4681949;4940237
4442376;4433633;4201417;4552151;4353339;4715753;4272607;4560837;4340288;4447274;4472923;4609283;4446409;4586207;4635658;4692174;4547481;4422283;4303832;4293397;4455203;4606976;4458942;4241551;4467664;4311247;4379773;4052993;4389128;4479698;4444054;4582557;4409265;4201958;4700606;4332825;3988558;4679074;4334830;4657489;4359245;4576447;4660561;4462446;4419474;4801045;4416407;4108508;4541157;4227134;4217461;4496709;4269549;4687975;4544488;4777757;4563154;4200199;4187900;4267729;4703250;4470903;4460479;4549876;4258635;4742141;4082373;4442087;4316159;4656523;4353774;4309084;4029903;4619647;4532142;4716083;4467907;4558726;4390503;4430139;4204628;4256304;4256505;4332790;4184118;4254632;4734925;4492376;4605737;4653483;4805854;4778106;4424238;4292402;4123682;4498691;4120467;4782110;4180549;4168219;4890414;4165169;4572121;4494849;4509873;4374125;4216725;4809946;4257477;4539615;4407711;4286329;4221588;4236930;4107633;4117606;4278262;4721560;4248608;4303587;4511037;4211873;4464987;4504802;4734370;4089412;4543660;4452578;4281791;4317695;4526914;4321362;4732382;4559319;4460615;4454961;4517449;4207408;4156065;4351724;4316478;4499881;5017379;4376033;4169036;4532826;4487809;4631530;4530043;4402943;4414164;4378152;4318779;4315611;4532680;4328884;4518620;4512703;4484778;4508573;4270214;4601686;4190716;4342107;4699911;4070428;4095966;4592058;4640068;4518959;4341305;4701489;4365422;4539540;4609617;4304113;4899429;4416162;4646265;4392072;4199861;4465155;4276851;4372688;4167285;4533022;4355631;4306817;4429670;4653014;4043212;4302348;4594167;4743436;4567749;4880524;4692785;4824697;4234922;4700747
4342574;4470418;4080721;4583531;4440661;4828585;4256102;4618166;4654663;4546087;4520222;4696353;4317343;4429350;4686545;4654456;4540219;4370987;4596975;4320882;4413031;4531106;4324300;4374023;4257425;4546248;4337606;4622352;4378005;4649335;4445453;4307911;4613354;4110017;4442374;4444943;4181901;4721979;4646400;4542098;4338818;4571841;4755966;4434560;4257603;4672266;4446375;4026665;4655338;4301603;4262903;4608144;4354401;4524572;4464943;4538691;4566092;4159321;4435394;4287940;4658953;4363983;4416193;4434931;4066841;4594031;4139032;4506064;4236233;4579302;4397586;4436851;4383250;4876140;4553136;4831099;4172997;4557876;4516132;4417348;4162644;4260375;4393199;4240892;4043653;4130193;4656927;4603884;4462840;4634581;4720158;4307373;4313862;4269478;4345890;4514946;4382273;4803745;4365104;4387836;4785377;4149712;4779790;4530745;4479699;4100945;4458296;4673116;4286861;4596639;4319323;4569062;4180436;4410912;4301503;4283178;4389321;4581883;4323694;4347693;4359016;4276292;4633181;4455214;4911140;4260085;4354732;4470344;4380338;4415962;4559032;4480821;4624121;4450816;4551107;4380517;4415963;4269252;4159537;4275074;4299072;4594979;4971893;4339251;4144335;4446203;4501335;4444330;4617226;4432636;4391086;4491139;4275176;4508230;4601203;4471193;4443967;4537819;4284402;4562610;4247651;4505355;4134736;4367983;4379053;4247254;4090145;4725440;4595970;4653955;4224528;4629613;4400600;4354831;4438884;4692856;4864394;4271640;4426099;4250828;4126467;4553262;4473565;4421434;4105860;4538782;4192080;4422529;4653546;4707572;4023503;4080315;4647762;4541542;4748716;4584555;4472511;5088978;4278676;4830881
3907433;4381536;4106861;4216171;4295324;4465309;3802539;4436136;4252842;4197494;4538329;4467742;4104291;4489791;4399843;4551908;4397494;4347541;4097017;4185158;4099511;4379301;4097632;3926286;4244111;4420960;4385739;4238359;4354358;4461920;3846100;4142504;4306862;3851629;4295477;4321589;3893283;4587264;4335712;4579600;4084920;4202433;4453538;4214649;4142769;4521284;4139451;4087783;4413014;4142288;4131278;4344938;3924905;4381857;4089840;4659593;4505310;3740927;4389042;4276103;4362136;4178674;4260601;4108581;4070804;4491450;4071486;4128299;4212578;4355590;4041333;4093239;4228041;4678801;4528038;4570458;4296883;4242214;4096987;4050278;4160921;4072729;4046768;3934071;4065417;4008861;4365682;4217602;4388862;4496894;4518681;4205636;4187363;4327349;4056000;4340370;4131899;4359965;4274019;4189866;4554675;3725687;4404215;4396890;4515858;4034008;4214303;4617377;4028287;4328836;4228845;4508098;4087033;4209161;3887337;4300614;4149707;4639934;4156972;4022793;4173955;4384812;4515766;4100030;4560087;4197142;4262969;4192777;4030340;4136967;4449706;3960668;4427815;4475824;4262333;4138565;4178563;4190251;3974491;4187185;4000410;4367832;4873475;4270384;4031123;4195212;4232044;4359192;4581514;4345187;4138462;4654116;4131494;4274087;4490661;4104209;4240816;4294205;4030844;4183378;4230435;4555058;3830215;4176444;4216924;3856841;4043014;4472237;4496037;4219384;4037484;4501343;4239093;4367175;4419639;4482489;4675699;4089733;4296613;4322629;4130502;4445257;4176052;4319358;3900467;4279744;4268677;4142581;4460031;4503027;4089093;4079545;4388365;4569246;4421779;4427361;4350251;4704815;4218419;4562264
4361002;4708280;4249160;4652999;4538237;4861391;4341259;4767339;4625530;4729794;4805581;4790576;4388382;4624796;4834764;4805583;4714480;4699505;4415518;4216276;4654595;4614175;4613101;4450073;4391970;4609841;4370357;4773604;4603277;4750292;4551108;4529332;4808661;4410365;4637114;4740956;4348896;4895336;4831748;4720800;4441532;4735301;4823215;4636499;4467288;4812216;4503985;4280994;4542353;4366507;4319934;4574569;4384426;4824117;4389934;4738333;4660030;4268554;4735892;4425649;4588654;4420966;4880572;4630916;4255718;4894441;4293592;4718798;4459073;4839867;4315136;4573630;4568555;4870997;4646639;5028669;4521237;4591061;4293681;4336634;4635627;4286287;4381966;4162041;4447463;4449620;4718929;4869940;4634481;4744411;4856910;4880796;4514216;4395630;4452315;4752043;4532654;4881086;4622160;4447984;4898251;4190252;4844562;4829158;4393581;4422993;4525773;4909872;4421448;4674961;4578478;4733504;4243850;4450946;4396217;4697707;4490800;4756868;4569318;4495822;4606535;4446993;4698990;4420083;4744653;4406010;4685977;4583286;4650358;4701575;4573735;4493199;4733614;4595232;4616730;4614386;4438245;4490066;4562497;4506984;4294595;4713431;5322707;4600511;4263364;4569490;4723823;4654859;4778350;4654207;4479980;4640712;4542442;4671522;4924545;4577678;4855578;4735625;4561404;4779113;4474084;4623596;4523797;4568273;4734342;4203080;4411182;4818024;4766376;4682634;4418290;4770073;4521036;4706989;4873121;4737621;5123931;4597517;4444056;4729745;4335031;4670528;4489013;4561615;4279570;4710958;4691864;4390170;4654137;4646217;4292940;4301291;4901937;4768216;4791709;4805585;4634983;5305407;4415287;4965511
4070086;4260161;4158246;4159917;4186627;4409921;3919235;4237288;4282065;4250125;4310957;4329907;4152694;4254627;4580007;4285937;4188981;4373331;3918233;4002476;4351184;4503983;4153806;4103333;4104803;4397286;4154815;4307753;4226035;4269540;4210198;4288345;4303500;4305039;4521563;4331942;3936251;4528364;4209696;4545144;4093009;4309541;4358649;4347620;4145456;4395058;4100281;4003799;4444256;4109235;4152586;4380685;4048471;4513184;4192187;4484110;4478904;4057084;4277267;4137598;4244048;4252225;4328291;4344586;4062668;4411506;3878027;4337501;4089758;4373703;4197256;4087343;4246681;4308852;4187113;4727538;4138177;4149995;4145396;4189764;4059675;4172767;3919057;4112577;3973341;4118616;4398760;4264918;4451799;4372020;4628064;4400782;4360335;4069517;4043205;4317476;4174442;4477758;4175239;4115790;4505378;3871562;4573376;4573578;4077893;4070454;4041698;4618302;4015389;4332264;4222269;4234501;3775379;4204150;4211620;4219121;4257999;4479810;4064427;3950336;4262979;3979082;4332316;4029599;4625674;3731802;4330619;4145915;4302401;4149697;4276158;4278181;4362444;4122795;4317153;3995421;4037200;3919376;4198600;4306091;4028497;4243221;4903226;4260256;3731265;4337822;4305937;4323616;4573765;4179366;4075277;4430708;3945876;4156304;4356652;4112314;4431695;4463764;4209409;4191278;4038342;4425565;4109857;4293539;4375795;3958895;3904275;4569423;4432741;4196429;4152692;4402931;4113071;4459634;4445093;4384273;4796486;4124334;4138785;4173739;3926827;4392384;4182894;4158782;3878332;4383218;4251193;4202523;4238793;4298489;3972128;4127362;4533487;4405354;4359433;4405783;4285970;4635773;4054047;4579555
4443080;4624288;4432442;4347992;4534799;4695646;4096516;4585292;4379417;4682498;4774844;4767455;4525621;4923545;4749208;4726975;4480896;4788575;4274567;4388327;4662044;4672262;4614549;4467526;4414209;4613083;4478134;4484595;4524757;4887494;4424091;4460621;4383617;4340642;4631369;4485489;4179784;4952329;4645971;4829385;4403478;4401233;4826178;4757154;4268372;4809771;4466694;4276302;4595869;4603344;4380348;4596368;4325027;4679445;4488009;4727771;4667779;4199470;4463908;4601610;4672731;4575904;4371639;4760598;4390656;4758048;4207724;4384441;4377333;4602690;4423999;4289498;4406737;4843679;4720359;4736004;4482534;4493339;4528885;4326178;4387282;4282352;4239974;4335977;4491711;4284459;4721090;4399389;4733879;4594498;4883471;4627797;4488294;4331088;4390694;4562834;4400565;4908070;4447965;4601327;5015692;4246872;4697851;4638410;4543198;4337803;4572455;4639833;4362842;4507372;4565598;4679813;4362942;4200921;4360278;4523295;4534729;4709410;4427080;4593720;4419743;4375286;4813562;4508521;4865987;4461934;4632837;4485978;4461450;4634212;4550637;4607815;4875390;4619565;4551335;4671272;4344130;4409367;4333755;4535120;4526820;4755519;5313311;4387834;4309705;4503390;4421305;4770608;4708727;4357696;4239215;4718620;4476973;4522117;4926817;4461303;4803811;4763329;4440483;4522630;4340455;4538799;4245895;4480882;4750843;4131108;4112712;4754356;4743660;4553744;4534391;4714775;4368410;4633228;4754732;4604117;5045750;4502264;4380074;4497580;4451927;4564055;4476791;4409327;4136726;4599666;4398799;4489106;4589671;4626638;4280477;4176283;4647626;4991727;4763938;4894030;4702864;5225136;4215527;4958172
4144554;4489952;4197075;4377055;4134851;4713391;3865810;4543035;4196673;4472516;4372581;4515955;4064367;4536616;4583860;4451019;4452775;4426302;4239276;4270382;4439382;4595057;4345343;4215948;4461043;4427396;4465214;4360824;4244634;4400075;4325517;4285917;4483215;4292895;4547748;4458213;4125693;4623333;4349493;4578830;4253729;4544784;4759598;4368421;4466270;4609832;4410734;4288014;4405829;4110992;4205574;4346171;4311570;4372971;4138487;4645816;4654001;4140920;4574145;4217172;4569799;4249207;4496335;4556782;4174853;4451533;4202213;4449795;4125788;4491341;4266532;4067601;4261549;4749616;4487104;4765149;4305954;4358106;4354259;4166359;4217409;4207544;4255387;3973197;4028134;4275320;4485687;4380818;4557673;4436459;4683911;4737640;4495719;4349111;4137086;4537754;4148388;4835823;4287268;4258379;4629720;3950531;4761455;4339335;4381592;4266273;4410878;4569045;4543097;4606937;4305556;4531232;4074382;4134895;3996060;4270832;4028147;4548401;4366719;4306352;4312240;4318016;4667701;4308802;4596883;4095745;4399407;4371870;4291841;4310969;4420365;4174632;4656021;4454740;4163620;4473937;4328371;4071688;4322313;4398592;4227299;4259922;4929805;4236020;4115712;4174832;4497437;4558137;4642271;4421419;4049693;4576123;4179350;4301798;4585577;4259725;4714305;4313164;4166097;4613777;4356156;4311323;3987758;4134782;4533017;3999634;4279683;4708524;4484334;4485114;4221398;4744586;4434525;4465324;4606366;4483858;4895842;4354233;4344471;4578164;4249518;4619217;4399510;4432183;4075942;4637680;4392403;4466197;4360093;4438682;4096516;4114013;4584700;4580446;4697377;4515231;4437789;4931980;4297001;4805286
4328322;4322789;4098859;4471514;4331138;4604531;4097956;4434977;4187572;4295452;4529015;4416139;4105184;4436419;4431453;4492130;4412840;4669137;4282098;4219429;4349106;4332991;4484650;4138180;4256990;4462694;4177497;4157042;4350369;4516014;4313921;4287242;4508863;4059976;4266942;4484892;4099312;4513760;4234922;4478495;4044898;4376286;4632752;4448583;4251472;4405482;4008798;4020747;4473893;4239410;4379475;4342511;4052594;4761484;4074382;4447233;4456753;4153812;4377383;4508339;4473152;4246778;4394981;4550406;4208587;4546862;3950582;4261253;4268714;4347198;4004684;4245346;4308652;4792704;4410495;4590584;4354976;4586956;4480810;4213547;4121560;4228772;4123986;4019701;4060069;4256425;4328719;4342476;4562185;4710150;4592770;4576236;4278843;4106747;4152628;4465500;4304146;4502239;4244563;4299442;4774535;3998596;4561228;4234402;4255083;4243158;4300378;4661142;4093957;4462316;4181043;4378398;4103784;4188547;4052788;4051099;4448350;4487379;4220346;4256526;4349528;4165518;4421710;4227317;4306139;4130903;4268775;4411694;4143122;4315725;4282241;4405090;4428246;4337745;4475536;4376167;4110037;4267990;4000702;4325183;4218751;4456821;4912004;4205553;4072783;4367343;4315914;4537645;4435708;4516912;4131426;4462912;4101394;4474751;4632789;4607550;4622214;4585566;4270058;4343371;4310527;4269099;4082457;4043508;4551612;4077774;3846050;4427092;4356220;4359338;4195941;4541841;4402382;4426820;4448268;4474479;4923693;4134801;4112879;4507523;4356647;4449615;4065560;4390709;3910841;4423596;4237597;4310165;4447936;4590353;4077120;3798217;4591228;4572079;4445322;4556279;4388129;4836741;4140299;4651270
4364383;4639979;4736538;4736060;4567608;4864998;4291065;4863103;4592794;4718767;4824393;4830741;4744761;4692495;4795731;4810395;4637535;4813238;4537517;4470509;4823896;4841800;4673272;4403170;4694490;4836418;4496936;4750113;4792767;4932126;4607170;4679686;4725706;4551591;4836074;4555986;4333815;4994685;4851457;4836472;4557016;4943182;4805066;4793720;4666906;4731894;4759853;4562089;4882499;4522637;4459716;4877484;4495138;4995814;4637383;4907835;4883808;4338508;4572805;4620978;4662335;4562003;4882390;4912779;4304997;4874696;4478949;4817583;4451660;4733820;4528554;4487581;4697771;4935414;4792405;5053832;4530377;4649636;4667076;4670697;4472671;4523047;4644179;4378340;4566696;4567183;4999771;4833820;4764037;4839977;4940813;4959558;4788761;4511043;4462213;4767945;4491084;4961105;4544369;4516404;5116783;4392574;5072832;4816676;4624799;4693183;4539692;5152442;4551605;4874524;4485047;4710535;4436111;4439216;4623566;4697976;4788451;5072390;4425271;4428546;4590627;4673268;4800604;4707144;4695460;4453535;4841217;4467315;4736723;4721663;4862334;4638808;4901514;4628365;4712700;4621105;4586824;4556151;4630626;4475817;4441393;4567171;5342892;4806348;4297219;4598204;4769521;4600296;4955815;4569977;4666781;4958568;4350491;4689139;4832471;4718038;4866681;4598741;4687539;4709257;4823756;4857394;4228780;4516288;4941078;4486252;4303128;5005111;4998868;4947297;4530264;4954329;4889144;4806863;4881503;5129991;5323526;4438068;4507090;4700479;4638942;4872314;4665758;4434552;4407434;4837405;4803810;4444560;4670531;4755811;4496430;4390584;5062773;4957604;4778548;4940856;4596553;5273731;4564474;5022224
4354022;4625020;4216225;4526878;4292776;4713966;4087060;4576616;4455162;4625450;4552171;4927101;4260750;4829876;4701599;4502262;4523101;4427945;4197805;4248326;4631215;4547136;4284813;4009223;4386614;4627457;4357837;4467019;4151747;4570127;4248047;4215689;4640977;4246555;4497788;4309496;4325283;4553548;4627063;4677360;4343551;4511264;4765028;4600119;4593386;4784934;4271889;4205791;4595349;4373470;4325786;4634037;4183145;4535043;4420450;4867628;4394034;4142804;4270468;4231280;4668941;4428037;4464766;4656739;4215088;4611891;4108024;4439497;4411595;4514395;4225390;4329121;4069367;4600553;4406154;4839672;4313252;4543374;4444666;4282764;4071599;4317229;4249479;4221242;4311463;4217319;4384000;4512683;4626458;4630437;4664712;4688083;4451425;4325015;3962045;4564138;4323717;4665739;4452166;4222134;4916517;3949028;4742959;4560389;4521056;4309623;4219948;4895363;4381205;4722473;4383827;4470380;4112701;4384446;4136011;4340830;4481089;4831408;4061341;4503550;4353486;4288778;4547896;4203703;4534564;4172776;4574092;4355898;4433180;4518218;4402926;4360625;4543406;4436888;4552643;4659307;4142138;4426060;4261658;4373724;4331445;4445502;5096966;4583631;4475435;4474125;4439206;4379552;4538670;4467518;4250597;4545153;4326652;4401099;4738027;4290046;4644496;4458514;4472822;4506456;4279327;4617441;4264177;4186857;4425675;4215725;4299561;4619624;4496890;4528035;4468089;4507675;4500008;4452683;4809416;4680565;4881482;4339957;4396824;4274525;4469244;4646031;4247577;4279154;3985094;4716866;4165468;4561989;4689768;4457277;4341411;4452211;4610112;4622808;4435371;4704940;4667278;4934896;4505615;4820855
4500755;4732434;4437294;4816536;4502735;5035607;4323465;4741548;4844394;4748860;4866966;4957703;4600313;4894677;4821629;4853720;4721755;4766505;4509972;4571932;4644036;4832513;4567556;4620609;4801688;4808808;4763656;4584713;4499057;4949465;4450806;4443111;4718825;4458002;4806711;4772606;4393297;4922590;4628470;4736976;4761147;4739881;4947428;4665511;4547521;4955790;4768348;4423214;4843540;4576616;4668300;4940406;4437960;4795856;4501892;5023258;4739901;4326448;4390676;4633451;4671048;4571846;4694010;4684409;4443764;4991677;4298547;4654817;4617337;4801454;4568671;4572270;4774109;5075968;4832612;4841398;4564245;4444011;4782906;4563357;4453434;4390017;4606325;4596929;4446466;4422564;4779884;4761707;4759323;4830372;4972778;4966585;4681306;4671537;4172617;4840152;4432397;5234213;4594536;4364742;4993921;4251434;5032075;4986604;4832887;4562001;4595217;5060156;4639048;4725968;4662700;4733861;4482814;4539906;4516743;4680329;4720706;4801940;4369965;4641670;4606701;4402477;4804577;4550764;5091610;4547299;4687041;4562586;4638050;4761963;4656311;4502320;4941276;4842823;4835611;4717423;4647505;4636671;4502084;4444070;4486989;4367556;5376747;4752205;4282509;4578122;4749213;4751044;4862972;4699667;4553340;4890916;4466444;4725984;5077740;4651165;4816798;4774933;4534213;4706909;4496823;5086975;4656748;4525494;4854657;4529112;4454167;5084495;4589385;4783412;4623537;4845240;4480197;4916613;4760736;4924263;5154368;4666443;4546748;4663998;4610388;4607943;4566132;4594021;4209022;4966211;4721412;4860411;4874928;4718468;4650344;4557262;5042893;4884793;4928711;4914729;4727464;5237760;4592646;5190583
4548484;4439805;4293624;4595347;4746228;4763217;4274219;4558820;4574381;4584287;4768519;5028995;4355673;4788439;4845813;4730145;4548956;4525610;4459398;4308085;4364541;4604198;4655263;4375504;4459492;4553407;4637024;4472552;4246032;4806650;4461248;4361000;4808343;4445586;4479487;4524273;4399963;4817660;4633647;4850076;4304721;4270250;4695898;4694796;4314416;4757973;4461093;4083968;4497705;4486057;4346789;4667230;4347034;4626732;4410981;4814221;4778219;4293454;4625459;4483064;4571150;4399153;4715701;4697467;4546294;4675275;4366708;4618732;4430820;4782109;4574673;4286398;4419302;4848121;4605209;4968935;4129296;4458045;4546212;4145519;4278570;4650937;4236955;4427627;4364803;4256500;4689803;4439207;4669083;4688979;4968159;4905480;4361038;4430132;4301982;4696479;4316323;4838973;4444790;4516948;5001080;4160136;4748693;4556805;4570980;4266830;4439300;5024073;4367766;4675279;4571483;4814276;4421859;4336182;4311096;4474751;4642329;4865961;4278937;4438419;4369856;4623241;4682486;4384312;4834162;4253519;4748576;4477187;4303391;4635592;4471758;4567719;4702313;4631419;4557735;4625185;4316130;4455092;4471234;4601652;4399927;4617841;5161086;4621852;4478085;4427093;4411078;4494264;4551426;4549525;4194215;4754118;4538322;4445130;4731183;4574239;4992566;4618001;4624042;4484468;4619587;4550342;4081337;4402847;4645811;4287146;4321777;4824841;4625898;4599894;4457257;4633711;4609832;4741880;4815094;4813639;5093454;4386939;4382805;4325122;4367577;4555113;4221204;4523865;4228406;4485460;4567218;4558198;4719308;4566286;4394050;4338042;4806054;4738311;4556221;4884737;4707202;5278513;4618462;5008401
4403628;4688076;4204817;4441695;4507721;4479655;4148898;4593650;4313922;4516834;4430340;4644557;4162599;4464702;4607164;4575035;4567869;4512656;4225635;4350677;4233717;4540889;4422699;4124490;4329763;4474517;4493682;4452995;4277796;4757234;4365628;4280612;4430273;4158982;4532939;4351845;4448037;4702674;4502684;4634142;4424987;4597284;4788759;4632586;4245398;4665201;4437041;3987733;4239383;4271447;4414063;4317348;4175853;4456625;4338497;4827765;4527030;4345941;4505819;4379111;4563025;4142686;4535945;4513098;4238792;4504293;4092975;4316226;4318638;4568207;4384471;4220007;4110931;4841646;4430503;4630480;4418295;4252402;4244361;4329466;4332335;4386475;4163710;4135211;4038977;4139023;4601378;4394649;4482057;4488798;4750290;4584997;4379319;4232407;4121771;4578353;4452233;4852151;4253430;4381705;4826060;4030543;4476285;4526571;4481279;4114451;4297113;4603953;4419652;4566769;4395633;4662756;4096578;4350971;4129622;4191638;4421733;4714000;4456178;4440678;4367787;4381813;4630328;4219509;4542982;3932016;4525508;4314296;4405861;4566221;4525649;4196566;4533086;4561401;4631735;4351417;4437988;4347629;4480450;4451142;4104349;4353010;5156809;4422204;4167622;4446881;4367800;4759175;4610152;4430780;4291468;4413647;4364809;4244294;4702939;4409516;4706919;4335747;4464744;4545311;4261698;4431983;4262735;4392826;4534743;3929111;4338903;4590647;4575864;4458667;4370312;4649643;4399106;4425427;4687173;4791564;5072807;4126261;4360682;4480989;4316616;4586615;4302364;4349346;4200658;4414654;4421232;4174628;4456331;4542491;4068499;4220768;4719074;4589725;4467723;4817717;4629459;4937720;4294036;4702943
4433194;4447710;4321529;4569668;4555564;4843747;4299164;4720271;4612948;4630827;4642085;4954788;4322736;4852185;4767781;4558035;4639902;4407590;4423552;4351268;4591275;4736635;4725989;4415424;4443031;4863889;4636661;4339362;4426086;4826572;4425674;4419110;4782490;4487127;4703623;4550777;4417150;5056617;4787572;4658248;4492732;4444796;4655388;4362206;4578289;4818503;4641911;4291274;4736436;4704938;4517320;4773334;4389720;4761579;4315569;4750853;4546225;4463971;4707824;4423026;4757152;4397992;4920296;4480400;4392367;4742022;4306136;4555720;4549872;4698083;4428336;4265510;4398828;4772439;4629615;5009288;4423469;4401239;4609003;4413424;4481958;4515552;4488611;4337145;4507439;4500148;4632571;4572024;4837731;4964494;4972650;4656252;4584545;4542433;4534428;4492743;4310639;4819069;4297218;4452767;4879225;4223716;4841962;4628828;4677793;4360136;4617149;4998488;4556930;4799264;4566895;4726511;4427320;4521551;4316468;4495510;4479577;4677868;4470112;4310967;4300523;4629832;4635438;4376374;4977382;4376374;4588939;4479746;4687768;4684799;4685341;4476084;4892452;4653684;4582110;4504793;4455261;4429171;4479480;4517103;4421062;4669469;5134196;4787421;4250173;4480592;4664987;4634565;4855256;4799576;4285486;4475430;4480685;4785002;4908847;4531976;4782785;4730936;4658175;4768161;4489312;4687410;4255704;4449863;4659526;4488918;4375447;4725372;4827944;4724823;4454892;4871454;4651371;4767806;4803418;4846796;5358456;4416582;4401962;4489871;4577928;4723297;4247731;4569195;3956502;4707030;4454946;4475440;4652974;4731207;4433428;4537127;4841253;4709149;4673105;4711515;4700778;5028113;4534722;4901675
4388473;4723320;4522270;4760471;4537496;5036746;4301027;4844191;4659383;4680678;4891964;4824273;4641360;4833061;4849882;4720208;4568759;4748272;4277833;4690506;4796335;4739751;4660358;4329330;4787246;4915199;4842533;4588475;4611135;4833424;4575627;4733601;4920988;4425767;4913578;4552593;4284449;5112235;4890611;5056945;4559190;4779876;5070523;4588416;4616124;5069031;4669749;4439162;4800831;4728814;4623505;4875980;4385769;4985564;4600760;4823347;4796415;4205920;4526861;4704458;4873294;4640592;4928964;4653475;4420857;4789576;4306061;4631032;4662413;4890410;4625422;4555580;4672624;5182245;4860351;4947067;4580666;4646150;4778639;4457045;4535026;4486424;4651837;4357817;4437495;4618314;4629662;4697148;4999611;4828167;5052418;4965298;4706861;4637343;4568888;4821679;4522550;4875874;4482596;4386808;5116162;4201730;4865502;4895823;4793297;4692532;4685962;5012116;4818803;4915188;4611481;4667544;4585916;4579402;4294468;4601840;4523914;5004265;4385551;4763193;4585205;4617410;4980662;4539026;4908560;4485946;4819514;4585628;4496391;4798195;4811942;4591069;4805793;4991858;4706226;4511602;4546352;4651507;4323415;4710110;4571197;4729990;5446921;4715742;4624208;4582412;4730837;4797694;5102051;4634682;4506464;4963961;4615626;4703015;5010350;4559021;4969203;4786752;4696762;4829247;4544952;5063351;4327648;4396137;4809566;4476039;4492868;4872691;4911657;4625372;4503692;4819984;4699763;4745764;5002790;4754608;5051760;4549277;4686966;4644499;4543851;4683397;4594187;4640252;4158870;4776118;4748381;4758004;4870814;4862195;4389781;4379383;4983194;5073062;4914179;4728793;5062772;5288630;4360397;4800757
4665226;4881629;4666808;5025035;4965047;5040484;4493481;4900012;4810172;4937321;4841948;5079906;4956871;5041129;5045754;5036043;4874599;5011086;4584314;4857415;4983820;4932118;4952616;4763020;4842771;4927774;4896388;4797632;5037723;5131622;4783652;4837383;4968895;4605287;5185440;4898940;4529954;5093821;4848590;5084535;4864530;4914740;5220534;4992113;4858388;5115672;4660242;4576293;4976985;4861238;4729965;4941384;4762943;5057431;4805688;5212183;5087901;4630043;4923389;4666672;4989523;4828679;5216314;5067633;4718195;4854597;4602458;4892574;4773007;5296901;4766057;4845988;4626799;5334585;5005455;5230088;4837661;4886214;4842667;4653223;4747930;4646907;4611744;4540285;4457271;4792463;5023158;5122298;5156468;4851859;5181151;5158465;4943166;4642951;4686265;5068655;4801681;5227436;4878842;4823990;5538590;4573664;5240018;5246105;4916214;4808166;4842249;5337837;4901075;5009994;4796486;5146718;4522960;4815650;4647131;4629593;5010691;5188424;4648223;4897588;4902312;4656669;5125160;4540273;5072246;4569094;5132660;4801142;4829394;4879668;4978056;4626026;5274771;4955992;4948923;4702080;4783675;4773722;4830923;4916663;4633606;4976410;5799721;5011986;4602401;5183200;4782767;4843009;5327280;4859899;4764802;4768052;4707037;4683968;5272709;4812474;5077988;4922392;4982838;4823354;4919183;4980115;4570645;4850298;5016899;4532707;4723570;5032481;4992172;4932873;4919616;5131659;4766558;5179949;5360117;5131155;5248344;4853587;4845922;4757872;4692359;5013067;4788177;4723616;4562264;5116795;4868747;4835796;5071940;4902621;4637612;4656538;5486387;5015229;4886140;5040135;5077711;5489729;4466627;5204991
4573472;4691941;4309176;4613437;4557982;4661301;4276128;4744325;4576916;4444639;4836429;4735254;4473283;4826089;4625099;4829154;4660087;4672498;4427794;4454850;4567982;4467674;4622990;4468189;4414186;4815441;4532281;4542248;4499420;4636183;4380968;4534335;4817491;4257938;4674730;4577478;4333191;4865042;4486908;4902471;4322590;4574012;4818345;4563346;4663170;4878676;4453068;4389763;4617725;4571597;4490434;4503998;4435512;4889949;4592586;4931659;4533026;4432411;4710307;4316641;4657040;4591348;4738494;4538792;4305678;4728079;4211734;4632653;4364695;4803762;4560833;4456523;4520589;4924960;4561621;4895950;4505149;4570124;4559012;4460846;4420394;4401199;4444535;4284561;4343475;4374464;4695457;4683479;4735663;4568939;4828208;4844786;4466115;4646509;4476708;4497829;4481532;4683904;4393929;4494316;5042378;4028186;4917725;4269854;4541361;4551144;4349591;4907073;4412397;4528682;4411560;4605012;4338424;4405126;4369438;4489261;4535290;4580981;4469360;4306754;4634792;4537759;4772418;4484102;4801688;4283333;4764079;4433578;4445253;4556404;4500252;4422998;4786301;4595468;4465885;4508914;4314379;4591268;4285746;4355334;4517913;4553529;5172610;4552957;4453261;4620948;4709232;4683867;4742431;4518022;4451685;4727212;4550798;4480268;4714868;4463446;4801196;4811985;4336105;4568454;4378432;4645618;4378695;4437315;4659334;4180416;4414233;4811058;4631197;4493733;4585212;4554219;4433948;4691154;4588392;4635849;5107450;4325138;4443609;4649691;4435012;4619548;4624288;4466720;4254730;4591872;4678029;4643288;4668896;4826614;4210086;4301781;4866930;4603720;4735434;4679427;4684224;4840382;4455909;4982235
4220107;4181599;3996954;4448383;4153303;4494183;3987624;4268752;4241787;4161131;4334335;4361761;4147699;4483846;4449018;4124329;4193175;4295996;4031208;4078944;4208929;4111723;3965437;3973006;4231555;4310877;4278296;4109151;4314869;4525366;4153724;3932064;4221092;4008052;4274491;4255167;4021196;4459489;4212471;4278289;4197353;4269343;4344782;4266240;4336523;4472124;4200491;3819162;4276590;4060116;3935269;4550695;4124589;4404571;4202184;4575694;4169720;3956983;4122960;4093947;4174461;4084392;4444445;4274708;3813219;4527999;3953414;4352204;4203734;4396334;4014217;4017613;4114877;4372844;4324683;4488882;4020995;4305562;4119968;4163943;4006581;4042017;4082677;4098216;3881466;4227714;4174407;4090057;4387627;4438397;4452445;4402007;4234063;3927568;3856897;4340153;4068400;4341561;3972008;4033598;4558382;3929274;4878181;4309478;4163612;3961907;4057180;4869122;4164882;4314509;4316424;4350609;4051760;3910295;4024607;3998911;4128954;4298971;3796080;3990099;4157365;3955472;4382629;3932168;4324361;3869676;4331794;4268596;4255354;4146998;4103242;4036643;4341490;4194625;4195109;3927028;4125611;4030207;4299501;3992426;4088780;4006470;4607575;4286989;3949819;4389390;4074697;4258166;4548712;4338513;4239565;4267551;4158327;4134975;4507448;4179725;4510693;4276165;4293166;4094505;4132757;4534804;3982117;4080194;4162578;4141142;4093467;4655689;4388194;4192228;4063621;4255067;4246331;4314646;4379438;4450986;4719410;4150578;4272736;4155620;3963058;4284713;4257315;4211695;3826874;4409010;4116824;4254236;4409276;4325247;4048774;4096992;4559277;4419392;4284202;4441332;4176240;4681392;4098333;4671321
4210887;4515723;4143200;4441379;4389538;4721151;4093368;4447871;4310258;4619874;4514293;4597401;4301703;4372725;4482266;4563689;4501895;4593797;4522028;4360492;4460578;4427232;4607391;4235079;4474324;4526490;4434887;4578466;4450965;4681129;4356192;4418624;4322003;4242471;4855892;4284069;4187671;4684065;4603024;4627795;4177674;4602235;4922288;4419040;4430487;4746854;4617378;4096375;4470988;4533815;4348118;4618093;4039617;4460508;4310293;4541258;4603754;4120044;4328498;4396554;4513044;4323222;4564023;4313651;4206674;4479110;4280300;4255768;4376895;4546013;4151199;4486012;4543197;4793391;4678775;4777306;4513003;4616187;4192364;4348812;4095801;4136440;4230222;3974196;4169832;4614952;4532569;4439106;4702866;4571206;4767139;4715527;4459789;4291685;4246787;4599959;4371375;4952904;4350096;4264665;4877361;4271572;4749987;4392294;4512821;4384035;4528333;4834796;4270821;4528677;4283653;4536859;4210064;4144997;4066124;4271098;4256394;4580272;4276254;4161366;4415191;4298469;4832582;3963684;4812995;4158237;4473194;4347619;4488343;4551714;4397447;4510391;4653644;4457414;4449686;4334547;4383782;4170561;4282170;4454602;4175660;4552195;5173422;4416405;4190329;4496531;4513868;4598690;4553867;4465870;4310237;4480808;4182156;4441836;4782059;4504894;4470893;4489002;4386955;4447951;4375705;4624760;4198634;4517221;4514296;4209341;4332450;4801783;4492725;4441908;4464822;4792294;4421121;4668326;4420280;4562036;4964328;4342069;4239952;4462720;4347722;4559574;4335274;4372860;4154226;4481649;4318252;4394564;4346966;4359197;4042793;4118746;4827780;4798050;4525103;4716605;4453527;5010307;4435715;4779962
4029428;4320102;4086982;4324399;4064864;4597649;4082883;4187353;4178330;4212283;4368725;4698486;4156433;4580906;4464026;4526798;4386044;4382313;4069193;3983956;4299221;4519296;4083808;4055245;3860887;4225918;4204467;4187655;4002371;4528748;4216159;4353674;4245205;4066185;4238386;4191656;4117517;4339504;4204602;4449369;4076080;4140667;4550658;4510479;4178819;4565939;4116577;3976043;4264495;4258916;4160857;4367813;3943805;4608908;4128957;4733519;4410253;3916451;4214946;4082534;4526229;4124572;4151965;4454079;4175713;4519091;4036892;4403186;4192088;4377471;4226521;4032805;4095503;4481109;4369782;4494286;4038732;4152022;4206228;4055576;3982653;4195953;4158000;3984361;3943658;4085380;4445484;4186222;4182520;4397204;4692796;4431428;4235537;4155412;4025025;4484305;4085202;4503272;4158108;4125788;4692768;3773342;4442963;4304487;4353698;4048287;4391321;4816215;4045262;4366287;4174033;4296105;4072701;4200323;3910478;4185985;4280824;4434658;4083835;4275570;4049175;4205844;4212937;4048302;4466425;4224994;4480618;4088947;4256537;4372516;4466866;4131495;4587484;4261213;4381922;4249451;4100949;4244137;3967416;3979222;4034829;4365389;5000768;4316313;4371977;4070408;4315088;4423076;4477628;4333633;4223451;4457086;4321856;3962195;4405135;4168648;4487667;4454781;4178561;3958266;4200699;4392540;4167667;4311514;4284674;4011851;3964860;4522357;4361488;4345333;4385936;4333457;4264051;4375455;4597824;4431720;4752100;4083417;4168483;4251508;4075053;4393472;3976207;4019866;3846428;4355190;4116405;4167641;4348109;4236201;4081127;4097188;4634519;4535382;4418835;4537923;4330610;4939405;3946890;4684416
4277590;4332533;4219989;4408024;4360764;4574507;3975999;4453514;4314940;4388861;4348300;4590762;4480883;4445551;4549160;4587382;4436502;4364242;4157671;4172359;4566477;4431736;4408006;4197418;4312628;4591525;4371261;4288241;4428234;4396804;4357662;4232750;4433194;4085629;4366199;4351690;4147398;4687661;4266851;4665159;4126858;4495048;4456484;4544946;4293723;4800547;4310395;4111700;4301145;4170199;4211918;4499812;4138487;4383454;4314181;4787831;4484085;3966934;4328963;4327080;4348252;4271508;4477686;4367934;4183534;4260088;3963913;4254802;4356222;4385410;4255716;4387595;4194912;4852494;4461630;4555257;4237265;4531044;4486106;4382483;4215819;4250656;4213059;4141513;4149827;4328759;4368080;4426005;4556378;4765546;4436712;4945518;4269345;4405459;4219469;4333597;4185938;4778348;4142242;4219945;4835119;4138441;4510989;4343160;4274797;4271897;4144817;4688653;4244716;4315190;4176924;4258686;4088487;4226124;4342678;4280826;4461421;4663952;4075692;4263152;4262859;4394599;4515142;4209559;4529778;4166934;4385685;4258928;4267533;4643127;4461480;4228913;4636758;4374465;4372344;4320818;4324980;4347587;4314836;4581050;4204465;4219234;5011990;4461690;4159650;4451155;4431549;4618490;4322097;4041629;4285852;4423007;4214049;4412599;4605211;4384468;4609469;4381691;4231863;4315685;4248420;4513780;4077074;4270795;4398145;4229999;4158289;4768950;4540651;4276812;4455603;4530834;4197811;4421183;4527619;4571427;4730301;4194148;4094250;4378944;4313563;4329137;4331387;4396320;3967749;4457505;4347912;4116024;4425003;4387085;4243308;4063402;4611629;4783982;4680184;4727097;4504225;5009932;4289759;4505193
4433617;4377749;4569239;4876161;4548147;4856027;4398498;4681967;4400849;4710893;4797315;4910488;4354532;4772135;4760992;4656747;4453212;4678680;4542614;4667665;4428685;4677491;4953053;4319855;4637887;4617439;4648232;4509743;4291294;4759250;4533303;4512644;4905235;4453966;4538718;4620417;4444491;4782706;4569551;4788371;4434538;4657612;4814876;4720540;4566301;4875360;4636851;4221109;4679388;4672502;4535361;4701534;4555163;4639741;4498491;4811981;4801635;4048207;4663759;4437591;4741747;4446030;4875996;4661247;4320138;4748523;4377725;4406619;4544381;4596998;4454717;4543636;4572486;5035238;4798007;4914748;4482652;4507098;4603235;4514079;4422503;4280257;4439641;4381921;4433343;4376568;4632522;4657287;4950541;4884808;4852437;4717496;4816388;4490466;4359751;4847087;4449128;4866233;4381005;4363469;5092859;4333110;4859572;4791467;4686747;4461100;4595897;4846086;4314677;4727905;4633315;4658126;4409799;4537935;4270817;4314883;4477771;4706349;4521858;4447908;4674027;4714127;4853056;4240556;4861259;4258226;4734922;4767556;4494778;4582208;4611009;4550637;4610387;4686007;4631149;4533218;4319482;4534536;4403068;4820032;4552890;4705457;5279109;4716078;4549990;4496144;4720271;4566425;4763505;4714863;4523620;4888083;4467962;4526926;4848613;4580646;4835134;4707880;4602647;4800611;4568795;4770231;4197897;4482491;4809399;4406693;4296473;4821810;4648524;4672171;4515870;4758162;4542223;4708842;4868163;4676584;5068795;4422901;4545530;4705224;4446429;4714753;4871274;4580613;4139189;4880776;4712125;4432643;4398915;4640037;4282593;4271732;4775841;5150969;4613716;4869685;4883706;5238501;4564895;4713840
4487206;4647390;4402547;4722750;4589038;4872916;4401202;4875351;4695625;4801117;4560326;4751508;4837867;4889821;4703826;4855352;4483901;4888466;4436246;4395320;4642213;4723443;4584550;4601890;4579292;4861912;4443240;4786363;4503821;4780660;4506674;4569616;4674111;4362488;4776258;4619206;4539640;4842951;4722418;4891774;4429599;4857966;4797334;4738410;4684979;4871054;4618497;4266627;4683209;4636754;4574982;4821056;4382222;4706668;4539204;4906239;4781241;4398350;4596091;4471935;4672503;4481610;4842899;4941480;4566017;4876717;4519804;4829450;4523582;4666463;4472842;4464874;4873402;4919035;4790558;4907641;4557230;4774084;4734407;4552605;4508454;4471761;4402534;4219786;4425079;4388437;4748000;4736625;4867075;4927767;4784213;4806995;4893490;4559245;4439663;4661410;4641638;4973045;4556392;4510443;5061839;4221420;4995914;4852727;4715907;4446804;4570092;5124060;4649536;4702387;4458317;4835898;4460612;4406265;4437674;4572421;4548721;5005234;4503369;4591872;4672223;4402685;4980918;4560914;4887880;4443743;4695045;4597489;4600939;4587944;4564851;4553490;4928271;4655115;4848820;4612936;4525994;4623287;4620445;4685332;4616976;4633375;5295946;4614425;4164751;4603664;4685917;4785437;4980305;4602343;4507511;4713504;4552341;4559572;5050892;4672635;4978214;4762917;4719188;4777702;4502064;4814119;4505675;4540201;4887790;4325131;4332007;4922131;4786804;4816430;4682968;4982243;4459442;4965106;4887765;4792885;5262883;4495768;4715063;4568759;4511353;4832084;4326080;4622217;4233803;4782353;4738429;4766758;4628497;4924425;4574330;4285736;5070273;4868337;5002841;4855248;4797946;5214551;4441697;5049987
4639140;4630054;4294877;4593017;4714997;5009043;4274540;4777225;4804852;4734158;4836599;4831905;4611502;4909078;4821069;4741326;4653865;4816931;4527891;4615781;4525427;4649885;4886334;4623452;4669256;4901672;4701394;4630269;4482573;5231121;4595137;4579515;4615132;4485411;4698462;4586563;4423323;5064508;4736714;4811176;4557587;4639651;4992833;4852347;4507756;4874007;4776579;4391230;4836110;4678462;4793110;4778172;4451183;4715172;4435387;4840843;4766591;4447841;4758732;4550019;4743414;4762332;4951109;4866109;4435522;4947342;4600656;4704324;4535283;4951257;4652664;4509105;4831556;5193927;4865481;4930923;4794844;4646324;4603822;4512517;4621908;4520044;4520322;4398289;4422086;4481949;4866155;4705618;5154265;4576199;4815800;4788612;4814864;4405347;4389094;4901173;4692567;5006487;4608074;4567483;5135521;4347674;4987795;4924722;4895896;4411648;4681425;4997560;4538002;5003492;4631435;4852796;4381865;4430405;4332194;4479317;4446457;4729014;4552845;4510733;4520784;4718284;4844421;4551075;4899922;4456900;4791986;4742288;4492995;4639618;4706899;4629986;4749080;4532722;4873590;4509271;4425556;4642361;4448209;4572064;4461184;4601263;5362155;4753064;4361492;4750103;4674829;4673527;4947378;4782356;4573498;4832170;4447761;4676651;5017439;4584301;4912053;4703709;4791410;4813784;4608111;4804918;4345145;4552904;4895173;4476978;4575680;4863896;4899223;4674162;4573751;4909399;4683413;4899276;4903576;4767144;5207450;4598125;4554185;4806435;4519941;4859799;4456251;4618032;4293045;4877137;4621781;4664792;4958772;4955678;4305873;4433046;4999810;5093444;4609488;4845886;4781568;5367840;4631550;5148542
4613160;4936475;4552808;4703589;4680490;5019287;4453435;4619601;4829541;4483271;4828173;4978098;4605324;4884683;4814652;4886611;4911964;4880152;4542501;4528833;4684114;4762670;4620741;4298283;4579911;4857816;4599083;4510578;4447719;4967045;4271645;4728003;4575293;4331247;4672359;4562912;4391951;5072536;4894497;4905136;4433731;4767535;4873891;4658081;4518284;4850574;4654289;4362490;4723541;4802770;4696460;4677311;4565090;5043279;4426422;4982308;4643537;4431119;4515151;4605158;4778403;4509518;4882652;4810842;4531614;4824277;4455634;4755373;4580675;4932643;4652711;4498902;4681850;4954990;4892381;4842624;4513760;4554121;4610075;4526708;4424099;4587626;4497183;4328144;4521584;4488777;4795621;4651182;4852005;4855698;4894448;4848068;4675410;4643953;4377400;4667955;4376459;4988531;4491282;4438515;5129074;4371672;4993533;4716381;4799052;4620894;4534179;5198420;4668121;4827695;4510370;4900195;4438859;4433206;4351019;4605265;4319338;4929108;4511265;4578832;4681511;4765155;4757836;4419724;4897904;4532829;4815155;4444828;4673071;4832222;4690360;4558827;4714927;4690519;4799621;4737682;4453834;4752285;4331046;4631158;4505253;4796328;5243560;4527235;4412339;4673939;4543234;4801930;4711118;4724094;4689035;4704892;4629784;4488728;5128433;4675764;4909977;4576430;4801373;4836304;4618441;4927077;4293414;4397750;4511302;4476664;4368255;4837514;4735916;4844235;4420425;4882588;4787947;4658289;4701994;4805526;5003952;4432433;4481163;4512775;4597053;4742307;4446288;4642615;4441730;4780191;4581543;4690665;4692517;4855066;4478617;4481447;5056504;4845815;4812448;5039809;4855436;5128218;4497260;4945886
4508719;4440298;4411845;4470848;4401511;4758970;4295015;4528921;4654791;4519792;4664322;4691861;4257641;4802821;4557574;4830929;4504561;4593281;4355602;4505294;4491778;4503321;4551625;4359925;4592002;4509994;4508528;4684377;4435518;4864874;4593779;4428433;4536240;4390519;4427826;4582501;4364046;4787523;4593112;4708379;4435792;4545302;4759636;4701311;4310844;4708124;4613197;4246966;4665263;4508690;4478069;4596954;4410949;4480272;4363371;4960234;4654491;4305294;4611537;4593150;4612987;4604344;4593947;4469184;4318879;4668870;4379531;4462095;4528504;4529785;4365086;4247031;4562119;4943886;4628698;4819494;4449146;4638395;4642688;4518560;4382021;4431657;4131776;4429663;4304755;4499574;4696842;4588218;4734900;4422663;4894892;4784131;4410037;4357299;4122840;4561078;4340107;4848172;4199189;4322182;4832949;4323725;4997650;4643257;4479704;4440446;4508129;4837258;4506359;4596537;4529127;4514968;4489361;4342196;4192152;4472965;4541749;4647288;4206512;4354423;4609380;4364360;4593838;4263865;4904250;4199509;4578054;4412815;4290398;4543977;4413581;4730869;4637391;4407158;4619792;4600010;4419973;4284553;4339277;4427728;4271134;4377933;5023311;4553473;4208243;4542289;4692504;4770907;4659088;4471293;4202933;4633340;4458253;4487339;4602699;4512981;4782640;4687901;4399495;4479757;4364956;4585435;4150446;4289068;4697123;4275367;4356252;4735376;4588599;4405742;4496948;4623614;4674130;4502999;4738287;4584083;4817579;4359133;4405205;4538220;4322934;4488354;4305516;4483223;4218454;4798864;4433011;4449922;4747654;4529473;4196936;4303156;4597554;4749626;4604999;4735297;4611041;4957038;4444001;4873078
4509726;4772297;4478638;4553511;4421000;4891623;4130984;4622311;4647745;4626258;4808788;4712234;4581588;4685381;4539690;4761041;4455820;4641037;4491440;4354514;4596924;4516833;4386761;4331843;4683806;4754907;4461384;4620779;4448215;4987521;4592761;4494773;4831361;4369361;4924912;4567195;4327262;4759588;4601183;4887834;4420462;4707539;4705288;4554650;4514383;4945958;4514594;4165241;4703511;4508346;4440086;4490611;4307090;4733665;4589988;4885545;4529688;4424559;4551310;4514008;4639449;4751346;4647216;4615432;4371786;4644619;4116386;4607191;4335464;4589088;4332805;4502331;4447526;4981909;4620936;4710189;4443144;4587168;4571635;4589788;4297269;4292429;4551209;4345355;4220573;4490594;4906017;4766328;4708422;4735623;4822272;4905646;4694451;4519123;4272507;4817967;4491518;4851713;4395729;4350393;5126774;4299959;4909372;4575878;4498813;4656525;4513016;4722544;4440557;4710803;4661359;4493074;4435045;4407710;4219706;4502939;4550298;4822591;4187820;4447389;4493278;4432195;4727834;4255976;4893114;4314157;4507335;4513138;4544638;4665820;4448953;4510816;4789616;4703225;4683393;4651924;4571688;4380014;4327824;4286863;4481996;4514905;5306128;4432023;4165865;4575448;4559403;4610022;4833531;4490561;4509461;4649881;4492070;4477820;4727243;4565988;4740816;4698277;4568265;4647122;4386158;4832535;4342342;4495479;4665597;4506805;4407891;4915173;4865362;4732551;4653799;4769259;4360807;4667229;4872163;4625887;5007042;4267413;4453237;4526400;4392546;4755795;4516856;4236313;4100421;4674181;4648927;4675790;4569247;4637451;4307440;4443712;4845536;4899365;4863941;4715096;4731473;4936472;4465085;4944642
4327962;4466228;4212274;4489931;4611684;4782906;4372830;4603714;4604277;4592938;4906235;4711027;4513857;4702844;4482183;4467407;4490920;4683190;4463592;4409205;4517888;4662217;4541263;4207177;4635426;4547710;4535031;4337654;4384735;4754055;4422392;4051669;4578984;4291363;4668007;4448263;4116380;4791852;4463276;4619368;4496050;4550196;4576405;4490371;4483292;4823710;4348501;3990516;4623431;4452122;4441680;4857496;4473676;4627132;4292771;4789014;4473287;4021740;4374376;4420804;4573602;4398252;4593250;4503989;4486266;4771714;4123264;4327117;4459614;4737175;4319332;4489572;4455904;4995106;4586628;4635398;4439316;4835840;4581958;4263110;4126498;4318794;4297372;4330688;4062012;4525544;4578152;4483369;4666918;4752602;4631944;4613022;4427311;4491161;4225394;4489873;4340790;4808487;4410507;4250217;4908139;4247646;4993786;4683778;4583168;4260040;4341235;4954875;4237413;4751501;4430069;4649865;4248992;4373401;4148443;4435020;4521075;4820499;4115714;4449571;4427229;4451131;4764653;4372205;4566812;4254887;4644793;4566632;4326434;4573686;4426813;4348438;4600524;4442315;4837755;4372361;4490073;4402998;4159300;4446695;4286782;4482521;5162785;4546259;4380634;4399850;4435376;4513565;4754972;4720106;4247588;4658038;4392360;4599782;4781259;4600804;4721718;4689346;4583445;4499217;4346048;4693096;4261637;4416729;4528103;4402235;4282247;4849675;4467830;4460635;4356080;4498902;4544605;4684606;4641612;4532242;4986677;4357548;4276371;4642568;4502981;4694535;4187344;4399939;4010122;4475043;4413485;4436128;4631582;4615917;4494638;4475800;4627409;4720773;4681891;4902204;4687885;4929799;4303806;4985151
3978405;4362204;4273825;4516187;4283338;4710552;3964456;4434779;4189165;4404538;4435809;4547797;4293608;4463697;4344932;4493364;4248186;4643428;3958382;4125717;4338520;4452858;4383248;4101415;4203526;4294133;4220080;4375264;4214134;4409036;4281321;4410648;4399707;4050875;4299783;4331245;4119571;4406545;4366231;4460712;4355927;4452114;4436726;4503497;4350584;4519015;4327722;4164522;4418929;4125618;4085285;4484683;3983015;4564341;4231808;4834351;4356447;4052508;4505841;4195196;4282912;4175805;4560755;4532381;4136921;4564459;4045630;4517300;4292123;4424577;4264666;4277408;4238240;4639488;4448290;4590355;4301682;4576720;4314804;4260001;4307941;4189123;4133075;4141319;4113551;4174805;4531001;4441591;4364988;4506832;4635387;4549582;4385297;4258499;4151933;4503128;4219421;4536557;4097198;4265292;4795738;4093066;4704806;4432229;4351964;4098340;4282671;4898121;4087965;4299053;4280229;4249248;4146064;3934925;4143344;4162287;4480278;4522338;4224434;4200359;4345805;4178575;4525543;4202131;4596229;3939799;4501128;4196068;4356770;4440678;4423024;4473492;4423531;4311728;4473785;4391639;4420799;4058075;4238297;4290437;4077291;4334013;5047408;4304563;4071914;4366223;4404685;4259871;4533212;4441069;4198236;4565955;4342115;4251285;4463057;4439367;4392214;4395617;4488059;4297937;4269661;4536519;4068927;4105914;4601473;3981415;4158828;4686013;4557274;4386513;4220993;4582743;4362116;4645825;4568529;4605957;4904147;4275785;4160534;4520555;4099687;4513758;4250907;4233857;4103816;4646166;4437118;4152954;4164710;4375036;4256148;4306104;4510729;4504232;4448444;4663732;4527724;4806230;4198385;4809165
4596617;4867223;4455516;4841192;4735078;4714216;4523771;4729937;4673537;4790449;4921088;4800462;4520015;4908176;4802713;4889190;4779213;4728864;4622728;4579615;4604845;4818739;4550283;4604292;4547141;4871339;4613301;4792059;4351575;4909260;4553791;4469521;4879459;4453311;4699465;4819685;4361730;4929712;4700747;4803374;4522479;4837501;4961223;4769354;4610639;5045181;4717450;4296230;4854132;4518185;4463945;4711692;4684786;4870718;4578282;5077653;4927058;4442907;4584725;4679053;4735136;4537803;4709289;4816336;4082571;4946406;4520420;4662373;4560094;4795333;4411505;4574317;4588635;5068487;4718244;4923933;4631216;4671342;4643088;4623982;4493411;4437383;4334126;4341425;4255849;4543838;4785145;4731773;4742540;4773032;4957502;4915072;4592394;4569406;4391582;4781273;4432250;4846421;4644984;4499129;5143781;4280250;4959497;4811492;4613771;4548521;4641517;5137980;4612744;4819557;4808539;4673819;4395373;4488250;4442382;4497016;4682053;4868164;4487256;4526953;4670401;4540475;4756133;4444731;4913441;4501167;4824496;4585016;4700523;4695100;4927000;4547055;4818720;4788160;4863997;4628456;4663657;4568977;4402557;4524641;4304528;4805932;5335209;4722011;4313060;4518675;4670351;4825523;4765237;4610378;4685787;4728499;4685098;4551225;4942864;4650303;4972861;4701796;4699581;4562640;4556831;4783890;4591023;4514932;4967871;4361764;4425696;5052090;4855763;4807046;4613171;4879635;4670937;4835665;4789236;4797094;5312118;4491326;4632410;4707263;4418083;4761778;4582077;4537542;4399917;4754797;4357272;4619497;4909754;4876498;4398923;4463645;5013321;5010745;4915535;4956103;4720458;5007249;4395897;5103609
4241217;4303053;3959995;4088813;4160690;4446544;3811180;4167546;4404344;4196821;4359648;4542879;4218038;4296492;4518245;4510646;4448850;4551704;4009571;4042966;4264947;4195253;4156382;4068783;4101868;4249906;3991853;4279110;4310997;4504765;4150291;4097520;4385153;4129182;4118684;4219547;3922625;4340279;4348237;4557034;3730732;4161803;4340399;4244970;4042914;4446690;4156623;3807396;4351694;3843067;4332107;4411325;3875255;4338710;4116022;4356627;4277554;3923297;4228502;4268480;4187479;4191037;4366595;4343293;4143645;4394306;3974223;4251014;4223561;4299276;3935216;4136922;4162801;4509423;4114801;4488655;4056765;4322469;4072599;4103070;4054570;4240817;4150565;3993878;4044344;4060761;4177465;4368779;4244383;4302260;4469678;4446305;4275391;4062399;3931207;4281025;4073253;4336165;4072083;4162392;4570648;3709289;4565482;4398316;4237688;4109356;4063513;4546489;4084774;4239980;4244953;4152603;3786373;4063302;4128216;4223240;4048856;4443146;3734632;4068546;4051307;4038684;4359682;4087013;4502855;4000854;4315797;3957842;3942434;4254846;4180421;4169351;4286588;4323431;4257399;4171671;4114337;4143708;4057298;4154846;4093255;4191814;4677602;4328242;4072838;4286279;4329793;4293460;4409429;4161842;4163855;4285117;4046647;4286966;4268961;4163304;4472196;4341737;4251928;4151112;4176446;4408350;3866603;3883169;4384716;4189282;3843486;4326162;4353829;4342502;4162804;4230494;4122860;4106224;4424683;4468078;4606195;3963360;3837894;4089739;3934087;4315732;4188278;4148414;3909789;4161991;4187642;4295405;4576986;4410031;3849858;3887324;4463321;4438174;4256968;4410159;4316817;4641072;4159872;4614556
4669354;4799825;4584698;4892249;4748611;5009434;4446122;4985060;4856355;4678715;4830984;5041994;4722689;4668261;4979322;5030410;4805322;5061340;4572658;4538156;4977638;4981276;4770889;4378745;4787424;4809873;4587851;4816567;4904512;5099374;4683699;4809415;4803955;4571385;5001738;4677310;4611210;5097116;4689011;5014515;4544153;4738141;5015381;4944719;4635675;5005569;4722771;4547327;4894358;4755499;4653045;5014476;4463630;5106250;4729368;5055602;4716642;4579585;4888101;4686436;4673110;4682501;4922376;4635415;4577348;4926268;4428914;4859774;4752663;5023805;4672308;4640363;4953751;5198222;4948941;4967038;4722762;4940530;4773816;4828995;4720239;4552210;4616603;4541418;4466276;4609422;5106579;4960879;4997843;5019072;5238163;4770908;4861274;4829228;4500491;4866630;4624155;5189317;4589330;4495228;5258469;4475176;5113317;5022171;4904145;4416723;4602414;5098881;4560086;4843853;4623419;4992118;4527980;4670129;4469379;4898755;4713156;4961640;4514639;4557861;4778763;4681976;5025921;4745422;4966364;4527731;4758438;4597587;4550212;4887807;4741247;4692128;5130322;5021722;4896951;4594798;4769854;4610526;4547464;4721613;4807509;4645430;5506662;4704744;4611779;4854072;4921631;4847721;4891136;4727091;4698655;4931108;4821167;4895530;5047444;4921846;4991456;4968559;4827084;4827636;4779882;4992857;4318918;4618148;4803244;4585753;4419698;4892812;5223456;4857959;4788346;4951092;4788534;4870596;4942778;4924380;5301821;4465679;4481978;4759249;4792441;4883995;4706136;4839067;4473523;4909342;4769038;4705069;4718736;4940237;4598472;4417297;4992707;5011913;5056368;4996168;4780608;5289590;4764829;5043645
4123135;4357765;4014569;4342873;4361673;4459574;3934682;4492561;4125399;4581490;4402558;4468390;4256015;4448940;4342903;4355075;4212581;4448670;3926028;4054848;4468169;4348360;4224726;4075357;4172093;4598892;4202036;4162684;4425372;4383889;4073268;4113910;4384630;4003365;4581723;4326582;3935985;4520441;4337534;4664365;4221428;4351774;4518961;4135800;4416802;4641433;4005828;3868438;4225884;4341586;4002022;4403930;3909097;4521388;4338292;4747699;4275904;4119569;4283100;4211179;4334123;4239610;4379809;4360495;4002257;4235256;3980501;4298204;3936660;4345091;3894278;4054160;4208007;4612393;4217039;4487858;4113194;4306375;4285986;4262556;3998384;3937129;3963315;3929025;4073465;4057170;4249048;4295442;4505500;4355073;4543926;4452833;4182209;4164244;4146300;4307371;4004125;4375199;4012573;4161239;4544713;4034758;4402925;4227146;4352585;4185596;4216319;4593755;4199909;4291635;4147072;4525791;4008617;4227897;3956676;4114077;4318657;4485155;4111905;4072681;4205715;4133401;4376228;4105898;4308958;4050911;4356974;4183047;4250663;4269256;4305397;4112246;4596528;4358264;4321484;4304235;4085135;4281416;4140056;4331864;4132888;4548640;4810411;4211786;4132973;4214487;4237274;4458783;4559737;4424171;4176774;4269701;4347896;4322556;4586084;4300596;4408877;4418187;4154423;4487362;3998965;4354954;4067221;4246493;4325219;4055549;4098463;4446932;4310927;4252165;4402922;4489248;4086058;4262327;4315226;4453845;4846157;4074704;4214176;4132376;4278159;4359645;3974958;4322764;3778876;4470131;4244864;4209064;4377218;4538741;4057009;4008650;4606330;4403421;4486317;4412267;4160831;4718333;4313388;4441993
4281398;4430489;4115281;4440636;4503662;4678261;4031869;4507908;4270611;4402301;4598949;4708238;4235212;4531225;4561920;4574847;4352772;4654874;4237093;4204930;4464246;4339774;4567706;4210081;4372214;4404893;4416612;4662984;4443817;4545938;4204987;4255446;4428589;4295986;4583566;4238119;4096912;4628673;4677231;4668482;4348635;4475515;4580467;4366186;4368763;4416049;4370184;4207206;4598990;4509923;4091394;4451889;4120873;4606069;4165426;4597663;4600169;4241983;4518835;4323226;4390366;4179454;4558883;4328139;4215757;4555621;4190626;4332280;4266748;4451686;4323909;4263684;4411326;4604473;4409028;4634809;4456184;4376623;4340722;4232333;4216466;4325192;4200901;4029498;4126981;4405445;4387206;4521993;4652691;4692277;4566577;4353725;4172523;4340630;4432875;4538296;4233614;4557950;4301076;4052124;4744039;4167518;4493595;4244618;4330076;4304693;4276555;4725297;4431464;4581612;4132335;4311035;4240241;4252131;3866074;4305853;4202871;4406589;4006732;4209063;4322907;4111751;4554509;4062464;4664815;4147412;4477287;4399917;4397274;4431144;4375657;4231525;4475618;4340676;4342875;4320788;4246847;4037052;4249542;4454347;4097655;4454427;4886024;4343697;4302433;4478201;4330793;4609022;4575705;4575580;4028139;4559399;4237841;4339055;4869703;4570488;4548397;4555160;4307805;4462588;4254780;4375335;4081017;4302818;4401908;4127882;4089762;4643863;4667375;4548701;4063112;4446184;4462577;4566213;4564192;4394863;4904505;4325640;4096498;4319249;4274728;4416264;4432040;4218894;3902869;4497789;4211769;4156549;4402022;4292692;4217903;4073627;4561814;4651940;4554330;4610492;4267488;4981945;4162578;4765645
4417233;4367538;4137929;4580308;4528210;4630750;4301774;4425817;4441237;4454112;4540036;4793655;4479804;4776016;4549421;4510663;4515308;4594798;4220093;4270624;4546631;4315744;4141678;4175474;4484005;4636085;4377597;4414133;4270552;4608981;4255480;4319837;4307741;4098019;4532686;4422863;4306441;4836749;4506661;4665634;4297424;4670062;4530023;4548617;4547959;4616377;4203518;4160191;4397951;4454199;4352347;4432372;4284298;4620814;4131632;4782512;4442779;4441819;4429910;4223419;4671437;4377173;4435363;4347206;4285489;4640412;4191484;4582044;4405206;4682396;4268192;4167795;4279922;4628180;4615000;4627741;4329622;4517124;4426704;4266098;4237605;4300890;4030984;4131820;4301289;4223020;4536039;4277169;4517301;4502034;4454803;4835102;4301909;4449181;4162383;4525676;4183754;4752167;4339233;4447876;4658925;4141023;4682022;4477504;4336414;4207225;4286740;4987945;4237808;4587824;4397081;4623826;4426584;4212734;4179321;4434406;4520008;4631804;4211299;4089768;4388658;4302667;4590638;4197969;4796197;4349971;4507781;4407582;4376043;4451637;4378981;4482622;4636073;4492028;4645735;4431853;4280357;4252877;4136050;4530263;4320623;4343324;4969692;4355225;3910722;4399680;4426980;4524646;4462062;4311644;4129361;4457592;4488398;4347767;4778504;4404470;4519263;4466828;4434796;4464939;4353519;4605251;4019258;4201511;4614607;4105369;4042917;4679107;4733730;4456117;4624893;4623727;4439215;4603188;4656436;4394347;4964765;4149133;4263863;4270477;4216659;4436149;4234473;4355629;4191063;4483446;4323874;4377913;4528997;4563807;4390314;4278591;4703219;4673197;4686976;4732913;4529517;4985570;4294842;4849280
4928884;4983940;4635804;4901791;4691669;5273584;4568687;4940034;4547223;4910000;4960212;5071486;4721842;4938997;5085415;5120067;4758352;5050455;4912898;4863364;4800452;5123971;4873333;4538722;4995847;4988286;4774594;4913415;4655686;5031289;4590237;4829649;4814902;4658455;4956880;4934472;4547389;5165397;4891337;5255063;4730171;5093777;5185394;4867117;5018637;5198419;4751520;4810822;5031572;4627896;4774982;4955013;4602051;5142316;4744685;5217738;5102983;4754332;4752586;4582689;5093276;4551795;4900069;5085300;4598849;5019742;4550495;4837243;4816964;4978026;4408583;4896490;4557394;5316976;4966910;5264332;5092673;4832932;4858175;4700907;4701345;4856943;4580389;4559138;4697587;4672560;5013375;4892661;5026629;5000960;5137291;5155194;4990481;4857859;4576688;5026132;4544060;5051413;4767179;4734742;5377560;4422763;5176460;5081338;4994131;4827277;5000576;5257584;4738896;5018232;4737653;4834844;4628531;4764599;4636322;4652543;4854379;5128589;4575190;4644923;4994598;4657090;5190520;4791328;5198835;4585495;4925637;4725527;4969494;4964546;4900566;5008781;5108252;4889810;5017609;4898369;4583544;4779208;4658081;5055132;4701932;4810374;5486245;4959899;4601894;4778790;5025905;5063108;4910122;4733519;4555495;5344639;4706353;4756881;5024524;4935838;5170498;4933796;4789313;4866986;4910327;5275312;4583286;4833929;5046919;4663877;4641859;5149817;5065479;5197602;4835471;5019541;4868832;4916692;4983529;4996911;5366552;4799715;4849595;4942259;4837599;5056148;4911086;4785068;4626625;5061543;4881975;4915082;4903592;4887825;4631392;4699412;5325536;5149473;5122113;5141791;5043180;5374320;4652793;5308587
4359487;4886865;4061777;4488741;4484884;4790980;4298108;4702639;4664878;4621275;4697965;4866786;4497006;4672278;4859878;4823375;4782852;4829094;4577432;4365482;4645515;4731658;4481834;4459383;4505326;4762163;4504775;4583925;4338748;4745683;4311582;4398524;4723384;4566586;4682561;4639664;4260949;4887622;4599753;4713917;4282469;4646831;4827959;4627034;4612417;4801368;4379502;4276743;4687601;4557348;4457615;4536687;4329142;4712650;4517530;4799106;4784075;4360543;4571140;4388249;4720549;4285193;4628647;4763833;4464946;4772063;4175510;4417915;4442633;4717871;4266918;4549665;4527096;4935066;4743410;4860563;4501730;4530525;4394772;4295088;4422786;4109604;4326304;4073756;4488122;4478383;4738810;4657432;4574545;4670802;4950054;4755451;4417010;4539757;4344948;4689363;4550713;4906616;4563587;4414580;4951443;4078730;4751648;4484518;4381638;4485614;4765155;5170673;4445126;4725723;4393639;4795077;4486554;4497032;4219471;4465683;4529831;4804784;4390051;4247167;4635959;4368067;4644681;4304066;4803013;4235386;4467752;4598138;4538862;4661507;4527738;4421854;4849675;4617257;4746515;4679138;4479903;4455978;4384533;4357817;4340055;4528254;5209114;4475034;4406146;4807436;4490748;4778745;4820937;4543362;4396894;4712664;4419578;4351951;4890984;4747567;4657197;4678705;4407461;4595323;4642428;5048261;4481276;4767590;4707376;4307853;4346616;4993932;4833924;4631396;4558832;4870164;4623200;4757752;4696069;4743202;4952205;4341012;4577215;4659406;4449512;4705725;4305373;4281832;4242126;4645995;4477750;4574863;4635998;4734093;4391545;4175956;4975686;4645764;4817637;4723118;4596614;5089274;4604903;5067760
4203683;4347292;4146484;4559374;4187293;4598709;3959643;4502649;4050449;4471572;4405815;4557887;4362433;4433751;4462202;4575729;4250489;4514974;4192426;4195354;4382972;4425580;4373007;4272484;4293948;4224286;4349101;4426744;4160706;4522798;4302020;4162250;4476077;4227962;4472598;4072923;3948166;4676207;4393682;4635855;4294628;4365943;4367793;4344569;4375967;4612459;4497181;4244274;4337364;4293477;4079988;4484038;3920819;4273699;4066153;4710633;4384461;3984469;4315837;4242852;4430446;4249404;4628227;4528488;4085532;4410036;4040112;4275926;4047011;4483634;4031431;4347076;4332120;4618597;4650691;4728318;4163081;4511295;4048288;4119418;4312513;4151459;4126199;4017392;4028175;4312819;4452052;4355214;4314471;4407769;4702695;4551237;4285005;4314344;4106450;4344050;4046685;4742719;4055171;3928323;4766723;4006329;4598729;4383057;4239870;4270346;4297882;4642336;4193401;4235284;4264974;4363786;4224837;4100982;4052303;4273628;4417268;4573045;3983185;4243122;4190953;4189195;4402090;4095132;4570380;4179426;4408722;4238190;4191900;4320667;4215416;4438644;4682958;4444644;4468147;4257390;4257171;4066326;4119570;4338499;4139995;4452118;5034041;4318062;4335862;4251771;4463998;4530848;4321349;4128304;4268732;4329880;4398451;4382700;4576580;4326373;4596732;4492828;4317012;4298732;4277262;4678991;4112731;4196718;4680697;4208199;4113156;4554030;4459517;4421149;4281176;4497834;4306080;4485896;4550622;4258306;4877427;4278680;4381624;4295838;4322443;4414135;4216694;4304838;4008752;4438893;4389906;4135105;4314513;4209610;4261956;4142585;4790052;4561904;4713900;4626079;4410974;4983836;4123102;4698982
4081575;4168070;3894934;4291065;3935879;4423070;3905857;3948982;3997389;4222858;4096181;4427854;4084480;4325818;4413332;4200247;4182138;4244223;4181187;3991721;4059189;4194238;4124000;3758244;3937960;4186377;4134500;4189320;3942475;4551837;3950782;4066388;4099336;3897958;4304239;4187104;3769332;4475446;4296235;4148672;4063938;4311466;4273569;4181748;4074640;4349519;3969369;4016078;4077536;3859700;4130446;4214817;4041924;4206286;3864706;4467821;4250000;3758677;3935454;3986432;4104332;4269079;4169186;4296860;3762053;4279410;3888696;4100643;4127168;4269993;3821828;4123204;3937314;4311794;4055845;4481686;4164033;4086620;4094448;4005582;3975722;4015371;3929013;3816710;4089809;3870225;4393085;3914457;4267167;4371075;4251277;4384656;4266442;3987222;4025790;4237380;4086284;4188574;4062283;3930192;4508904;3614325;4451828;3988253;3973284;4001398;4154454;4364225;4026842;4243342;3976139;4216432;3970901;3867812;3993329;4094928;4166588;4160477;3893671;3780898;4100140;4043579;4299404;3940487;4350893;4128282;4177468;4070759;4056623;4164738;4197228;4365290;4394191;4063474;4312560;4048425;3844302;3901259;3988710;3963945;3936634;4064932;4597669;4281532;3903933;4241246;4229949;4090823;4065951;4062727;3912746;4330045;3937796;4098658;4307204;4411423;4288693;4117946;4082570;4013346;3982122;4161365;3751193;4224290;4176535;3966443;3791154;4280110;4121371;4271812;3944285;4323087;4226579;4208223;4292155;4227543;4385081;3945424;4013118;4045707;4176032;4316103;4156913;3871205;3488397;4337193;4024702;4110666;4235054;4199406;3755733;3824430;4556935;4255617;4275355;4366831;4152377;4501097;4039676;4458539
4256967;4270662;3981371;4369003;4233527;4531309;3904685;4389086;4373863;4231735;4320806;4476985;4326917;4372473;4405553;4445476;4249355;4362982;4328356;4043321;4260253;4283407;4308063;3822099;4129207;4433141;4150344;4252582;4261530;4575233;4134216;4213045;4472593;4005786;4269039;4250902;4099839;4502947;4329760;4434685;4148819;4371226;4324515;4394024;4301060;4637499;4313903;3968437;4414933;4397333;4289223;4208003;4097513;4477703;4197625;4364539;4231881;4119316;4193025;4134515;4304061;4098087;4222430;4462188;4246614;4371083;3755640;4227847;4451490;4457460;4190849;4206097;4121817;4665812;4530830;4466886;4138514;4505302;4209666;4117297;4065316;4064800;4232279;4037771;4139134;4279340;4448734;4426226;4481423;4402230;4491893;4539116;4366311;4245756;4077329;4339277;4143914;4684866;4168550;4110226;4653129;3871776;4683741;4297818;4359395;4277808;4275347;4619828;3962886;4362158;4214634;4551497;4044746;4256238;3900411;4200542;4314642;4591539;4114317;4177372;4277311;4214283;4300983;4256525;4464515;4175525;4246308;4295635;4150481;4342827;4271919;4163037;4522353;4220102;4339737;4263515;3985885;4186590;4010024;4247151;4151181;4187313;4724814;4219114;4102009;4378596;4119425;4635429;4305465;4187791;4276292;4310455;4127144;4247295;4392516;4397863;4511893;4520726;4179403;4434158;4277282;4313590;3970015;4186564;4255642;3918537;4015559;4437741;4565076;4589388;4258055;4547902;4443747;4368326;4732007;4492833;4757493;4017951;4152418;4342187;4211474;4413617;4249965;4330919;3992264;4272189;4249715;4144621;4435608;4275003;4109009;4034194;4361307;4607491;4425881;4628245;4517179;4769774;4182947;4536546
4311760;4645319;4416428;4532487;4635253;4704785;4401609;4797081;4392861;4852415;4807722;4712761;4608882;4940811;4663786;4832133;4697013;4842582;4364826;4514107;4882239;4521981;4639421;4448537;4689307;4764581;4643258;4574324;4594251;4823312;4562243;4651506;4592287;4207002;4790237;4502457;4399155;4797643;4627766;4978700;4291915;4678403;4724211;4804041;4785852;4843127;4374400;4324162;4550512;4696321;4548432;4695744;4300613;4856502;4539749;4824900;4798036;4300159;4510530;4603999;4673977;4671387;4865164;4689887;4255258;4848379;4557830;4764853;4398275;4742823;4266302;4479745;4605240;5052208;4541390;5005053;4712392;4809751;4672947;4350658;4352911;4560291;4334439;4381427;4349106;4543673;4693733;4659081;4671818;4804040;4890553;4767178;4519574;4514807;4393129;4726745;4700048;4765566;4599514;4314623;4989739;4209094;4805030;4795361;4766843;4388889;4574421;5057995;4466862;4694983;4521024;4774989;4354749;4418721;4346619;4643225;4710085;4895165;4363113;4749804;4630654;4432920;4999034;4462102;4928446;4489985;4727468;4718621;4652896;4757274;4660461;4583561;4673758;4552333;4743735;4428871;4399566;4470213;4352140;4594354;4518840;4826374;5366922;4721107;4379782;4526479;4831747;4552176;4649506;4618770;4461127;4876122;4617150;4643094;4842729;4648278;4887375;4869634;4801815;4533068;4538990;4805075;4298157;4395718;4846175;4403728;4263193;4826191;4655379;4536563;4753071;4721376;4496480;4831467;4877365;4630408;5092502;4370763;4757404;4520340;4560504;5040376;4346933;4761685;4240718;4857728;4617169;4686142;4655729;4789260;4708346;4603155;5030954;4955264;4814254;4647797;4855331;5249806;4519087;4908426
4785151;4954923;4561684;4982882;5015297;5128408;4684539;4929917;4887647;4940175;4871292;5274604;4982910;5010228;5086234;4983246;4845663;5103193;4681905;4723197;4858569;4992559;4940195;4716564;4817859;5012061;4860655;5024849;4676728;5435472;4777978;4989487;5214428;4688672;4898046;4841062;4490104;5281351;4905469;4997735;4722289;5053733;5269439;5100418;4894868;5226231;5051263;4534745;4923652;4861751;4920909;5071535;4702314;5147958;4759312;5222851;4885196;4646188;4815352;4635326;4930066;4886820;5016205;5076948;4548736;5002220;4562160;5003942;4916381;5135739;4877771;4853379;4744938;5449348;4936787;5368134;4921980;4884887;4673214;4654696;4909200;4714221;4578974;4456535;4561860;4915702;5204434;4974625;5225910;5045827;5467465;5180939;5049989;4810721;4578562;5303693;4862857;5204926;4745151;4755797;5364891;4510816;5259750;4919517;4883527;4661410;4822073;5189261;4796413;5057372;4710901;5234921;4465376;4850325;4632033;4695966;4776147;5114588;4486576;4835895;4827132;4765618;5111073;4758561;5325574;4511403;4929077;4771189;4729810;4988530;4835713;4840568;5212338;5059120;4988093;4865224;4714559;4897409;4880260;4792750;4592976;4943585;5642092;4886332;4770697;5065902;4878462;4936977;5216917;4849286;4822017;4889014;4699288;4893884;5037644;5053453;5060896;5047439;4889057;4992425;4858174;5199050;4667232;5015944;4956422;4715007;4744823;5370963;5045933;5135910;4953857;5174828;4794357;5101118;5223784;5407287;5514597;4667589;4924037;4734194;4712718;4927574;5019010;4811614;4579202;4924205;4848306;5023671;5057160;5158974;4609700;4668493;5328028;5112745;5164903;5088617;4974835;5415228;4697772;5554214
3970070;3953056;3642709;4164596;3970564;4240590;3786885;4286935;4107895;3966747;4176400;4386591;3975431;4174028;4188940;4257349;4114455;4086685;4051467;4086689;4042750;4148429;3976588;3878861;3876404;4155143;4036832;3963161;4015517;4192608;4162952;3898268;4300054;3833925;4157658;3934688;3839652;4189794;4023745;4350528;3909892;4183297;4280775;4209323;4043294;4257841;3830495;3765121;4129657;4011300;3861701;4158244;3918198;4305397;4149666;4327617;4206756;3965946;4097033;3911419;4205422;3916027;4244727;3967038;3864161;4152411;3903219;4079063;3984923;4182118;4027788;3998580;4048786;4584600;4159328;4292480;4009854;3897729;3852890;4069397;4060321;3980694;3870432;3783971;3911993;3886890;4106109;3868336;4173759;4223613;4330497;4363342;4071728;3973998;3732679;4165690;4012126;4234484;3842621;3738434;4337652;3961539;4260826;4063385;4125130;3904086;4065593;4209842;3991754;4076038;4061936;4354144;3901838;3937746;3780688;4009145;4023382;4478775;3871149;3888981;3966708;4043337;4430652;4094455;4276763;3771884;4089498;4103970;4058338;4059711;4160454;3919060;4374579;4271343;3959190;4043787;4109098;3777742;4107288;4123704;3960438;4058864;4535417;4001359;3907003;3986028;4131577;4384584;4096978;3959757;3754243;4209760;4019268;4093394;4308989;4042225;4262421;4084430;3779866;4170008;4123477;4248025;3634441;4094869;4141960;3967312;3902425;4364916;4345051;4156592;4017946;4335588;4112604;4030008;4056535;4324475;4517598;3886789;4202622;4088675;3974184;3992252;3944718;3861189;3434717;4110933;4186273;3924422;4074772;4265226;3763265;3701510;4350770;4347023;4225082;4436952;4122568;4608951;4002550;4366761
4232218;4293260;4137047;4469771;4489013;4444027;4193420;4380134;4252065;4409895;4441316;4391734;4421690;4450923;4478296;4634244;4247447;4401806;4273917;3951258;4309736;4397641;4372335;4192937;4218122;4596946;4097647;4268792;4319293;4541117;4496090;4231568;4389416;4010005;4538961;4414258;3960892;4606476;4303256;4535473;4441147;4593188;4630318;4359500;4404471;4529331;4230611;4039058;4505489;4419197;4136595;4475989;4181981;4711898;4468159;4729704;4310444;4058701;4145552;4024187;4612539;4291454;4333322;4198618;3928333;4583366;3867069;4401442;4156946;4427449;4047595;4105133;4073084;4668592;4294191;4481445;4107932;4168480;4507723;4148773;4048424;4117588;4230110;4055924;3964837;4106736;4571198;4529589;4434981;4451187;4371197;4589061;4267613;4175747;3926596;4591804;4308281;4506777;4107227;4184670;4819340;4165724;4537220;4583489;4291725;4318603;4276863;4686992;4067140;4497304;4213033;4266652;3983107;4257046;4187444;4151758;4410441;4725767;4110453;4119315;4434472;4116029;4345127;4207663;4684012;4052668;4223359;4279952;4429192;4124956;4359287;4292151;4477415;4302795;4365777;4125602;4225888;4178333;3987651;4187980;4090748;4383148;5050914;4190261;3928090;4231140;4305725;4324640;4570233;4277628;4287867;4459292;4112733;4196876;4510915;4400443;4444624;4375271;4239195;4316082;4105915;4551955;3751066;4238719;4387249;4189044;4000812;4524847;4469910;4327145;4619698;4481057;4218244;4493248;4565276;4479103;4791232;4233717;4434644;4033998;4092593;4485427;4253041;4237708;3825747;4345904;4272547;4311558;4502547;4697516;4096877;3980287;4582836;4385176;4504297;4511601;4395403;4883553;4160311;4761973
4692919;4813171;4625950;4892083;4738936;4966346;4437255;4820785;4682691;4756725;4542754;5056472;4655677;4932702;4979199;4985724;4830966;4879829;4609589;4608341;5044089;4791968;4649926;4513202;4737083;4765140;4596071;4824932;4796643;4952068;4532602;4597837;4727340;4572020;4839550;4924274;4419418;4979262;4769947;5064383;4864584;4829409;4927230;4730015;4873496;4874409;4546738;4545056;4839593;4406715;4566956;4687142;4557430;4847379;4565483;5126501;4802236;4429464;4721277;4547836;4883194;4680512;4918990;4792677;4474140;4874030;4522024;4809181;4689704;4985107;4402475;4576478;4587382;5138010;4891771;5088996;4735710;4726943;4600562;4700031;4515447;4746594;4428044;4450661;4502920;4734169;4761497;4731002;4888795;4971012;4970479;5228301;4642774;4773598;4442268;4975656;4505801;5008024;4596610;4584392;5000095;4441294;4993188;4780978;4637763;4554916;4808413;5230585;4568707;4879187;4800041;4831343;4411246;4546978;4600635;4640328;4650701;4885047;4476897;4582956;4571579;4562786;4881659;4456217;5078996;4422089;4644919;4737135;4752756;4712170;4635461;4680032;4968072;4637981;4830347;4524741;4698047;4435171;4609112;4831721;4555431;4617117;5185507;4726030;4484723;4726310;4732016;4764552;4858256;4604801;4425715;4925926;4531475;4780151;4976312;4735945;4876745;4772509;4708049;4812177;4642529;4806414;4325280;4820303;4791104;4701783;4611024;5077164;5112622;4804078;4683969;5081808;4912653;4789769;5029375;5068745;5334210;4579025;4683105;4544473;4516498;4923049;4623731;4654812;4437341;5074464;4625255;4735427;4823383;4793235;4659000;4464363;5058703;5022080;5131523;4969657;4821950;5382097;4630864;5054992
4692870;4911901;4742546;4778787;4872845;5099276;4518045;4737885;4733227;4834762;4894612;4946041;4865591;4976743;4993278;5076080;4910828;4972622;4673343;4744536;4909221;4901760;4877652;4607728;4914612;4836607;4912665;4750024;4515949;5120626;4641723;4751258;4836815;4348933;4743169;4765685;4504809;5182495;4846562;4879032;4737138;4956076;5053224;4792734;4702636;5091283;4769681;4530053;4715616;4621811;4936290;5034786;4548332;5010206;4828253;5147363;4901212;4361449;4680679;4765410;4993958;4736070;4972298;4980302;4659955;5228740;4493126;4821504;4575092;4889612;4517353;4586083;4608527;5114930;4927831;4934345;4692934;4845652;4681769;4545627;4515268;4673553;4627727;4345687;4519621;4522616;4857825;4811847;4862416;5019821;4966244;5008826;4870672;4731080;4662712;4800122;4450267;5128230;4623067;4620138;5063345;4430812;5225761;4954526;4957298;4523234;4723497;5281589;4763862;4825100;4605209;4924505;4622638;4710766;4435948;4663510;4679100;5193608;4541089;4635163;4686185;4651376;4883604;4646319;5160571;4703513;4794366;4719676;4623054;4748366;4967597;4936519;4971751;4936560;5011916;4829886;4637999;4719497;4666390;4921199;4590624;4947338;5343995;4833365;4625810;4843676;4882185;4870683;4911611;4822452;4719926;5072271;4795201;4901007;5074451;4817170;5001903;4868668;4995123;4955470;4762305;5124730;4428436;4661656;4793941;4431869;4488936;4844851;4816226;4990013;4786306;5054095;4881446;4893600;4914447;4957694;5302817;4689235;4884888;4702475;4598863;4974591;4667253;4856677;4413511;4978623;4783978;4780056;4862483;4973019;4711686;4518462;5114010;5144202;4966246;5244720;5053876;5194639;4575613;5099177
4037863;4154353;4105407;4270960;4142208;4540142;3944762;4183953;4181643;4122167;4247648;4535479;4084967;4422638;4167390;4346539;3953469;4147773;3919215;4077558;4190259;4196037;4220348;4060326;4207400;4370670;4113524;3980186;4195872;4369770;4184206;4343243;4139255;4191500;4170219;4286487;3766722;4370241;4139785;4163350;4044975;4172003;4392613;4165403;4033191;4504163;4157037;3676253;4176423;4184155;4202112;4345180;4030881;4619182;4118160;4518360;4113541;3957490;4255104;3883941;4410253;3969322;4198117;4181518;4053702;4498093;3776773;4044887;4132235;4378390;4007679;3776408;4097411;4593987;4466079;4474176;4110612;4181202;4242619;3896200;3989521;4177562;3877207;4004754;3892629;4077286;4286780;4084461;4239024;4461965;4468121;4628797;4002174;4038377;3883280;4172226;3956233;4543381;3915488;4021409;4584959;3765945;4534021;4210520;4215565;3935961;3990208;4528808;4093248;4173893;4048421;4208011;3992057;4069151;3908080;4066519;4169745;4383531;3958165;4114161;4105501;4078512;4203810;4039195;4589445;4068876;4107939;4061674;3997314;4226091;4202747;4112799;4541018;4216387;4299091;4281673;4010563;4175570;3966892;4132935;4115825;4073847;4816379;4157965;4101110;4146960;4298612;4283755;4189102;4130112;4034646;4299549;4052965;4168290;4358699;4268561;4385252;4314066;4009147;4101884;3938270;4345542;4075507;4102765;4152837;3877208;3938708;4296372;4195863;4196959;4239065;4322242;4040775;4382937;4420148;4251159;4620761;4032485;3918535;4252171;4039406;3995737;3879363;4129943;3890413;4344176;4132776;4167336;4437014;4082334;4053462;4072956;4158880;4347748;4509098;4439826;4329713;4613388;4058523;4409779
4582861;4749580;4394285;4653712;4642098;4727736;4177998;4650702;4568849;4604446;4744307;4772003;4632944;4746617;4848416;4870411;4679414;4879544;4365592;4321358;4715374;4750195;4538297;4475038;4695203;4710871;4583837;4667863;4597975;5009705;4703181;4590268;4767045;4266683;4648056;4506065;4259186;4884399;4800648;4946985;4482891;4640221;4910396;4972556;4489337;4917027;4506355;4384492;4765135;4528503;4604224;4809601;4565335;4781245;4677990;5103308;4890296;4289689;4517435;4537045;4664579;4695453;4794824;4767462;4300260;4857856;4299350;4771361;4660853;4627994;4387681;4580305;4566946;4985073;4591454;4895142;4668019;4709298;4677616;4630445;4277889;4493655;4180740;4403980;4420236;4609357;4640294;4710289;4961810;4846823;4906300;4817606;4636845;4595870;4270120;4709441;4667723;4841133;4579620;4543351;5018872;4331332;4816162;4671193;4660457;4531085;4542919;5155201;4436264;4803660;4602206;4707825;4405885;4545996;4506874;4495886;4528315;4863997;4145893;4637954;4705573;4247688;4970156;4426112;4877420;4435216;4582193;4719605;4515306;4722257;4789794;4472334;4769002;4774646;4697788;4720604;4604635;4466435;4590568;4739289;4469032;4581226;5281983;4598716;4446934;4922454;4599956;4807282;4733889;4515885;4557424;4791323;4548623;4520256;4956028;4453032;4883278;4739290;4820930;4718485;4474801;4874137;4366455;4498787;4649470;4398607;4603439;4867085;4884920;4666216;4685893;4524501;4583802;4634499;4963332;4736839;5146002;4576167;4748618;4451249;4253208;4908803;4671006;4405239;4352478;4902451;4512699;4512308;4717268;4720790;4528533;4501378;5037449;5195261;4943356;5085757;4903772;5094945;4633549;5129602
4423660;4759319;4315722;4519747;4589090;4624483;4156575;4762335;4528765;4682255;4582642;4767100;4529067;4482280;4762131;4848079;4488502;4768663;4486509;4317613;4448407;4641026;4781178;4256934;4508724;4708391;4602311;4663079;4509151;4897450;4619659;4410328;4695642;4495692;4766809;4401765;4325989;4940216;4851479;4787389;4455975;4528204;4853695;4756029;4628283;4799211;4578752;4354875;4677301;4744091;4485717;4816043;4374761;4667574;4375010;4937420;4899996;4172849;4658150;4457182;4695657;4574401;4892777;4812716;4409690;4738356;4448513;4485989;4478710;4615720;4376237;4645894;4496538;4846341;4771168;5189531;4479257;4552849;4616965;4434737;4361327;4364208;4170066;4279617;4448836;4661910;4670545;4695304;4627316;4702857;4990863;4576849;4695384;4404088;4475506;4607215;4492369;4976049;4438389;4591753;5122456;4272012;4915910;4640480;4571786;4519926;4425896;4877311;4468104;4918719;4377910;4804334;4372889;4431510;4339931;4587727;4478610;4745253;4535101;4564951;4420464;4547120;5023913;4176861;4848360;4168598;4668869;4441771;4611087;4785718;4643793;4533058;4715241;4538023;4863315;4551743;4489597;4531017;4361512;4512071;4659310;4400456;5363800;4476683;4500843;4669135;4660721;4772249;4708441;4661775;4531472;4670260;4646507;4666546;5018393;4624438;4878102;4784359;4699760;4692248;4530162;4793139;4444498;4473513;4611791;4459790;4518659;4925284;4903812;4689369;4661875;4648406;4743220;4894453;4821182;4669048;5254712;4480967;4414833;4534693;4459815;4801846;4460179;4513263;4301917;4918708;4503984;4542107;4321694;4710605;4499195;4282052;4731672;4744263;4774150;4726120;4773858;5183810;4456464;4998509
4520240;4646112;4451898;4612136;4698832;4784473;4221187;4830479;4603101;4570777;4895016;4875322;4713761;4882836;4751970;4856223;4633492;4863440;4647197;4362515;4794705;4868763;4569985;4336861;4446706;4866985;4464637;4660220;4582292;4958489;4464900;4513409;4870907;4436900;4841674;4663880;4183756;4898500;4719237;5037682;4498414;4769157;4987528;4669316;4647897;4921356;4729397;4356081;4807050;4510490;4529387;4792263;4395237;4996316;4576881;4996974;4841635;4223829;4525648;4531657;4915136;4588269;4771179;4661100;4356904;4824022;4326845;4703746;4506676;4631172;4418068;4503895;4503631;5000292;4833754;4880658;4723153;4645625;4613400;4652753;4284863;4528399;4437707;4400356;4278486;4502206;4845667;4670075;4736184;4805455;4761266;4782128;4536604;4444670;4342790;4779137;4227380;4833003;4482097;4441432;4973263;4279547;5005711;4618138;4565296;4633653;4486730;4950008;4328843;4778138;4543759;4755765;4258831;4570926;4327516;4518926;4673551;4956698;4255775;4469437;4652665;4506140;4881296;4443455;4879717;4590407;4583466;4508940;4792949;4569683;4552644;4527998;4919219;4713840;4857244;4759758;4536062;4511234;4352827;4426524;4522252;4785545;5094855;4446600;4288026;4604916;4747423;4632837;4755768;4836681;4539763;4773176;4372624;4674714;4750923;4738843;4798101;4726277;4533142;4684601;4429684;4780759;4163080;4498765;4618463;4401663;4417502;5074681;4982816;4772802;4639449;4856575;4616502;4733827;4927125;4767663;4977443;4494399;4631487;4695559;4644881;4656168;4371765;4697693;4140196;4836536;4624998;4599583;4741663;4760200;4312341;4521708;5073096;4999130;4977259;4929982;4441116;5121932;4448015;5113282
4298806;4684841;4430017;4597789;4457805;4767093;4091444;4453560;4349430;4572471;4643115;4619359;4509449;4615622;4792047;4572017;4699292;4816829;4186009;4315605;4537347;4562170;4402291;4213260;4532814;4507438;4527704;4605609;4343496;4849317;4399604;4390434;4477292;4339034;4389610;4423070;4102163;4617976;4478741;4706882;4357470;4555213;4843461;4671192;4552157;4521073;4462997;4464245;4384423;4281357;4515403;4449798;4299333;4702801;4270237;4752194;4626786;4272535;4550209;4447190;4621139;4653787;4424419;4785616;4226124;4618516;4188800;4459482;4328496;4713391;4347332;4364088;4433574;4860718;4638419;4652223;4588649;4563775;4394874;4369704;4275275;4371217;4308796;4075290;4224767;4399259;4772930;4494141;4541349;4620761;4837064;4793143;4390884;4310200;4354866;4613805;4587215;4690135;4346450;4529551;5011570;4278674;4838468;4713941;4459084;4408065;4369045;4747009;4469423;4751857;4518747;4576240;4357251;4118256;4240890;4398132;4456122;4693985;4350783;4307071;4403211;4268215;4587304;4183784;4847563;4310821;4515358;4433275;4516972;4473787;4595954;4422966;4564274;4547526;4662320;4602007;4424746;4444413;4209652;4312648;4434598;4486308;5149052;4401299;4142260;4649915;4486795;4494518;4602434;4435251;4372435;4649045;4289073;4663745;4813525;4602837;4630095;4536252;4652388;4578941;4489145;4713782;4200282;4351285;4655654;4169714;4324226;4672299;4647150;4419366;4255372;4685434;4765227;4708564;4618801;4482363;5144217;4324082;4228181;4667806;4271331;4584040;4331280;4418810;4281522;4637402;4505283;4354506;4370495;4740798;4198592;4158888;4759165;4750361;4562552;4490477;4524314;4986345;4439554;4875599
4611884;4689694;4403755;4887345;4589044;4869816;4314542;4959460;4842453;4852565;4795497;4759312;4629481;4796054;4979902;4848013;4726083;4784423;4537608;4462117;4801866;4799009;4588040;4301996;4500721;4581412;4598619;4802479;4788398;4928844;4690952;4550531;4798332;4480810;4950718;4630637;4242554;4948168;4674943;5039271;4502471;4734779;5034356;4687354;4849560;5097855;4578356;4527409;4749967;4589084;4635662;4968208;4292790;5074115;4414039;4983995;4755873;4419701;4571266;4497382;4768849;4504174;4865190;4887074;4543087;4766322;4318520;4821180;4606229;4686476;4262022;4715533;4766234;4896244;4944349;4990366;4488859;4807087;4510920;4600304;4434300;4493238;4513568;4220140;4537077;4471605;4915403;4732457;5034678;5000029;5095027;4835385;4761519;4890238;4521139;4770795;4604646;5020191;4666866;4430977;5127837;4495616;4844201;4868198;4839738;4522670;4606451;4958651;4618302;4928130;4601241;4805790;4370426;4465233;4451605;4528966;4719622;4996160;4473949;4488509;4605379;4517321;4781762;4605126;4951909;4700577;4797951;4786357;4667197;4736828;4662572;4624660;5141262;4701066;4699131;4654191;4786278;4598669;4558985;4741252;4499029;4766731;5277279;4740412;4423894;4465508;4879212;4814467;4725200;4679955;4767921;4748287;4786600;4789977;5030795;4733587;4998603;4862677;4707463;4987352;4691003;5078901;4605624;4542696;4732532;4569620;4475422;4988387;5048166;4756340;4719014;5042319;4789806;5046534;4763234;4836351;5408307;4512005;4510983;4549208;4665961;4754304;4486433;4709959;4233776;4890697;4590277;4683637;4857590;4897762;4754506;4280170;5018374;4842171;4826012;4875459;4856553;5237801;4586647;4923594
4131916;4265584;4100952;4279255;4133621;4574338;3715194;4490204;4362646;4256056;4500487;4415421;3815899;4451281;4278586;4232792;4187626;4505885;4158941;4262747;4332228;4438350;3976218;4109871;4397209;4467386;4153264;4203702;4244493;4466084;4213036;4046093;4265130;3934208;4253692;4076851;4181876;4537862;4238765;4404046;4041110;4445589;4669539;4358727;4221459;4570480;4094077;3820781;4413498;3969930;4192894;4460759;3959455;4518113;4030284;4307335;4399855;4118971;4188494;4016370;4371544;4094966;4403254;4419940;3930420;4453189;3977773;4397174;4000689;4325281;3964076;3956445;4326686;4647985;4490855;4422585;4232826;4339591;4152081;4221062;3960205;4154108;4176176;3683848;4062656;4043508;4167111;4240490;4495992;4438218;4359095;4465820;4233603;4215383;3857424;4316654;4056121;4534586;3912058;3974442;4541548;3909602;4530025;4320933;4345190;4119590;4135721;4736587;4158276;4401307;3881778;4285397;4074763;4288962;3880477;4261257;4099992;4482066;3969199;4076146;4100188;4056488;4165810;4102368;4323431;4044841;4250918;4293226;4041483;4225383;4148797;4201189;4528825;4303970;4460352;4073774;4081962;4018275;4203236;4128204;3950218;4057470;4855519;4396227;4036123;4209003;4380609;4363608;4509069;4378718;4194756;4494692;4161462;4375212;4381541;4254158;4412297;4447956;4273320;4526160;3999368;4311244;4007376;3909487;4338822;4094216;3940906;4361318;4530263;4208091;4169175;4302711;4247824;4243299;4172861;4393466;4683436;3896445;4117354;4294581;4201820;4366896;4020584;4174720;4055768;4347917;4292264;4275361;4439319;4229510;3995825;3912359;4534521;4519734;4413228;4301433;4437819;4804725;4282612;4464243
4330774;4421165;4286805;4444047;4444918;4609433;4045330;4521412;4414813;4286567;4464061;4548292;4363213;4576936;4513459;4646959;4468999;4569534;4311490;4294950;4254673;4355960;4381996;4074334;4308694;4630558;4378571;4387264;4102313;4526897;4298658;4357872;4331145;4455061;4548103;4379458;4168317;4647575;4531421;4680353;4449302;4752083;4704101;4426182;4394270;4616282;4433285;4167530;4429661;4331433;4318264;4407117;4183107;4226490;4229564;4783202;4353737;4177650;4372009;4271099;4513143;4340883;4348682;4529735;4271489;4469701;4083179;4286622;4534264;4711132;4292668;4169561;4213939;4760130;4555115;4623924;4317330;4531840;4208323;4210313;4265865;4241248;4062878;4258980;4162197;4337696;4355075;4396584;4593445;4458153;4554913;4766593;4402819;4377957;4067807;4626970;4332788;4633558;4275789;4390240;4844094;3950746;4800672;4481368;4335389;4374691;4474677;4715167;4223684;4646454;4436604;4410942;4212105;4098480;4006039;4183940;4479780;4754661;4026592;4280768;4308156;4323647;4526874;4356419;4610530;4195038;4420804;4251198;4175182;4441014;4377617;4315428;4680979;4417032;4591787;4448518;4496326;4410293;4114657;4460367;4278127;4487237;4902256;4368240;4073902;4555166;4265646;4645140;4699156;4441126;4176608;4500004;4337394;4256293;5050650;4419045;4576564;4586266;4352805;4533320;4382028;4594134;4140911;4334731;4674518;4025675;3931885;4492672;4729272;4517679;4424883;4612430;4381118;4403121;4654826;4509148;4798264;4129712;4312999;4393089;4250279;4411726;4267133;4217846;4205570;4374926;4434740;4252728;4328188;4490726;4211692;4284734;4655877;4942492;4556840;4703071;4604949;4927580;4221968;4735105
4754805;5028655;4686380;4959135;4701374;5139492;4623346;5081886;4848378;5058985;4892672;5088639;4725990;4995750;5062754;5151564;4984571;5076894;4928015;4841301;4784294;4843542;5087577;4670375;4898582;5028317;5059995;4899247;4935949;5174532;4829211;4756685;5013432;4664032;4949371;5078927;4762542;5063357;4912904;5031232;4619804;5200328;5160408;5103296;4823722;5088372;4990482;4721970;5034182;4930831;4940272;5141790;4530222;5061633;4622198;5173228;5015533;4536972;4904109;4753209;5025116;4944265;5010101;5051675;4688359;5047469;4697703;4869739;4814460;5098156;4713018;4690604;4877059;5428552;5087895;5441637;5107592;5011711;4828693;4724374;4835999;4793414;4613033;4753541;4641182;4961048;4935846;4876786;5120257;5195735;5246948;5331549;4973052;4952188;4676597;5188679;4784332;5241723;4925344;4753157;5503628;4630021;5331661;4983806;4850719;4913453;4818556;5371355;4736854;5161395;4932989;5027938;4765689;4648363;4676269;4798276;4816040;5026735;4774346;4790070;4759334;4852106;5090827;4912537;5160930;4635042;4768208;4929043;4684653;4994375;4884550;4852443;5048568;4756043;4979977;4925914;4742011;4748148;4602775;4911896;4880937;4771312;5535333;4955711;4672528;4989704;5050767;5040413;5059241;4970993;4781633;5033958;4599045;5076579;5335210;4958422;5239946;5119106;4805175;5085325;4955246;5204570;4704476;4750510;5060329;4645503;4830756;5194018;5165294;4788067;4872753;5099602;5083714;4990141;5281345;5172524;5504142;4787608;4766980;4995342;4641534;5119171;4943434;4927424;4600970;5251415;4964255;4952264;4977975;4903736;4588759;4660053;5013361;5146737;5172435;5215340;5157392;5528671;5013585;5383160
4320423;4473120;4499734;4376413;4669643;4803786;4309635;4438276;4299237;4607849;4476952;4857247;4244135;4937107;4539373;4789732;4471247;4832123;4421827;4449080;4632434;4593502;4674948;4396935;4405567;4616938;4453297;4577043;4212603;4784147;4487471;4461085;4690501;4415763;4715770;4763658;4289542;4832831;4630970;4793428;4404437;4790503;4665455;4719332;4508545;4940628;4498963;4104908;4474375;4466408;4430888;4449129;4333080;4609173;4207059;4966121;4498912;4275732;4709596;4345919;4604638;4348937;4729489;4602158;4302861;4637473;4404887;4478262;4600366;4467156;4188614;4313401;4399560;4917056;4586388;4872689;4639866;4824486;4353907;4521812;4436482;4289508;4108677;4291467;4320464;4480048;4669100;4484144;4811708;4680138;4579027;4920815;4519288;4349670;4377623;4559789;4286894;4794854;4244139;4424465;4865461;4210005;4985074;4428426;4312220;4436776;4416385;4773913;4424991;4505857;4462553;4639833;4170224;4456454;4272006;4462511;4672287;4863332;4383655;4437181;4461566;4413754;4702699;4264577;4775892;4250856;4619661;4466288;4420447;4566956;4457216;4489599;4658473;4495773;4779315;4568090;4317048;4404939;4437382;4698082;4281594;4537764;5080900;4501792;4420096;4547600;4608329;4659286;4565895;4608359;4294140;4674270;4544906;4483167;4688977;4869506;4808913;4719527;4529529;4729488;4609315;4614506;4265252;4503141;4633427;4247994;4280138;4853359;4499563;4587659;4681661;4746346;4519515;4789855;4851186;4690312;4974376;4283059;4404456;4607439;4532700;4511413;4490515;4416032;4061154;4674068;4358920;4353658;4467050;4584913;4293457;4252771;4816001;4808030;4767723;4992511;4633777;5007657;4506680;4921171
4456941;4409735;4000390;4649996;4411139;4668530;4084248;4434995;4567774;4490644;4540830;4718698;4370028;4793194;4683448;4689575;4283420;4515251;4199034;4178719;4381278;4554267;4447602;4046713;4173188;4420187;4408783;4515824;4294834;4726913;4388708;4288750;4568070;4131532;4392785;4277540;4093569;4458522;4460358;4724140;4338958;4438836;4624501;4250168;4472942;4561849;4244885;4224709;4430613;4405054;4323613;4552212;4299960;4648391;4286615;5051811;4684777;4151199;4417046;4260185;4774771;4325775;4447262;4635272;4482122;4544408;4092985;4279718;4531173;4501306;4502197;4148007;4249472;4687334;4533885;4780578;4178253;4508379;4382172;4282707;4078984;4317916;4126550;4166238;4217858;4270199;4592529;4283155;4579724;4696810;4758600;4831906;4493234;4543152;4179018;4404837;4227350;4654339;4357363;4203504;4936874;4125973;4572760;4405381;4441397;4298872;4265638;4945712;4299075;4444737;4330041;4460185;4377995;4286045;4325428;4350271;4477280;4568531;4139912;4200035;4557897;4275970;4506974;4272423;4500103;4210478;4543787;4340124;4111768;4493382;4449442;4246794;4615373;4353569;4657118;4621969;4399345;4310933;4232862;4474691;4038521;4454540;4837404;4401312;4310904;4277052;4363534;4691824;4529141;4497965;4191650;4557340;4405524;4316658;4784434;4458963;4646187;4434080;4485021;4556630;4364252;4399784;4025450;4321635;4572417;3878895;4334441;4739587;4586541;4589696;4308266;4642479;4700464;4612753;4574377;4468563;5012241;4219619;4397709;4448478;4340746;4560714;4334205;4316776;4006634;4530999;4281221;4294291;4278338;4437227;4257548;4207021;4599625;4636966;4516820;4748485;4556563;5083953;4338188;4806513
4210544;4515505;4053259;4275934;4286187;4509090;3979639;4462770;4292294;4322750;4254494;4458213;4177973;4465755;4452048;4471233;4161241;4449191;4126782;4215593;4255506;4419015;4163099;4210583;4290563;4504904;4105981;4234577;4167308;4667261;4077799;4230384;4436847;4058282;4458892;4426981;4013179;4607357;4406848;4407889;3991246;4171766;4580270;4347043;4340073;4596955;4349260;3902497;4430239;4128437;4481679;4403786;4267372;4558802;4140415;4611906;4458082;3941740;4338982;4115667;4352443;4247999;4414251;4379548;4021677;4361509;4015500;4251928;4357976;4576439;4089209;4142035;4267282;4758173;4510580;4538984;4295015;4303448;4218967;4383763;4199275;4222475;4094368;4146118;4035689;4069911;4540588;4300644;4514658;4404042;4570401;4591110;4403338;4176290;4040315;4321978;4129928;4504447;4178525;4047927;4741533;3815103;4562653;4523311;4466867;4369813;4279273;4757162;4122207;4436202;4225699;4462873;4088068;4240449;4170989;4335357;4401551;4408372;3985612;4348679;4227681;4122386;4557868;4168452;4482676;4040098;4275834;4286833;4024126;4383023;4341838;4185150;4357381;4138838;4480817;4292211;4270472;4072690;4209316;4299213;4013343;4236233;5205212;4342476;4118813;4516804;4576198;4233608;4570044;4438990;4117254;4506558;4359413;4141827;4424787;4335400;4692425;4355958;4326143;4320006;4160464;4499339;4180913;4300577;4591868;4094740;4150261;4561856;4497373;4353321;4293605;4501392;4225863;4229162;4494529;4550898;4830875;3978365;4084480;4406376;4097020;4507154;4065411;4121496;4164628;4618046;4292224;4420496;4380542;4373028;4048694;4093327;4712337;4604457;4341425;4221740;4585181;4752777;3974408;4823699
3781416;4315550;4002954;4014813;4206325;4316660;3806719;4298391;4178610;4099167;4291782;4266444;3932643;4100762;4309969;4196926;4119355;4327715;3982636;4076273;3973810;4397531;4156812;4040182;4082511;4218565;4043965;4139844;4020102;4281786;3971533;4044080;4380884;3864931;4354874;4058775;4028226;4358733;4215442;4160008;3921048;4072565;4440438;4155627;4194305;4532684;4040568;3672503;4144599;3904651;4007030;4222111;3884964;4246479;4131699;4528481;4475162;3726398;4069409;4185664;4209621;4086664;4340599;4123802;3968748;4188166;3851333;4132631;3985525;4192239;3933685;4148085;4097956;4413667;4199110;4399625;4020477;4246050;4100869;4158978;3933466;3920801;3994737;3915773;4010345;3926582;4272892;4311455;4200590;4480558;4560828;4251196;4057750;3905401;3982610;4157465;3920925;4546785;3929809;4042937;4511893;3886421;4340249;4190304;4149967;4234843;3975923;4577877;3910134;4077772;3928654;4190496;3803503;4089395;3943526;3996986;4199177;4552251;4062598;4195625;3944717;4047289;4233064;4000611;4396464;3781783;4254165;4089624;4086763;4260999;4216214;3841438;4315771;4172638;4105811;4119298;3994780;4017830;3858124;4117217;3934343;4263495;4793182;4237568;3800070;4191085;4250427;4221608;4408888;4247092;4072339;4259438;4066842;4148772;4329739;4212251;4424074;4311079;4140745;4192603;4015332;4291881;3979997;4103837;4208460;3765818;3997265;4332063;4432946;4144760;3897286;4262325;4199232;4375740;4161722;4449335;4783430;3865587;3970503;4154649;3975604;4276206;4058659;4298996;3752254;4138798;4085493;3952743;3915447;4194245;3851276;3920982;4241486;4393985;4228851;4335267;4339967;4748923;4026788;4246433
4535513;4618799;4307612;4620910;4488497;4813454;4230741;4576073;4697504;4452863;4561341;4941838;4382987;4445273;4786497;4694528;4395171;4479770;4410018;4616266;4516625;4520672;4587459;4524783;4553032;4594633;4449509;4515034;4589033;4642083;4405402;4587340;4648724;4348830;4913289;4643728;4320494;4953150;4685256;4776633;4429861;4513359;4924129;4545031;4607258;4855511;4763555;4375728;4655852;4622393;4448406;4785409;4370566;4748893;4291587;4843841;4816374;4251480;4437358;4295359;4600076;4458052;4814225;4484562;4296336;4748967;4254172;4496841;4583814;4726650;4426502;4370590;4444056;4902087;4762050;4962657;4447928;4440295;4607579;4583310;4219917;4359232;4535646;4176427;4320486;4370595;4756488;4505025;4851663;4758069;4785111;4787205;4644838;4675367;4190652;4623014;4449923;4871295;4425107;4229498;4860916;4106547;4859576;4471562;4653310;4390702;4529380;4958940;4624671;4621715;4494152;4630756;4286194;4383094;4248992;4431431;4335447;4603825;4280727;4372379;4485315;4481806;4818523;4335288;4849051;4124930;4514845;4566823;4372638;4512271;4680281;4601623;4709211;4510923;4599670;4451529;4550290;4169482;4391646;4648996;4280822;4569226;5191146;4552193;4230214;4572753;4752139;4706315;4721386;4580535;4337362;4716641;4436354;4477372;4640888;4565889;4698215;4642545;4517775;4647569;4402486;4584299;4298608;4274145;4683542;4254288;4372021;4819291;4797509;4721556;4460557;4761722;4506678;4750252;4711402;4763021;5077338;4372635;4740264;4477312;4512772;4534277;4547687;4652131;4214914;4649895;4526076;4604830;4615555;4636500;4342792;4440908;4825825;4956481;4652708;4712101;4707518;4952143;4222751;4897669
4256050;4417121;4339789;4572663;4444119;4776950;4184228;4805240;4695687;4500215;4710348;4732100;4409912;4544002;4685861;4587182;4645606;4443979;4239412;4419285;4492249;4630236;4269519;4350390;4444570;4723506;4480288;4545117;4647177;4810371;4678215;4399582;4544358;4360828;4668702;4654389;4304318;4709339;4547072;4721344;4376557;4580807;4801577;4416828;4469482;4806849;4364067;4262091;4513712;4359253;4552104;4774686;4371693;4693442;4317987;5004463;4506588;4227294;4782300;4366630;4606251;4250197;4752087;4334726;4136019;4691813;4488124;4539867;4402216;4945993;4451829;4318762;4650853;5082983;4640309;4850470;4549248;4464348;4491526;4513487;4387192;4513814;4332246;4382421;4213650;4624107;4648589;4704920;4854294;4510672;4856778;4831569;4418896;4547155;4338327;4601017;4474554;4961207;4225628;4377569;4923838;4216078;4839949;4639689;4722788;4425840;4296593;4843871;4655529;4543295;4476662;4562873;4137114;4512861;4215063;4585529;4604725;4776124;4351649;4501616;4525894;4708213;4918548;4231576;5015611;4303277;4694691;4586478;4537531;4369745;4516003;4369535;4771197;4651787;4503048;4190100;4554566;4455985;4389969;4345987;4278559;4407545;5150463;4658665;4163264;4404100;4814356;4690190;4909712;4667155;4399323;4771954;4322480;4412356;4883426;4500459;4637571;4695737;4089822;4379415;4607104;4659456;4184149;4311385;4747883;4350605;4335355;4850772;4663378;4565275;4660510;4664454;4526315;4617734;4877112;4589691;4914258;4157354;4418514;4751713;4346017;4625436;4388310;4539519;4108307;4573425;4785254;4558211;4710951;4572137;4160175;4252679;4885559;4985246;4850801;4607747;4509609;5197518;4378447;4907960
4247683;4505947;4104049;4213907;4377827;4590947;4087866;4474763;4384684;4177805;4365864;4700379;4194194;4427975;4492855;4322886;4526279;4534038;4089402;4336996;4315163;4274473;4172552;4139562;4292289;4321329;4443552;4189024;4286369;4515903;4132518;4178450;4237403;3985134;4430053;4360440;4051144;4560430;4187660;4658898;4060455;4341839;4451810;4417128;4364879;4642440;4240775;4017045;4353982;4269212;4078885;4416480;4092192;4590633;4157415;4726761;4355887;4127580;4315749;4210005;4441170;4446085;4570567;4316566;4103215;4562686;4107252;4454670;4128091;4585665;4250646;4180381;4400938;4666566;4503559;4584851;4432531;4463966;4209293;4289258;4200720;4342054;4182396;4054968;4059740;4304196;4427752;4205993;4692266;4416605;4568079;4704206;4164410;4253960;4144855;4502776;4192320;4485076;4074259;4373604;4525524;3987018;4459217;4190542;4622455;4147925;4138174;4643059;4293121;4380164;4153881;4322223;4144218;4119695;4175376;4421051;4341147;4312504;4033034;4117915;4275221;4279524;4684786;4345644;4487680;4193189;4488468;4289417;4341475;4227572;4354578;4026079;4485988;4603585;4265396;4255765;4125605;4328985;4132776;4316548;4271799;4340999;4828532;4167367;4073899;4294436;4412715;4269733;4580360;4375899;4228953;4656718;4074366;4182104;4589610;4182006;4479198;4193528;4188695;4213266;4237221;4486686;4012269;4256114;4433061;3882081;4134811;4696399;4351627;4419484;4283061;4487453;4263842;4271713;4482878;4602801;4828131;4098873;4298696;4448934;4164407;4275758;4376613;4214164;3906443;4333789;4395120;4335152;4513856;4524963;3978500;4150129;4732772;4690117;4477268;4640494;4304239;4889089;4246797;4743108
4149048;4235893;4103307;4409769;4308870;4639776;3844683;4412962;4456900;4248807;4386238;4506428;4329441;4352707;4643755;4364718;4289396;4534525;3960323;4075587;4480463;4627868;4395969;4035118;4123934;4600640;4334648;4221777;4244590;4556667;4239326;4394546;4353933;4186162;4347036;4233012;4038019;4835294;4361916;4536520;4173617;4405042;4525769;4405289;4263880;4579173;4268157;4196964;4515172;4276281;4194482;4520782;4220989;4659759;4378735;4517227;4697015;4134441;4370560;4252624;4386248;4052932;4467653;4301305;4109010;4530659;3933534;4568615;4038888;4527504;4380136;4261368;4275558;4574986;4554177;4745789;4408982;4176277;4351870;4467819;4347875;4137573;4146364;3978558;4313797;4127053;4411087;4462857;4513246;4486493;4623518;4545111;4297433;4232304;4050113;4499159;4272620;4661452;4247950;4093664;4760960;3974665;4537130;4655677;4355995;3997581;4308504;4680604;4278513;4486689;4154523;4343909;4303051;4128863;4128208;4326427;4290591;4575436;4275187;4215283;4355206;4159283;4601037;4302702;4665079;4142258;4318593;4287754;4373628;4203025;4607491;4315804;4442364;4457642;4438953;4194314;4211991;4354594;4149157;4297023;4122528;4175538;4994619;4242936;4189985;4383213;4376528;4432565;4606407;4142731;4195972;4656623;4327626;4256791;4595013;4294969;4668392;4365584;4236804;4274623;4197998;4666186;4078100;4100664;4492658;4242589;4152626;4552484;4554158;4317781;4243216;4613901;4372144;4520416;4349681;4397659;4857784;4242429;4356335;4427330;4276576;4329764;4211307;4227039;4086331;4549071;4326362;4208828;4417638;4587800;4050793;4084320;4586732;4498354;4510974;4591306;4557218;4901428;4273249;4660264
4505395;4490252;4125251;4419060;4441972;4733083;4315228;4588443;4355312;4122670;4402568;4578201;4374481;4333545;4507403;4731899;4267688;4663498;4279227;4423457;4507124;4472768;4426630;4329108;4437195;4661431;4346127;4433584;4121027;4732877;4345370;4299682;4493034;4127088;4433190;4540819;4281788;4690832;4512994;4603189;4300488;4479509;4533452;4509977;4475028;4598198;4542041;4089820;4439454;4387998;4400496;4531390;4225955;4462097;4217947;4593434;4554883;4269129;4287714;4276899;4552602;4095916;4567223;4426234;4188250;4593197;4200093;4312068;4308719;4664877;4273132;4149702;4473689;4789824;4622039;4630682;4436432;4693738;4399077;4259615;4450623;4168975;4142751;3943191;4224966;4216889;4599149;4367451;4552126;4573574;4730983;4712855;4311566;4422305;4247919;4607650;4318273;4798778;4273323;4279411;4806370;4217623;4709441;4496871;4453793;4161598;4250714;4727597;4360502;4455686;4200487;4554505;4262121;4137612;3893700;4279127;4344321;4658696;3956918;4413824;4344754;4310322;4643352;4352649;4822865;3964985;4512635;4587755;4335713;4390971;4371025;4355939;4575505;4389308;4620744;4416990;4270471;4435663;4179660;4154043;4186925;4384568;4966442;4371152;4226185;4589126;4428876;4441527;4468373;4301663;4331968;4493792;4265642;4274967;4675524;4429893;4524337;4501717;4353446;4582700;4373544;4555453;4121292;4268930;4425041;4322233;4177255;4754691;4552132;4526613;4502224;4683654;4517474;4548186;4741525;4620971;4895544;4223391;4304086;4349283;4224774;4398326;4259607;4313437;4046744;4626102;4305466;4408718;4523102;4550558;4125738;4087225;4557094;4684084;4639735;4701506;4474970;4926494;4218462;4829982
4344644;4746897;4373334;4503158;4379668;4663848;4067383;4596281;4549902;4416322;4455287;4786002;4274813;4735275;4583792;4731585;4522780;4531876;4504013;4326582;4674897;4475081;4264631;4097450;4401533;4551535;4436629;4593088;4459779;4660210;4160465;4496832;4488563;4323085;4657441;4393234;4213593;4806070;4543852;4769926;4358676;4492828;4760860;4379293;4614864;4741990;4423481;4170309;4678095;4371805;4316768;4439573;4323466;4644565;4376809;4596750;4648204;4355379;4268477;4309196;4560510;4430023;4731317;4395584;4350495;4489499;4126823;4558860;4487304;4650792;4401563;4313585;4480365;4658721;4668575;4925009;4398474;4529560;4431002;4351916;4373122;4401436;4260129;4229411;4338867;4326720;4643689;4373490;4629959;4698116;4665728;4759340;4495056;4379720;4333055;4621949;4388830;4679807;4395648;4215404;4983851;3988431;4696538;4591287;4629506;4313514;4256075;4777071;4322468;4706097;4257195;4441877;4193770;4349626;4124909;4685933;4406569;4641531;4096538;4284807;4420034;4088664;4552463;4322146;4753793;4234646;4444691;4469124;4441893;4652872;4605074;4262053;4706526;4254039;4483434;4385918;4506142;4299209;4371246;4376946;4270698;4419302;5203292;4577874;4233139;4420007;4718021;4493468;4773492;4590692;4289409;4542962;4408070;4440144;4823589;4291202;4627470;4604086;4324647;4636665;4288572;4734201;4233126;4386234;4372877;4297416;4250746;4808618;4638724;4417396;4349402;4629441;4483360;4595525;4457999;4742852;4993170;4337497;4228715;4351679;4182118;4439582;4345181;4329200;4144632;4664960;4381798;4548448;4654569;4554581;4221645;4115980;4838261;4421020;4598462;4353369;4613004;5044489;4385241;4778554
4310888;4602001;4589397;4438152;4672163;4934786;4413760;4660946;4582018;4754470;4859293;4862738;4711737;4752147;4524883;4689109;4734249;4734783;4450941;4316867;4607599;4721694;4592818;4435848;4624943;4777614;4477885;4776667;4465880;4752308;4527578;4404605;4712626;4444751;4912394;4332515;4359792;4766448;4884104;4911749;4470248;4615480;4891373;4587333;4443210;4868351;4631876;4229452;4698931;4469095;4636869;4629111;4110393;4516259;4322229;4736044;4549156;4208562;4542785;4548727;4736222;4572323;4638614;4680926;4536940;4588125;4279877;4480646;4695950;4630158;4326536;4457897;4508115;4869371;4580953;4803508;4384339;4555239;4530958;4455212;4269699;4508266;4320147;4374319;4339145;4570881;4725493;4313667;4605396;4881700;4826236;4875690;4764362;4515052;4333135;4609030;4369835;5021141;4481427;4596708;5045020;4080667;4926524;4669975;4591881;4590008;4556612;4757650;4470355;4562005;4664625;4598109;4302827;4371497;4489349;4580836;4526893;4946046;4450289;4461113;4677618;4536663;4768346;4285837;4849517;4406478;4547091;4383459;4449969;4705404;4516248;4480523;4755792;4784771;4802541;4572293;4528564;4248364;4296365;4636280;4500381;4510632;5218527;4572403;4343863;4488359;4494050;4780027;4838530;4545364;4176557;4592157;4376972;4622370;4983458;4609354;4669992;4649464;4628426;4588810;4389919;4640031;4171436;4454834;4615723;4154210;4239507;4866127;4834775;4519900;4426164;4787172;4418228;4688868;4853495;4818520;5012396;4298584;4212439;4415007;4303526;4783647;4581654;4594677;4080194;4703637;4527499;4409025;4584186;4659936;4417438;4375578;4831721;4981032;4854813;4748843;4685723;5125424;4379526;5017607
4542923;4650180;4432060;4709483;4599612;4788509;4274427;4522459;4640473;4401542;4559289;4809444;4560003;4752881;4974627;4833138;4577039;4801829;4292392;4399324;4789984;4649856;4583326;4250965;4435116;4628651;4688490;4569832;4547547;4776922;4679067;4529605;4731864;4582289;4703011;4546192;4291247;5175927;4599941;4853935;4472594;4796587;4926429;4822673;4486889;5034061;4610870;4215717;4595737;4431184;4538484;4634614;4364167;4870584;4449586;4942807;4820263;4123818;4479870;4437415;4726347;4643279;4584039;4860128;4400159;4750918;4274699;4695870;4642397;4926191;4440388;4602423;4488175;5155541;4669407;4660528;4608249;4591841;4523237;4519298;4288909;4455608;4362610;4110304;4146700;4533631;4570652;4586049;4814122;4687585;4906174;4931053;4560798;4470305;4425192;4835900;4373137;5037659;4581488;4394022;5122712;4390391;4914457;4815001;4453979;4447279;4340760;5102217;4463289;4899085;4403143;4755424;4303560;4486615;4495505;4396180;4604989;4976229;4303761;4515151;4590772;4374166;4911738;4478372;4687443;4262899;4698375;4669632;4392000;4534570;4785531;4299377;4692864;4661981;4881050;4505189;4532929;4613333;4453848;4730885;4281699;4583053;5159748;4541875;4468344;4730223;4725938;4758168;4893145;4659457;4528338;4675633;4320610;4655912;4800176;4637280;4920737;4562135;4589426;4883316;4621094;5085276;4157033;4656591;4611358;4456495;4405362;4961877;4742185;4567578;4535180;4821482;4571295;4811046;4777608;4845026;4963532;4498447;4582691;4566045;4520521;4663692;4185960;4535096;4418483;4780273;4527847;4496169;4793982;4859904;4451406;4363464;4899662;4934011;4880760;4820508;4840151;5363002;4647266;4987214
4286309;4469517;4186379;4465392;4420043;4567122;4117986;4483523;4346929;4385277;4598878;4402714;4259212;4886077;4596640;4618661;4337121;4529755;4113279;4318080;4488583;4401474;4587804;4171029;4297524;4622586;4295352;4443288;4410244;4622251;4241798;4435986;4602735;4219474;4419441;4468610;4266541;4981413;4444195;4738575;4290137;4497912;4626700;4605844;4358932;4685567;4266109;4200605;4474050;4376604;4249313;4533306;4441820;4815949;4568582;4852578;4731952;4107881;4657086;4319715;4764179;4330093;4626368;4491236;4190545;4627891;4296026;4373362;4437576;4356177;4071908;4450211;4354856;4803815;4580618;4762367;4315672;4324459;4270778;4452023;4339473;4272009;4246199;4074655;4268915;4474831;4388602;4501203;4571838;4503541;4873165;4411806;4346643;4565842;4146671;4515355;4263104;4709755;4237608;4249887;4751551;4186112;4782785;4528576;4505807;4359140;4389460;4777657;4210979;4797096;4288910;4544000;4165577;4449836;4147436;4235256;4377241;4743065;4253258;4195850;4336136;4234221;4569603;4257150;4644584;4191448;4468260;4538045;4328206;4407644;4468198;4270949;4440744;4365927;4561083;4266725;4353105;4389594;4299990;4378936;4334482;4544997;5036895;4400718;4258789;4548183;4597203;4414886;4899951;4317163;4408528;4693004;4475663;4312839;4622566;4405451;4660337;4333714;4412745;4538824;4435907;4824758;4096669;4440003;4503761;4303461;4259213;4804927;4647242;4359840;4355886;4635385;4406183;4577921;4473616;4622833;4899395;4238241;4621777;4468029;4424792;4602046;4232991;4431071;4170976;4615115;4232561;4327257;4427274;4594391;4156380;4252511;4742798;4621657;4682804;4632847;4534983;5073714;4153655;4726687
4141689;4370762;4112852;4310756;4330148;4594809;4164242;4478374;4101254;4514033;4317548;4421912;4103497;4485266;4556702;4447944;4250750;4456388;4034915;4460541;4294735;4328022;4418240;4124031;4383037;4401860;4365353;4170014;4164438;4369493;3994164;4245015;4321705;4119358;4444756;4540025;4137202;4556539;4391295;4563435;4262772;4327599;4394108;4476683;4409405;4539589;4502355;4027525;4359893;4438247;4222012;4401561;4198475;4577327;4302979;4510214;4344304;4080714;4240103;4332343;4479567;4044254;4394751;4374347;3943955;4494391;4020110;4270218;3981544;4361976;4194612;4153033;4105422;4515897;4396153;4541016;4287725;4171684;4422078;4312646;4177703;4269566;4152788;3857509;3985481;4265798;4317382;4241014;4416893;4367626;4454135;4687870;4147080;4248523;4034309;4518926;3960281;4557826;3975953;4035857;4560757;4002984;4294813;4515464;4403127;4228275;4469109;4592051;4222200;4517030;4128371;4314938;4132549;4196521;3997644;4298556;4392849;4568778;4082617;4058053;4268334;4247895;4446295;4408321;4431501;4124288;4204417;4158155;4382708;4256871;4417400;4230979;4409557;4171419;4462430;4233704;4403187;3949036;3992610;4351578;4106693;4274054;4749152;4368798;4137363;4239159;4281844;4422465;4512345;4385149;3964409;4692390;4258089;4347591;4628314;4508265;4567685;4299387;4321906;4332507;4124419;4513927;3849875;4240375;4405226;4085411;4031840;4460214;4218380;4312705;4224322;4535472;4474209;4215441;4458526;4573595;5004921;4199539;4020945;4302343;4353085;4338888;4090162;4230852;4160433;4301520;4301426;4224991;4441090;4415956;4077116;4094806;4482562;4486354;4463787;4632851;4461957;4694116;4238778;4638587
4335300;4598285;4120794;4474151;4531520;4706677;4378753;4402318;4423406;4416835;4405926;4628381;4556747;4502321;4677044;4746980;4410918;4743596;4393865;4422130;4446060;4437473;4259735;4360109;4420437;4452127;4361976;4685065;4548545;4735081;4419669;4393423;4394361;4239138;4565825;4453805;4280747;4757159;4447041;4743561;4353425;4514747;4744179;4588254;4383563;4677133;4458338;4181783;4535008;4251741;4420084;4482902;4157590;4744740;4426523;4812169;4441638;4056108;4411200;4514222;4544161;4596538;4607498;4389286;4269815;4649453;4090993;4448277;4380668;4555171;4216432;4284654;4431637;4802999;4522103;4734126;4408144;4599937;4409509;4389543;4111213;4263874;4099640;4226995;4013308;4114689;4715572;4544536;4454266;4754217;4620260;4675904;4673002;4297621;4247666;4461645;4369541;4687373;4335573;4348908;4714539;4154466;4833190;4701986;4399090;4299575;4337851;4834734;4204857;4417485;4478979;4427678;4275149;4149236;4326680;4470518;4531701;4642294;4216418;4335829;4596153;4185077;4612298;4413722;4658765;4191626;4481237;4302738;4386083;4389891;4476049;4481731;4601873;4426049;4668164;4204364;4373783;4214489;4244902;4389226;4304147;4440401;4860662;4479059;4095129;4553796;4562453;4606852;4541050;4284752;4366849;4616799;4490993;4449990;4727038;4717946;4801607;4635267;4327645;4475021;4204577;4544400;4218502;4345604;4522291;4144339;3989291;4523651;4540568;4643798;4410632;4718539;4455721;4519966;4618175;4617727;4965668;4206927;4459448;4227157;4187842;4438367;4369838;4429427;4077735;4564923;4562048;4265891;4316897;4498550;4268206;4078097;4592667;4704482;4691654;4813137;4511499;4789121;4261590;4750811
4249735;4534746;3983793;4386997;4421186;4609819;4155559;4395576;4212908;4358310;4490533;4577182;4240322;4347023;4627796;4542917;4402253;4414204;4212052;4120194;4300718;4364734;4301620;4139730;4303303;4451962;4399638;4438444;4306828;4663767;4077132;4176943;4396692;4064138;4660218;4253902;4069537;4634495;4479672;4709968;4247177;4431331;4550756;4420214;4257271;4518614;4270765;4099836;4464864;4184375;4511914;4261134;4146424;4556695;4196974;4535529;4229400;4099936;4307696;4101417;4446974;4301630;4177004;4454999;4095873;4576506;3907107;4264962;4169222;4348011;4203549;4530908;4372893;4715241;4465704;4386563;4381780;4323937;4283128;4280216;4189979;4304243;4296830;4033271;4097009;4123007;4622564;4423864;4392354;4452865;4671924;4340032;4272108;4232049;4173136;4721761;4139302;4637165;4173244;4013885;4471826;3959877;4611032;4626428;4390040;4154224;4437957;4747804;4165194;4480951;4159326;4396049;4053981;4337081;4259155;4244598;4192835;4516465;4077452;4179063;4427140;3973408;4484477;4163621;4493918;4194396;4442531;4410311;4326697;4267260;4347727;4375757;4588129;4461253;4339218;4229924;4241915;4114306;4188939;4272250;4326306;4221662;4918477;4318698;4017025;4354304;4508447;4508209;4404830;4115536;4297336;4368948;4178112;4297325;4709275;4351111;4620557;4427473;4258830;4395374;4318902;4761515;4153013;4164268;4086928;4152782;4203940;4528076;4599839;4372973;4036692;4474345;4231729;4268441;4398930;4417639;4850999;4295651;4362442;4192084;4244339;4364442;4286641;4405739;3875329;4432395;4259910;4436967;4460071;4439139;4058806;3916443;4716460;4539387;4417769;4406609;4298644;4854333;4192552;4707777
4527592;4898696;4611105;4910916;4894992;5274361;4487663;4762486;4806036;4923852;4919829;5068457;4900418;4904402;4962609;4956696;4780191;4935837;4554290;4651388;4752388;4742692;4846263;4720724;4846200;4865031;4934176;4783999;4670107;5278893;4787572;4821076;4906506;4677669;5008187;4819932;4622828;5155159;4920803;5014106;4751057;4883066;4925601;4754234;4695715;5324229;4672497;4383396;4952837;4793752;4812278;4989560;4679371;4996427;4548852;5216938;5005028;4772067;4863446;4716318;4948373;4851516;4980507;4781468;4661341;5034055;4697869;4835223;4713265;5194755;4590102;4627931;4722638;5193870;5093380;5067190;4991532;4935245;4710378;4561151;4657747;4699291;4555242;4584212;4649800;4796454;4966375;4965245;4988922;4989577;5259365;5259727;4743485;4761670;4606936;5166949;4645094;5126267;4785815;4734277;5109498;4579952;5213654;5093167;4843155;4686708;4858000;5345711;4719119;4988487;4748453;4916385;4779330;4610326;4637825;4891379;4764110;5163467;4525154;4632904;4739802;4602548;4982013;4660558;5311212;4571456;4984332;4730375;4843944;4886189;4775434;4833301;4970350;4997345;5021339;4776898;4584259;4689819;4549689;4819979;4686284;4889084;5646286;4837998;4586749;4922442;4894941;4927771;5072848;4846204;4683091;5183839;4620172;4794756;4894528;4753064;5103461;4987672;4736447;4777866;4749255;5217612;4473625;4824839;4945586;4469049;4570113;5145698;4950385;4789047;4830183;4960140;4732480;5145821;5003097;5041482;5292232;4709848;4754224;4923902;4481633;4793566;4827351;4688164;4572216;5100379;4787819;4723749;5237308;4819609;4493864;4596682;5213145;4998158;5089367;5021445;4968074;5514732;4744415;5284001
4608462;4821886;4375908;4680480;4708648;5022665;4361454;4829152;4846451;4661243;4833603;4960181;4760144;4746080;5041100;4977296;4845478;4807580;4665788;4535740;4743984;4933394;4620859;4473833;4564112;4876823;4741480;4611694;4627617;4930934;4523861;4567773;4819654;4404691;4840118;4924312;4245671;5006327;4791938;5006571;4481541;4867921;4986206;4775989;4808369;4855381;4652603;4421728;4745676;4549066;4701216;4889444;4431761;4865884;4491504;5066337;4829430;4575587;4628811;4559758;5031258;4439076;4965454;4704640;4590621;4767220;4300674;4751246;4612654;4848341;4571840;4724557;4643366;5093915;5078397;5082120;4712151;4763245;4752181;4583639;4651833;4354974;4508583;4440417;4647789;4649550;4819118;4575161;4931884;4887009;4983518;5022734;4756888;4666778;4593166;4675265;4609808;5198584;4548071;4516691;5133251;4337392;5158058;4870842;4814018;4450119;4517871;4915148;4527452;4864482;4656060;4918041;4449146;4557507;4262544;4439608;4763703;4929890;4489471;4516541;4781896;4491811;4937205;4618602;5014060;4430037;4726903;4549948;4614615;4701648;4780661;4558807;5072836;4846154;4756397;4704323;4399756;4598806;4414282;4698950;4413599;4753479;5307466;4754937;4314494;4784351;4680675;4924739;4783499;4571696;4552017;4867289;4459946;4613447;4853474;4659981;4917211;5003905;4465604;4840908;4601669;4815909;4504520;4689040;4788787;4400427;4609364;4921696;4847873;4828863;4500056;5036790;4720715;4805454;4881543;4916392;5237072;4641241;4715380;4689423;4482104;4620513;4580828;4626736;4269571;4913581;4698552;4635336;4799974;4711761;4250413;4541448;5014799;4854566;4853036;5132491;4749399;5179075;4452676;5034793
4159086;4411557;4294292;4409169;4167353;4368990;4288421;4304201;4566675;4310996;4433582;4624759;4461354;4374395;4406014;4671840;4297566;4543632;4089831;4202046;4365775;4319667;4332353;4288187;4365547;4518369;4377648;4592561;4182498;4643526;4333323;4382883;4500496;4246317;4472675;4398180;4083153;4713277;4489855;4561101;4154238;4397793;4452487;4529564;4254335;4636645;4670026;4089915;4363224;4395028;4274428;4567520;4210278;4403688;4106240;4881720;4759247;4017025;4421936;4259064;4367146;4461343;4418772;4452417;4155331;4383107;4295185;4393216;4344829;4436013;4307237;4347158;4550784;4659224;4536414;4530523;4195312;4280920;4463073;4382749;4038041;4243969;4402865;4076458;4174187;4308725;4355090;4542647;4675503;4532157;4547785;4577364;4498526;4299074;4294336;4550230;4364961;4773221;4267602;4055159;4845098;4018686;4695699;4471816;4444806;4427958;4177177;4887908;4311980;4595781;4256822;4330737;4108635;4163160;4183856;4380722;4505630;4572237;4220379;4378700;4323566;4357745;4638004;4105952;4578122;4150302;4564853;4262078;4231091;4341336;4369551;4146750;4508021;4431014;4576220;4333751;4186546;4206380;4157445;4356348;4220409;4336621;4815372;4476310;4179626;4481146;4561371;4595036;4497359;4355799;4345195;4589245;4250748;4464719;4365134;4314478;4620027;4369070;4343070;4377129;4329101;4541472;4035640;4319978;4422496;4269826;4341169;4782780;4587649;4397916;4286385;4639783;4634651;4628033;4612905;4490545;4775072;4294670;4298345;4313437;4245062;4436079;4385337;4330268;3883524;4402042;4405619;4332484;4658649;4604702;4101336;4099095;4618189;4644801;4512246;4613731;4411412;4966834;4387616;4718914
4395584;4115751;4008413;4281430;4159525;4477904;4045372;4241854;4385897;4296885;4374058;4674297;4387038;4482233;4479002;4465574;4158303;4155728;4310505;4146452;4301848;4435268;4372581;4119106;4349234;4470591;4300164;4179852;4224083;4497568;4058562;4224939;4279407;4137517;4254658;4346222;3870651;4690513;4206481;4708028;4041761;4188647;4670431;4266604;4299000;4450234;4373236;4005916;4375674;4282890;4166320;4610526;4264054;4575243;3993837;4639002;4434625;4103426;4328653;3947524;4195005;4257958;4483393;4511111;4181727;4407692;4058846;4354405;4315777;4511267;4156259;4130170;4216829;4547181;4391959;4368236;4384827;4096358;4309250;4033652;4049647;4288709;4037504;4132400;4069521;4216585;4527629;4275148;4599418;4568898;4428992;4535199;4134809;4319791;4128879;4457833;4147936;4587566;3961948;4068219;4784448;4033092;4607418;4483109;4400804;4087470;4077329;4768682;4128568;4477509;4243838;4532132;4079456;4240755;4067007;4328439;4307403;4491547;3968359;4053169;4240750;4008373;4527226;4237186;4469585;4064571;4300228;4252888;4149935;4340028;4234346;4295715;4552823;4305610;4457618;4230296;4090423;4007742;4027343;4470237;4185308;4436176;4791987;4262412;4066902;4335713;4365968;4403375;4497108;4297196;4072409;4483006;4203344;4324172;4479434;4308412;4600210;4253594;4258451;4399778;4132103;4538587;3850000;4227767;4279282;4103404;4118459;4653139;4518273;4387157;4362512;4333320;4228266;4409788;4281234;4353736;4720912;4301230;4170800;4160246;4270948;4315761;4004632;4326600;4004812;4351036;4254776;4337885;4520702;4459009;4188534;4287479;4689229;4464148;4445175;4487805;4333639;4814507;4223154;4928481
4322962;4529803;4242523;4411818;4638444;4683543;4220264;4547690;4560818;4371254;4640565;4760146;4363544;4680453;4551421;4686181;4423873;4617703;4266684;4070935;4305389;4664401;4412579;4352360;4346319;4820414;4422435;4333378;4353951;4956539;4377363;4246148;4700780;4184893;4540008;4598586;4033576;4719129;4580758;4683413;4161943;4411912;4742060;4392318;4326720;4731868;4412805;4169728;4484812;4364774;4251656;4560928;4285900;4828200;4251559;4828155;4516136;4231481;4564718;4367909;4626594;4477077;4517000;4565643;4173359;4722551;4176392;4434176;4369432;4785410;4137010;4284088;4610422;4959079;4738818;4756921;4484196;4439151;4391328;4158469;4299819;4191678;4097519;4104057;4202069;4098720;4770262;4358764;4473090;4623808;4805542;4629130;4497493;4384086;4311989;4765903;4149102;4676404;4386650;4448034;4818342;4133958;4739754;4366315;4324511;4395870;4237185;4923001;4391982;4570170;4353929;4652040;4233458;4390340;4213914;4251948;4428950;4603538;4270801;4290795;4565077;4246517;4795580;4239478;4764180;4232221;4535724;4527445;4434903;4409364;4531268;4334814;4760304;4562198;4674780;4592843;4247624;4298425;4356356;4302926;4274816;4495330;5166963;4461889;4213525;4476225;4618744;4580896;4585835;4436544;4365357;4624749;4410723;4456985;4804405;4589656;4742668;4685210;4315773;4552084;4395992;4690608;4192938;4409179;4727184;4053427;4240388;4686615;4599270;4724872;4375838;4591678;4517123;4550402;4672222;4424680;5020571;4234549;4295733;4548052;4228183;4513738;4353231;4416268;3999502;4627460;4562792;4392278;4344989;4715273;4115893;4215843;4686761;4867243;4685624;4626219;4431021;5010790;4481955;4831048
4191432;4313456;4102983;4618691;4485636;4707364;4210876;4531489;4153216;4455794;4520427;4679345;4374367;4591198;4729485;4447974;4387481;4691541;4621889;4104898;4437281;4514063;4545553;4247035;4504642;4603462;4340369;4290876;4438645;4471456;4494907;4496974;4421393;4168569;4648468;4324098;4363989;4606655;4628260;4579089;4140286;4502749;4864993;4433498;4405139;4654125;4442290;4106580;4548722;4510514;4430066;4565218;4258387;4564458;4332408;4774579;4648078;4059413;4276754;4252487;4722781;4569175;4647486;4296896;4366557;4618084;4035716;4360431;4357152;4568789;4318830;4075019;4425189;4794697;4411602;4766737;4379826;4532154;4557252;4128021;4172982;4326580;4324616;4162220;4300260;4239617;4655053;4397641;4437042;4822068;4554068;4758081;4446956;4444856;4073410;4647057;4157472;4663612;4295787;4238582;4895477;4301229;4432438;4589218;4621799;4437177;4289646;4896757;4333209;4510542;4198110;4458535;4219414;4267983;4193634;4299190;4301456;4737092;4283788;4267892;4393390;4306069;4452243;4261322;4759637;4145324;4307837;4624499;4361969;4410915;4571824;4416926;4697444;4608206;4516708;4370958;4261699;4261161;4114353;4508737;4364089;4495104;5146590;4470090;4171191;4379452;4706400;4552220;4641206;4455945;4312638;4464228;4383207;4556271;4810337;4328855;4611011;4671975;4424115;4530416;4172147;4693477;4155961;4371329;4403920;4107123;4255991;4615390;4635097;4528927;4494566;4477764;4564919;4535988;4451265;4415607;5064532;4337998;4481065;4405617;4286217;4319595;4365261;4563298;3958089;4564335;4678633;4568679;4458818;4654198;4260912;4124271;4555946;4669909;4623412;4635271;4469208;5072805;4575755;4771326
4305406;4203454;3851358;4253231;4156469;4512055;3929848;4303732;4249324;4200278;4448013;4728333;4158646;4625669;4617068;4434136;4240248;4349213;4007151;4192970;4290543;4532601;4127610;4077208;4142370;4634869;4499504;4292401;4117708;4646234;4223163;4220987;4461933;4098790;4302101;4336982;3949490;4610750;4429670;4417773;4239661;4336319;4430813;4392585;4295573;4529190;4346522;4221471;4208804;4283580;4200763;4479234;4186776;4413263;4109661;4538644;4808484;4129168;4347857;4231269;4485699;4081231;4571477;4362005;4144878;4519905;4119793;4278292;4258162;4497459;4126349;4204340;4003044;4353930;4430071;4773189;4447296;4319160;4315934;4114963;4017975;4284651;3799987;4016393;4179276;4065040;4272145;4459399;4453753;4425235;4536629;4645668;4474543;4180745;4129702;4441149;4352174;4665559;3999579;4259718;4615440;3911919;4459649;4364105;4365071;4307478;4326513;4624426;4159819;4462015;4026300;4500903;4105653;4074923;3957329;4273157;4324709;4686500;4160484;4207417;4255315;4254643;4404786;4116947;4686557;4161477;4301333;4181491;4419902;4414941;4484100;4361059;4323236;4432628;4514916;4386985;4348182;4130734;4264122;4506675;4058754;4325704;4655528;4456170;4080897;4538176;4528523;4353994;4513648;4209979;4042598;4590776;4194344;4347770;4465934;4400073;4375266;4309506;4251719;4520356;4273295;4516563;4050151;4440096;4394972;4087572;4003103;4629619;4324939;4339748;4242804;4557830;4413443;4449597;4416811;4556842;4796872;4171050;4335069;4354107;4390965;4302896;4211465;4208074;4007917;4370824;4216515;4221090;4411795;4309634;4279591;4170214;4636905;4664754;4411409;4468847;4563071;4624656;4328028;4784985
4149867;4422596;4248742;4430011;4210922;4614638;4037785;4396940;4469954;4249072;4611921;4599736;4321107;4643366;4503650;4534919;4590110;4636858;4406176;4423353;4395898;4511037;4453981;4250889;4345137;4439059;4388306;4498594;4090688;4552015;4280367;4295932;4619611;4256824;4617150;4340334;4341653;4475266;4365228;4673075;4082788;4590607;4636839;4376362;4407173;4662734;4234397;3961800;4293887;4168694;4461977;4408433;4352546;4474601;4171278;4756589;4535227;4009089;4443008;4417162;4440447;4250906;4645219;4552445;4190507;4591600;4106132;4314179;4176471;4422745;4300795;4065258;4248232;4698213;4513846;4685205;4368042;4537911;4378325;4283854;4126314;4247058;4053704;4201652;4164492;4241663;4586378;4360103;4453729;4630896;4626389;4664018;4447823;4533680;4262052;4411419;4318651;4696643;4293912;4408198;4761183;4146270;4877885;4422851;4398179;4397190;4231394;4840106;4311481;4385885;4337147;4508486;4040308;4109833;4122910;4406023;4242137;4588836;4217655;4404579;4444341;4106504;4649627;4302587;4786842;3967473;4428493;4396088;4318073;4464317;4509465;4301144;4481040;4477725;4565042;4526408;4266825;4396171;4215932;4431143;4337448;4360967;5012795;4239781;4041873;4372234;4431482;4369336;4585981;4308746;4204776;4511182;4294990;4289602;4564766;4486135;4460159;4567941;4267466;4367798;4240208;4334044;4197184;4140636;4606620;4144000;4105191;4580265;4736617;4433324;4486818;4512455;4269827;4639070;4429783;4399925;4890534;4073425;4320368;4396898;4132621;4626320;4342487;4293372;3972664;4446771;4520574;4481790;4244789;4578684;4205329;4191591;4531066;4725059;4731306;4677743;4431701;4749199;4408157;4650458
4581671;4612978;4504919;4590029;4502878;4867670;4414068;4679629;4697860;4617365;4725538;5024812;4596098;4840573;4731386;4933517;4792433;4728294;4471023;4380858;4795927;4648692;4764168;4455423;4538414;4702771;4497636;4553950;4685825;4994080;4620039;4506431;4642736;4454155;4730266;4683343;4326518;4907787;4760888;4917845;4549063;4600729;4787273;4561403;4658631;4964258;4805714;4434503;4704897;4666449;4683629;4787532;4466221;4860666;4605076;4856245;4449866;4364584;4617213;4514964;4620776;4365375;5129060;4625461;4339041;4844509;4489404;4817627;4665453;4955578;4284773;4592286;4676398;4910506;4759224;4829030;4571729;4733584;4503704;4460736;4573068;4551484;4454050;4363251;4482110;4690180;4721363;4658847;4884337;4935557;5013086;4715542;4643308;4501575;4522432;4767327;4603404;4951893;4331915;4524366;5103800;4350211;5175258;4797953;4972698;4537118;4515076;5062760;4470186;4804445;4610335;4847942;4269521;4316578;4068302;4522564;4297525;5121366;4598262;4352887;4521129;4459870;4971573;4369963;5212632;4339985;4662092;4625863;4848414;4548027;4738281;4611996;4707630;4670552;4429030;4532597;4493135;4713024;4433699;4737884;4398552;4836403;5336913;4683612;4285468;4528870;4772892;4805907;4837335;4630395;4438734;4672330;4498806;4774804;4881179;4598941;4967752;4739332;4786775;4610636;4615746;4991767;4290867;4634341;4752304;4486697;4489838;4788643;4710175;4635085;4575267;4825818;4504189;4870329;4795598;4870797;5266521;4658576;4571118;4715425;4661698;4815877;4333862;4648150;3996405;4931908;4525148;4562322;4827569;4883919;4688910;4478968;4952125;4809235;4787423;5126522;4767051;5189907;4679949;5171034
4200408;4265259;4119668;4300081;4028185;4541359;3968875;4394700;4348270;4403666;4364531;4551283;3987421;4398946;4668670;4378881;4284358;4349182;4180089;4317201;4253171;4416918;4243870;4209063;4296857;4257103;4291831;4170087;4227225;4748997;4068650;4205964;4430412;3931804;4442631;4351914;4084628;4547939;4295765;4548217;4062682;4358163;4369073;4272544;4172274;4507182;4185722;3929093;4218058;4200578;4178161;4425386;3953547;4543063;4240374;4377992;4411209;3973737;4417223;4485680;4489315;4160190;4737904;4414790;4201375;4510511;4081017;4519167;4136682;4494826;4126537;4111026;4321146;4557416;4607677;4555648;4293931;4405373;4234999;4320642;4161172;4199006;4162481;3860957;4218916;4024450;4374905;4401748;4644921;4556674;4592176;4413089;4439915;4318647;4176787;4497457;4235169;4644228;4142862;4068428;4624280;3985466;4577327;4383191;4362286;4175019;4211892;4530139;4191864;4373725;4240891;4553190;4120081;4201013;3847220;4267686;4027642;4602580;4089595;4078446;4419104;4237577;4536262;4167087;4438998;3869054;4383850;4481916;4165344;4158585;4287353;4226782;4452518;4372410;4434032;4388722;4163331;4319658;4179216;4298081;4026322;4392196;4809320;4135411;4062311;4413853;4455382;4348992;4550842;4379717;4123656;4387600;4310841;4206597;4713553;4317642;4573253;4239055;4310355;4735064;4224825;4457452;3995172;4049573;4423882;3984662;4066339;4542044;4318623;4210312;4134445;4568354;4388186;4214125;4436116;4523125;4697764;4183718;4205448;4344431;4188257;4339341;4145456;4454964;3908237;4508721;4358801;4299650;4184610;4351376;4006899;4074112;4490420;4433364;4522482;4590092;4614473;5019064;4279637;4524288
4567875;4436992;4294985;4471078;4350499;4842061;4273149;4370143;4498364;4490548;4675366;4832472;4456492;4714949;4671906;4665306;4777022;4757018;4314788;4447740;4440242;4626460;4746309;4046901;4506425;4780407;4592122;4474152;4386434;4729773;4395147;4468339;4574125;4367488;4591945;4573779;4323400;4944803;4657204;4690388;4324783;4641786;4647101;4694214;4414629;4695772;4535976;4132500;4529906;4511322;4527388;4574157;4370897;4876490;4359533;4727546;4798084;4338600;4656755;4453346;4682287;4592018;4653499;4702387;4301026;4666466;4369235;4665858;4474142;4627552;4251190;4453571;4663451;4820887;4395754;4629600;4541492;4518327;4474580;4362225;4435926;4303117;4390876;3944178;4421117;4395039;4380111;4701154;4772342;4661700;4736816;4640500;4483597;4460396;4265385;4611873;4374897;4811175;4428555;4332897;4844149;4221335;4856696;4753048;4819600;4404441;4416879;4956889;4429544;4825825;4335746;4698868;4490784;4454499;4170520;4482517;4356921;4745491;4409326;4315375;4484340;4326545;4795311;4288094;4809078;4494973;4656999;4774924;4513267;4488996;4771050;4519021;4481197;4746548;4621224;4414836;4379652;4538097;4231950;4426926;4367160;4522949;5056113;4653216;4314078;4786670;4684384;4657680;4849473;4396576;4449601;4704676;4489326;4575249;4936409;4463270;4638767;4485833;4582002;4604922;4524359;4744554;4324711;4470240;4473764;4211598;4448225;4596862;4693982;4494161;4552827;4883731;4490029;4600514;4676797;4532791;4853212;4302284;4396125;4492568;4773363;4680513;4292080;4498956;4120453;4859938;4474230;4528250;4671892;4820017;4179544;4433051;4801706;4950678;4796500;4767859;4668682;5021876;4650784;4894657
4539537;4752809;4335517;4471093;4708579;5013102;4319375;4932343;4666989;4729257;4942546;4804751;4526723;4758819;4671095;4752690;4706429;4717686;4417799;4575327;4903060;4609019;4569030;4555106;4703171;4829902;4620599;4655300;4601050;4931298;4571017;4661556;4801748;4440248;4771135;4790783;4325041;5125137;4520951;4684519;4503739;4822506;4856892;4854368;4816602;5243841;4517751;4295590;4589717;4758493;4592971;4781650;4467197;4827824;4534484;4980242;4371769;4481721;4562203;4357847;4788765;4581564;4661641;4748696;4285836;4896878;4170840;4646610;4496485;4794216;4550459;4408234;4567765;5200872;4832964;4875602;4540943;4738286;4477125;4655714;4276413;4344092;4515457;4276473;4452422;4619762;5027370;4685462;4895775;4678884;5090428;4929705;4615481;4449998;4497580;4739002;4422909;4851802;4323765;4557399;5006891;4362675;4874619;4546091;4696617;4539323;4726088;5025638;4535730;4618070;4570759;4808381;4394404;4512084;4147873;4553198;4558515;4892634;4504529;4510291;4738222;4579077;4850723;4549168;4909163;4439486;4528399;4476374;4710966;4616511;4612417;4542065;4900985;4693812;4591084;4623406;4658012;4535737;4398682;4484392;4431006;4809908;5261941;4647204;4474354;4633335;4607416;4719007;5031512;4628904;4404373;4756024;4661605;4582173;4920964;4621996;4913681;4862244;4530193;4982448;4554074;4755274;4347952;4605671;4628247;4456668;4269850;4855038;4864003;4604843;4596903;4806930;4562536;4849304;4943208;4851975;5248779;4502624;4381097;4716355;4460828;4724650;4488594;4453470;4275808;4522088;4664322;4575054;4742916;4682601;4159757;4376133;5089020;5073822;4803890;4828290;4885058;5152458;4483668;4866398
4220035;4311108;4132694;4243606;4185423;4462897;3935908;4533098;4176086;4403309;4392172;4337737;4371878;4544884;4392957;4358470;4259317;4462343;4084343;4291915;4293766;4323270;4238862;3968513;4191753;4645643;4369892;4281901;4170070;4628771;4404769;4152318;4410777;4026324;4427282;4333818;4048937;4698415;4435782;4563743;4305377;4340636;4454646;4487765;4253672;4589882;4274256;4143794;4356552;4332757;4100238;4519424;4013225;4505976;4124112;4513992;4350086;4181316;4117447;4213731;4204359;4429759;4602041;4220890;4067897;4310038;3997924;4276082;4231243;4301517;4219990;4167425;4141030;4455807;4320711;4677435;4252921;4378200;4173677;4154945;3944789;4266335;4032000;3946114;4053675;4204449;4245032;4361977;4518159;4430429;4443835;4565665;4341244;4375908;3983370;4471207;4184820;4529762;4067526;4265847;4604224;4077605;4343251;4430517;4348738;4274434;4409743;4710509;4287474;4464079;4194299;4342012;4245409;4262647;3965417;4291968;4350141;4525739;3852246;4366024;3999094;4042894;4475626;4268472;4544740;4231849;4276689;4076867;4399893;4402506;4208720;4257315;4594191;4293945;4553182;4223222;4201929;4282813;4216707;4407288;4087202;4131760;4764270;4407532;4004366;4330075;4245278;4633780;4419401;4388024;4140614;4522306;4360482;4363188;4631546;4265998;4438832;4340023;4264094;4470300;4346199;4681011;4319772;4242441;4231930;4236621;3943261;4616875;4388157;4558114;4289334;4383262;4363803;4546878;4557492;4591351;4795733;4191349;4118721;4247695;4263180;4380087;4076748;3953790;3895827;4308156;4333851;4300416;4588904;4519201;4282244;3922911;4655178;4618739;4510159;4502905;4446946;4751870;4435165;4797925
4241512;4207815;4203666;4483275;4261212;4490383;4242905;4550473;4276360;4381748;4483727;4676685;4202434;4498073;4559407;4447441;4364445;4447253;4173560;4034781;4301863;4520092;4329782;4149422;4102340;4498176;4134880;4096564;4189782;4556387;4090300;4346250;4535797;4016335;4450336;4381289;4128922;4625717;4376587;4374845;4057570;4325225;4456168;4437041;4348245;4363057;4292942;4203357;4412177;4513994;4399565;4545823;4120769;4585186;4257503;4669340;4403720;4147603;4232229;4034936;4507620;4200769;4322494;4386593;4041859;4748182;3912194;4289177;4173664;4322328;4192541;4077599;4200481;4718601;4627138;4610307;4201243;4289023;4319641;4062349;4250713;4222484;4096223;3972605;3981075;4159449;4512780;4265545;4470132;4550783;4666993;4678345;4350412;4283377;4206861;4382611;4001249;4580206;4051423;4017096;4769402;4291205;4647314;4324374;4195095;4022712;4075604;4770993;4332298;4319560;4118469;4353858;4175312;4172223;4054176;4080979;4291224;4560949;4243411;4182538;4384388;4311753;4440808;4050251;4492678;4029746;4535713;4216801;4296632;4305344;4452943;4311338;4545719;4452677;4366523;4390658;4045312;4326213;4234523;4262434;4078279;4404740;4944411;4222504;4170197;4348419;4306867;4522022;4212468;4489580;4131237;4371676;4331494;4354633;4599475;4469266;4581251;4338859;4425133;4376395;4097113;4562776;3939516;4086106;4472232;3997896;3993131;4282520;4421462;4435814;4210487;4422881;4367693;4657623;4481572;4208386;4814443;4117906;4197209;4198228;4263147;4277421;4265614;4247815;3978642;4679914;4255168;4305032;4326568;4500340;4144809;4202694;4528850;4479490;4376961;4628565;4158521;4981772;4388458;4533262
4315942;4517911;4082821;4451209;4359813;4623433;4104037;4480339;4463602;4488708;4721795;4765459;4277146;4489681;4649343;4480723;4516021;4627967;4359714;4241113;4364701;4481947;4295674;4301124;4294520;4580211;4417784;4513997;4316973;4669034;4491325;4283787;4645021;4292373;4563554;4414096;4145625;4599832;4652961;4784228;4292134;4392679;4699772;4549261;4396789;4820452;4555896;4227091;4551402;4432260;4315509;4684384;4090304;4573883;4147776;4704567;4452538;4058250;4459102;4219334;4501004;4383625;4666415;4465132;4099827;4598835;4250306;4473688;4289748;4703427;4051106;4592097;4550449;4845273;4584012;4557342;4279545;4317836;4288943;4398129;4165690;4122755;4136940;3991263;4211024;4505083;4455922;4334328;4532040;4615448;4597762;4626204;4520499;4280053;4053622;4394745;4332918;4621879;4108221;4347702;4769782;3900506;4806247;4419791;4317464;4293842;4300946;4507127;4370148;4590146;4321730;4474907;4156804;4273847;4153838;4460564;4382612;4500393;4123028;4288884;4493401;4266292;4615797;4103107;4656997;4328034;4384861;4338172;4363837;4460753;4540816;4236220;4637506;4453392;4666827;4323430;4374351;4291630;4257685;4496407;4193460;4365774;5081551;4492195;4279798;4417394;4436154;4564881;4391696;4531572;4269663;4478646;4399496;4572560;4745413;4476137;4585983;4614094;4470618;4560584;4129628;4609294;4202702;4167661;4605784;4373187;4101633;4745383;4547936;4390036;4391862;4369404;4320321;4499680;4692789;4494065;4918694;4284282;4254834;4527682;4446205;4648146;4270201;4342336;4013858;4647439;4222396;4444588;4586627;4563169;4259708;4075047;4710000;4731270;4644974;4479103;4352916;5000507;4355405;4793599
4297919;4497621;4196884;4370431;4436854;4657421;3968669;4454604;4426216;4689162;4470402;4568804;4475741;4598534;4767744;4641484;4409355;4594131;4371158;4038967;4467625;4554605;4457699;4430463;4333104;4664372;4188132;4475210;4335760;4524507;4312456;4299307;4537623;4276053;4587319;4444373;4232854;4705779;4518867;4853797;4253391;4621044;4475790;4453849;4306391;4870037;4444632;4249153;4354701;4247850;4445497;4593175;4135759;4562529;4540700;4770026;4451530;4016215;4373129;4174820;4624365;4323752;4485244;4603361;4213533;4706525;4021032;4381846;4073911;4560262;4122032;4250823;4179280;4755761;4359097;4678842;4176236;4416787;4200828;4416682;3977257;4235091;4289773;4157475;4151843;4124422;4723335;4620006;4454213;4601068;4612034;4893714;4393574;4416461;4012940;4698407;4331042;4758926;4327863;4449215;4668274;4148452;4772825;4637712;4320879;4377405;4323168;4779100;4264752;4560013;4166236;4671950;4051843;4364186;4372556;4346139;4521767;4824762;4125372;4293609;4414310;4099379;4371409;4324561;4642814;4342645;4543175;4247882;4492688;4550330;4362631;4385599;4686415;4372184;4511336;4391151;4244191;4259263;4430719;4300939;4152688;4451414;5065023;4341852;4223565;4602149;4538375;4389112;4607496;4317922;4438377;4663651;4363528;4420259;4460750;4569702;4618188;4521680;4398213;4584040;4386278;4621993;4233415;4246425;4543852;4257534;4201008;4827939;4620420;4630533;4355589;4680941;4370918;4424150;4650285;4915554;4871929;4383314;4502110;4295740;4389451;4485357;4314225;4427051;4223780;4501892;4469208;4437619;4677913;4566381;4182340;4191156;4803741;4503560;4493783;4765301;4336470;5030673;4369850;4882484
4287177;4535747;4440847;4631986;4532945;4728927;4130518;4546422;4595694;4554650;4562408;4872689;4340421;4618899;4735404;4586749;4479678;4768085;4314682;4285638;4468181;4505405;4510228;4234411;4340436;4555404;4251169;4498187;4283636;4742629;4253961;4610967;4717438;4191829;4702317;4504418;4161995;4814045;4566208;4602145;4430609;4615446;4716305;4397145;4632230;4850261;4413952;4212048;4556573;4498242;4529202;4755247;4242013;4891083;4364337;4972641;4528637;4416692;4411694;4323903;4660340;4462842;4530847;4726728;4274807;4782499;4168192;4724374;4315738;4639468;4240758;4421248;4238053;4948450;4675845;4873876;4416838;4590223;4293050;4399608;4430267;4256715;4411523;4247515;4520791;4350039;4720019;4604850;4657391;4677421;4788023;4792992;4515870;4355512;4326583;4478753;4236062;4676796;4230555;4232720;4925486;4079809;4782988;4500977;4415277;4334839;4546557;4955365;4504299;4461553;4413557;4626230;4401250;4395876;4121741;4265365;4390665;4770316;4298166;4465343;4411622;4447902;4666669;4195631;4828572;4267062;4658079;4595435;4610566;4456830;4641289;4591276;4737417;4460918;4498215;4582910;4268948;4296794;4200671;4458682;4206164;4689273;5220025;4502583;4519826;4534412;4632867;4538216;4846664;4576619;4412634;4630577;4590668;4361734;4621482;4391582;4701521;4756830;4470176;4659755;4397932;4758497;4478879;4401770;4684391;4402237;4350038;4773544;4791395;4583907;4494566;4797823;4532667;4411917;4662205;4797403;5066394;4492547;4450835;4441097;4435352;4589235;4440185;4484652;4080986;4469868;4490463;4548115;4608527;4666262;4201130;4295346;4771249;5032016;4737912;4977032;4630675;4950984;4314426;4761853
4654199;4551805;4360613;4754325;4816973;4882020;4298376;4768929;4430182;4801900;4621636;4734411;4802674;4903776;4684761;4820540;4652950;4857768;4388717;4563690;4596630;4637607;4723052;4453197;4616894;4600405;4608924;4669156;4601856;4820161;4725798;4369777;4703247;4398473;4868698;4620527;4216555;4920398;4681218;4891549;4637549;4646534;4728254;4805021;4807498;4919095;4675816;4266093;4519566;4523466;4471336;4798518;4115540;4739080;4453859;5048161;4600407;4083307;4528587;4351995;4931991;4634335;4727131;4714306;4395454;4838087;4414955;4750462;4216455;4758538;4518204;4529670;4586527;5124092;4697348;4963978;4550767;4602141;4388231;4455605;4414540;4602628;4692268;4434146;4219312;4725498;4641381;4590644;4673000;4606273;4893858;4970886;4600348;4567034;4384606;4495448;4516420;5025967;4558813;4303468;5051626;4299584;4902098;4810433;4732360;4474658;4464741;4982520;4766407;4586938;4719326;4673116;4461432;4513215;4295638;4328802;4700620;4851261;4343036;4751074;4706328;4477968;4863574;4476701;4998207;4497218;4572259;4605343;4559179;4470584;4586073;4492032;4860512;4690917;4775281;4383101;4467191;4523182;4430283;4497965;4510965;4675414;5237381;4750263;4526037;4831420;4638081;4776660;4835195;4776841;4429610;4819508;4586671;4859945;4875599;4671933;5030414;4989984;4569674;4579404;4467302;4738956;4403857;4581697;4852421;4416398;4445297;4874432;4810003;4771479;4699547;4776857;4701822;4772885;5072140;4785621;5343727;4580637;4612759;4703146;4462528;4841455;4495203;4478554;4259576;4691944;4755634;4708393;4705248;4772502;4309889;4372080;4962175;4917086;4662688;4757329;4874039;5183709;4427128;4954170
4242371;4516814;4238102;4320946;4287860;4675893;4034195;4426943;4318447;4387744;4389035;4481207;4497661;4520066;4562645;4660793;4168794;4540082;4431332;4174732;4502816;4541741;4342660;4191736;4379719;4495284;4428185;4492242;4361472;4748831;4197224;4322361;4404390;4117827;4523797;4406212;4149118;4777917;4317608;4847094;4404129;4347137;4598392;4412764;4288586;4730856;4225204;4341378;4677626;4224750;4421875;4369736;4210832;4814978;4200934;4756528;4680236;4271973;4296183;4125293;4471629;4525805;4423656;4574392;4204875;4493232;4220864;4482979;4324599;4564258;4086390;4293434;4284494;4677149;4477593;4992713;4466269;4379997;4305760;4253890;4219516;4322233;4097293;4049666;4049450;4156799;4516249;4474608;4600144;4618449;4643017;4653316;4459922;4303772;4035937;4511036;4318662;4565497;4322507;4116670;4761425;4152256;4711094;4466379;4264252;4429164;4360326;4825060;4294378;4620111;4248906;4618001;4368903;4457482;4298681;4589011;4484788;4723819;4135213;4384523;4457290;4153840;4701261;4215354;4731097;4355508;4351730;4281143;4472801;4380803;4248949;4256882;4646144;4332405;4535579;4308019;4282701;4253851;4418262;4373159;4176616;4330176;5033140;4345963;4035915;4490208;4777719;4414800;4594745;4358327;4333898;4659121;4117104;4288140;4561743;4506144;4510169;4553107;4384862;4518692;4366299;4527345;4266872;4407627;4511790;4145720;4124729;4507353;4392694;4643522;4344752;4498905;4311542;4520186;4520122;4541905;4856236;4228230;4387145;4307643;4407304;4617122;4290268;4417557;4143325;4433516;4478198;4250056;4395909;4372034;4435531;4313427;4894845;4589758;4600785;4509721;4513658;4912825;4300298;4745193
4398191;4702572;4258651;4641753;4670506;4738323;4531708;4731049;4505413;4648059;4750748;4765985;4603215;4648025;4847042;5000369;4806211;4888257;4344270;4455114;4700828;4837427;4522804;4533717;4487584;4774017;4532805;4667391;4745301;4719328;4596031;4502485;5024414;4569487;4818185;4660698;4341164;5000821;4472215;5149907;4258444;4755506;5096008;4635316;4717102;5074048;4480939;4485080;4545179;4419736;4598799;4737911;4473032;4944022;4490991;5027817;4917525;4293561;4748298;4454831;4733907;4471047;4593223;4878284;4243082;4786723;4435162;4541032;4450232;4800895;4435658;4595771;4409901;5115290;4800277;5024304;4709005;4630145;4594746;4404980;4403327;4474013;4331695;4317896;4271959;4385492;4949953;4619894;4697380;4583904;5094865;4979379;4763439;4566479;4520754;4794105;4626658;4972925;4585963;4386777;5251320;4373206;4799155;4888743;4665084;4639317;4474971;5031640;4596342;4688613;4671029;4787766;4315100;4547661;4440322;4529105;4621247;5011733;4621246;4490231;4882284;4488706;4884451;4633638;4875747;4343723;4899053;4606076;4621071;4680498;4675714;4460338;5008227;4824888;4754875;4718265;4648300;4483002;4454456;4743168;4375362;4879319;5494273;4492909;4467927;4632104;4829015;4902929;4962190;4850714;4598957;4691980;4703414;4452212;4807064;4833172;4900740;4897182;4601092;4769557;4640020;4882312;4336268;4695078;4718297;4094098;4313071;4892387;4730837;4686455;4753211;5009017;4523544;4872975;4831508;4696268;5265176;4427715;4646802;4601764;4503779;4765216;4484959;4509539;4544767;4710684;4662611;4483872;4596703;4788881;4240806;4446374;5060921;4976845;4838932;4874610;4791884;5258718;4398054;5073868
4293935;4513902;4217197;4382384;4358146;4578488;4127206;4594948;4173204;4354382;4503319;4534984;4265835;4546894;4565387;4417625;4375258;4589498;3988580;4360121;4599858;4479538;4283886;4215570;4227603;4550595;4323791;4336853;4250172;4611953;4217329;4145448;4514063;4146944;4561227;4095337;4220401;4555362;4278395;4498882;4027739;4392616;4440643;4373851;4321841;4720992;4268243;4043711;4275091;4222769;4360825;4511257;4090950;4636956;4169463;4536555;4444348;4070777;4414680;4345754;4287624;4363706;4667280;4450661;3902260;4459731;4082775;4266579;4134442;4528077;3998863;4213442;4311618;4682171;4564269;4735589;4227756;4424453;4225927;4244848;4306095;4112559;4255283;3901128;4010641;4304224;4355864;4229450;4503854;4631267;4644233;4674534;4302629;4370271;4232765;4383067;4351343;4729485;4268263;4186783;4791471;4011616;4543742;4399467;4276581;4280621;4287650;4739739;4149405;4455255;4290650;4573611;4347462;4324030;4111095;4237979;4241199;4384669;4174385;4169380;4271252;4245701;4539328;4210911;4648818;4222747;4614215;4437456;4136941;4405985;4236435;4093579;4612340;4416222;4370047;4219680;4174081;4363249;4371285;4252479;4086781;4380252;5002751;4271669;4196485;4469383;4387746;4393731;4456802;4368992;4286292;4442772;4338703;4292622;4699946;4556416;4438796;4369551;4343840;4445227;4315858;4515328;4113600;4380700;4559370;4061880;4055817;4382096;4479694;4448046;4339836;4534167;4247905;4643182;4559429;4341222;4832238;3986027;4120880;4299049;4267781;4572045;4322877;4311304;4016463;4421438;4121064;4067623;4326214;4416591;4096184;3998580;4674312;4687488;4602001;4525635;4614204;4921770;4365918;4532066
4178021;4368660;4301167;4727670;4498422;4796289;4391359;4581007;4474618;4503896;4586206;4878404;4565985;4734422;4649827;4591022;4644280;4657903;4248682;4273885;4660873;4818219;4411751;4411959;4716300;4618765;4581233;4506403;4436536;4870031;4605348;4570953;4597495;4342195;4619327;4471910;4230980;4854142;4571501;4660594;4348418;4563548;4810990;4582667;4667053;4948169;4759235;4387059;4513700;4521631;4609010;4824966;4491849;4620940;4554857;4865087;4545542;4217334;4402902;4260008;4668997;4463389;4736270;4607020;4270145;4725990;4233771;4630621;4568950;4828540;4379012;4386289;4453989;4777769;4560466;4785203;4612616;4520007;4510650;4530973;4354677;4415020;4284297;4245619;4412523;4380409;4900393;4576854;4868637;4707234;4850391;4654135;4629874;4588608;4198326;4901699;4427163;4763333;4255198;4347951;4803860;4291197;4714771;4631873;4628718;4576606;4530998;5013194;4605547;4647992;4356219;4619126;4280995;4469454;4185643;4545215;4506005;4860953;4164533;4537024;4508951;4421840;4746848;4288624;4946687;4332168;4755731;4509853;4580166;4536691;4619020;4458346;4906721;4587140;4411667;4532431;4555614;4401271;4479819;4446853;4322276;4523293;5156816;4446494;4351906;4397483;4631275;4568935;4702370;4483194;4331451;4578910;4393481;4446556;4749283;4598014;4594755;4565882;4394253;4617725;4500093;4555176;4083587;4294869;4673629;4198190;4273323;4799564;4686522;4668393;4630160;4672192;4554327;4825088;4714426;4710649;5047046;4494588;4587132;4521803;4323500;4802312;4507491;4616794;4105004;4551701;4651243;4449494;4696004;4718280;4225475;4185369;4909629;4958851;4646564;4717702;4768902;5195875;4412047;4834284
4265778;4638523;4155686;4359390;4058234;4556994;3981167;4368239;4407921;4399451;4371728;4484785;4238588;4389842;4504261;4489254;4363783;4351568;4169026;4188783;4332914;4412753;4300015;4054181;4180763;4524951;4331926;4254354;4076986;4636329;4138018;4543197;4624824;4113058;4407484;4411664;4063650;4808579;4509866;4496479;4257056;4217275;4735959;4371086;4400230;4715236;4374956;4100237;4341186;4294676;4155778;4399897;4224881;4473021;4175638;4588715;4426463;4008361;4313919;4268930;4506983;4225796;4586857;4452670;4022082;4532107;3977235;4436419;4183543;4413710;4347007;4242894;4352112;4818174;4474232;4729595;4280202;4383182;4299957;4233655;4204152;4136246;4309786;4052483;4325646;4278680;4469731;4356917;4751533;4395600;4731563;4489782;4397605;4354904;4172800;4389618;4293332;4678514;4235386;4267845;4690830;4071410;4612580;4311862;4545769;4362550;4376463;4701666;4429107;4424444;4306921;4501214;4307381;4237398;3897817;4295709;4151172;4538864;4287448;4179316;4333725;4310229;4615477;4286017;4761074;4159643;4241613;4263005;4433407;4382596;4574577;4491432;4448193;4289905;4314119;4313594;4259539;4358648;4070596;4271985;4148905;4355852;5063113;4135279;4117825;4268743;4457327;4493114;4732420;4497676;4336570;4495896;4390044;4298491;4536539;4244022;4590136;4429245;4377908;4440970;4296811;4681012;4288520;4287798;4281152;4137908;4315942;4691158;4641079;4190073;4506041;4793357;4443330;4481361;4497666;4647337;4843147;4143877;4455559;4540186;4204093;4574581;4122256;4384939;3857996;4624785;4385385;4506347;4466599;4537500;4032838;4120357;4665053;4583279;4577682;4568635;4673165;4807760;4153511;4793178
4381912;4531018;4515661;4513971;4468568;4761130;4111350;4594849;4385740;4547506;4519503;4566403;4393441;4445735;4660087;4532556;4330999;4798700;4428372;4248617;4324721;4518264;4471978;4327965;4461588;4543299;4345980;4472881;4415222;4669889;4525528;4446614;4533112;4186659;4626282;4306865;4233224;4723621;4400899;4554987;4398167;4644085;4673509;4548794;4286621;4784478;4198586;4129641;4549232;4431052;4301003;4563631;4095414;4735301;4407520;4596400;4613386;4116412;4412903;4376495;4640038;4309296;4707786;4621921;4108044;4642728;4422009;4551152;4353565;4801745;4282916;4443673;4280504;4869313;4575418;4940717;4382116;4524960;4379241;4356289;4242318;4164325;4149453;4224476;4418275;4171551;4457520;4644488;4632776;4763869;4580144;4589785;4598462;4130415;4135811;4647445;4266387;4745421;4304028;4376339;5036376;4137455;4778444;4662129;4453025;4193132;4291983;4561805;4342321;4539059;4387239;4686179;4210533;4249547;4088860;4425263;4605462;4756802;4084992;4394305;4480625;4395937;4842362;4469488;4663283;4110163;4562486;4451836;4573306;4436303;4404023;4389423;4783468;4559644;4736522;4631530;4445472;4522042;4318725;4407059;4380773;4592220;5101147;4526221;4289288;4482630;4348491;4516838;4797514;4411406;4281779;4603231;4424458;4375572;4846411;4569568;4601553;4793826;4564410;4490412;4196994;4603758;4223460;4396923;4669431;4194621;4050836;4642716;4543558;4637142;4548814;4677689;4460782;4526734;4600501;4589133;4805132;4380159;4425571;4366733;4343604;4677626;4386281;4467378;4240960;4705689;4680732;4354712;4432809;4500535;4505628;4353657;4728164;4708408;4744054;4733075;4618394;4881722;4162426;4734599
4363960;4371765;4062475;4469327;4213485;4619776;4179532;4598306;4399879;4485173;4551373;4679567;4299794;4580432;4621663;4554570;4436765;4514787;4177558;4402586;4555689;4578796;4410980;4280095;4315925;4617001;4370166;4456291;4385859;4610890;4348468;4156743;4433246;4315239;4561037;4317563;4149380;4814285;4589685;4695157;4352457;4565432;4914855;4403826;4387754;4811298;4367842;4074225;4631212;4283441;4294811;4617950;4061660;4756581;4212354;4727020;4668821;4044416;4592205;4232776;4585022;4426893;4487888;4536841;4208024;4697680;4201628;4358108;4309318;4607638;4172853;4071023;4490399;4748180;4610103;4901773;4395571;4423235;4405301;4231036;4110718;4273168;4075959;4178407;4089784;4175548;4351251;4325374;4489086;4515210;4655733;4483144;4386574;4350176;4263081;4590395;4265088;4850514;4291179;4051746;4724791;3996840;4661877;4535614;4427414;4306661;4398608;4795623;4266668;4527562;4382890;4460203;4377038;4445106;4276548;4391505;4443848;4622601;4328522;4289535;4498672;4340006;4650453;4449318;4727593;4315604;4311108;4434025;4263960;4565367;4269624;4445738;4549598;4313655;4535408;4532298;4360859;4261171;4249406;4532438;4230980;4452306;5121098;4225469;4321856;4252759;4558552;4537700;4720902;4420974;4188172;4652700;4362469;4490328;4792612;4428419;4627085;4397126;4299165;4507681;4285209;4608045;4124513;4366560;4620617;4141677;4283227;4666987;4562992;4500574;4440498;4617292;4349053;4503444;4422439;4549220;4869848;4308740;4323810;4364716;4293397;4537302;4293440;4341544;4249298;4761451;4306475;4393089;4517099;4540938;4243917;4239792;4823926;4786867;4790213;4666392;4526853;5070813;4290257;4901823
4363453;4449670;4166381;4473836;4091263;4705719;4018061;4404853;4456666;4451228;4613361;4617999;4262506;4673232;4463522;4755703;4312140;4458381;4055869;4244698;4413696;4627755;4195156;4075853;4392100;4536409;4421793;4445738;4389762;4557722;4499696;4537043;4321614;4210176;4259496;4462959;3964110;4632616;4167961;4684313;4264240;4575647;4520706;4509857;4532812;4586210;4207370;4067298;4348556;4288745;4497197;4551881;4137320;4586471;4330022;4647704;4521862;4307382;4390583;4337475;4479362;4417686;4564262;4486087;4355095;4634316;4288667;4559987;4359135;4609563;4124657;4105462;4349683;4881958;4512941;4702264;4557965;4328462;4126715;4218358;4259956;4407874;3933886;4288936;4119437;4237495;4678526;4231116;4611027;4511227;4780785;4773498;4682117;4411719;4164600;4450351;4346164;4590576;4287005;4427104;4955150;4333167;4787585;4670651;4541617;4326600;4368444;4643874;4236656;4421060;4560538;4671278;4234192;4259961;4260212;4368041;4280457;4580328;4296847;4458551;4232158;4134337;4741693;4342901;4611996;4294723;4419173;4395799;4197816;4330988;4712949;4479526;4656436;4624360;4470012;4384295;4421135;4257176;4277719;4407321;4265445;4470211;5179836;4488738;4094018;4421520;4478307;4693583;4569267;4448365;4369886;4480382;4404737;4222694;4619870;4413441;4803870;4504025;4374016;4508522;4580992;4640904;4147566;4307442;4760599;4110913;4061948;4531129;4531622;4508778;4512473;4809544;4399702;4524427;4586607;4447986;4843231;4313074;4588357;4430306;4328191;4635105;4337347;4297701;4000056;4652461;4428873;4426912;4402101;4600926;4107887;4104292;4670015;4744860;4580798;4596526;4774193;4909703;4341928;4898805
4365099;4357856;4033212;4284817;4463309;4929994;3948534;4558297;4394380;4364655;4358482;4622199;4432665;4463738;4674722;4585545;4404279;4285347;4297586;4144662;4434839;4441510;4397580;4119067;4288029;4567958;4484388;4287261;4247626;4543027;4275837;4359130;4450375;4024408;4721115;4458969;4054048;4858661;4501175;4585439;4355705;4463019;4660131;4224395;4361997;4596988;4265844;4126630;4349999;4144099;4336504;4741426;4224546;4642344;4148852;4809160;4393995;4240763;4338553;4207969;4489516;4513289;4550429;4363582;4169894;4584383;4102058;4399898;4362645;4558626;4128793;4129014;4132732;4551912;4428268;4650405;4578401;4438270;4406986;4387340;4265189;4207472;4056886;3947331;4149285;4071586;4391007;4376954;4782159;4630468;4611365;4562405;4287388;4317177;4222306;4618765;4160804;4578571;4275699;4103929;4831687;4006776;4592471;4500768;4516935;4282323;4339849;4711755;4422226;4491651;4043938;4597391;4248841;4281867;4302182;4315094;4291326;4432555;4157385;4360726;4357904;4294636;4630414;4324772;4507630;4193419;4372913;4296396;4367387;4316696;4075576;4395039;4625620;4435496;4557300;4251255;4113872;4168335;4276857;4255408;4020797;4637024;5009359;4349373;4259907;4473158;4673685;4313713;4588410;4428752;4186326;4682599;4360629;4258296;4645909;4440447;4585591;4406048;4205115;4568920;4230363;4560860;4021462;4442568;4337592;4176588;4222152;4458269;4451423;4196063;4453830;4603708;4385721;4276334;4554757;4482670;4693588;4268839;4396995;4086083;4248072;4491264;4123558;4284268;4013047;4702209;4392592;4564099;4734106;4463550;3911132;4214872;4805390;4520145;4574784;4542130;4441320;4854402;4265382;4760919
4406609;4586359;4374510;4665622;4476835;4929563;4416168;4893199;4466243;4855766;4732441;4887240;4521073;4908988;4774048;4984896;4795938;4722130;4459826;4557934;4483988;4690488;4755300;4241159;4513159;4651001;4728814;4675189;4393189;4833698;4593538;4682743;4590303;4425100;4776923;4714401;4429119;5010851;4705148;4837585;4695430;4597672;4763529;4842078;4507159;5008097;4542302;4395944;4686060;4537977;4477187;4717898;4566978;4733791;4709907;5008787;4969279;4375910;4646891;4568801;4698155;4796629;4614854;4719437;4510232;4739506;4341300;4681828;4617051;4695188;4476249;4564257;4571812;4940478;4743955;5044456;4533985;4682384;4729128;4467842;4401680;4522721;4402252;4468175;4393685;4581574;4685077;4646627;4660806;4816770;5030025;4843897;4668035;4651796;4539186;4846708;4582514;4920737;4612388;4488346;4971453;4294802;4945533;4616221;4851985;4474083;4732936;5130764;4422739;4724871;4626258;4772601;4522570;4446705;4388081;4556740;4792109;5038351;4718740;4600988;4543406;4534454;4821037;4464070;4983492;4474433;4836205;4660323;4770104;4732284;4638703;4552901;4868908;4710567;4570147;4629242;4616030;4571461;4378905;4635402;4668341;4777424;5199864;4647688;4404572;4685116;4688783;4860974;4827794;4746683;4385214;4806568;4717232;4602508;4673394;4476057;5002088;4816028;4517383;4759505;4564599;4852483;4503698;4654141;4758517;4355501;4544388;4979761;4866952;4652885;4651578;4928362;4492988;4594755;4733087;4838138;5200647;4599666;4758812;4623363;4428401;4582099;4518171;4584422;4276567;4913050;4690115;4570912;4639522;4751556;4291488;4493824;4930153;4978489;4755247;4981917;4791351;5321146;4449227;5032609
3637237;3946003;3999207;3988941;4030497;4355540;3555269;4036904;4119613;3901745;4258703;4096131;3923456;4048318;4231298;4179123;3908146;3970297;3780515;3892628;4088653;4052378;3977525;3716867;3963498;4187685;3987937;3871637;3912031;4204146;3885913;3853489;4173434;3952143;4283436;4063804;3620014;4264462;3885997;4297768;3772944;4111042;4001201;3790491;3889693;4245193;3998261;3682592;3855495;3989372;4092903;4092532;3879084;3954182;3975318;4207680;3918159;3586659;3934678;4044614;4053155;3821036;4121394;3951920;3834205;3960052;3716916;3860116;3849719;4150899;3782416;3760053;3879214;4376011;4137704;4186388;4053639;3864536;3874605;3915623;3858838;3704495;3884641;3681384;3760935;3849567;4073281;4193109;4168387;4074193;4391283;4160488;4064035;3822208;3872904;4229097;3969454;4205425;3837268;3949290;4505833;3862130;4227171;4286264;4255771;4070311;3949787;4387071;3925486;3997053;3966101;4274304;3757799;3793201;3808351;4083262;4062245;4410352;3924810;3993508;4025554;3954586;4457974;3861081;4127720;3831659;3991650;4113661;3911922;3897522;4132110;3728898;4023397;4281109;4107472;3927379;3961724;4061716;3912726;3998350;3816006;4069536;4713620;3947517;3714439;3977455;4174218;4092604;4401464;4065933;4006175;4218548;4002617;3631305;4226796;3969796;4312336;4002525;3799317;4104993;4098200;4362901;3730749;4097296;4184577;3897473;3729665;4099249;4074242;3945578;4018950;4245247;4005982;3968047;4146014;4203824;4419390;3804845;3768512;4069561;3976847;3895474;3865954;3945634;3605185;4022814;4088922;3934099;4101270;4268806;3822118;3658289;4315393;4204743;3962896;4106450;4099007;4687544;3888357;4204074
4117850;4381314;4199668;4359569;4376408;4631795;4110700;4550207;4487704;4298782;4500994;4546548;4189700;4534979;4554053;4342950;4183110;4522348;4054229;4143474;4307359;4590394;4348462;4141092;4461047;4574192;4202194;4343494;4270229;4559305;4243247;4301766;4475235;4225082;4454507;4596110;3996947;4627821;4218003;4634768;4327211;4215175;4545979;4246684;4430129;4689106;4327906;4126597;4372648;4054002;4286236;4454466;4124410;4664867;4319522;4540770;4388729;3938864;4327500;4122176;4571163;4415522;4432422;4399243;4097506;4573927;4040732;4503064;4196211;4581250;4118244;4261997;4245593;4758948;4370453;4619353;4266688;4142767;4206056;4189549;4125722;4241342;4365305;3975364;4187429;4252153;4718282;4379317;4261052;4588944;4592009;4758675;4360128;4151812;4214877;4403115;4244524;4610256;4203641;4136855;4706372;4078850;4549825;4641598;4521153;4157445;4248387;4820470;4221291;4366473;4371253;4481111;4218123;4428318;4224219;4358116;4318884;4735777;4033752;4084418;4269772;4305541;4411005;4250663;4664122;4158790;4364545;4510040;4269951;4252535;4477539;4087215;4669801;4403595;4462310;4204308;4255332;4234621;4269894;3987539;4071314;4304375;4901667;4646445;4219091;4370831;4502967;4329020;4804466;4578663;4148516;4431064;4323921;4205042;4504339;4388981;4630503;4591911;4296934;4373934;4176278;4811016;4031120;4319506;4324597;4218272;4232644;4622661;4621920;4317341;4385397;4595210;4356377;4401761;4560558;4608644;4833836;4140069;4366864;4201724;4197548;4637215;4129598;4358092;3914042;4427513;4286272;4335293;4695157;4435889;4268611;4282663;4584866;4546931;4742470;4366832;4546091;4952117;4232184;4788928
4700467;4588961;4551658;4680928;4702997;5042826;4545081;4662709;4769178;4805260;4938133;4908299;4792713;4861980;4849089;4929239;4704613;4887150;4478795;4461726;4764550;4860852;4945130;4591313;4672846;4951156;4732745;4645227;4523844;5027584;4400813;4658967;4789670;4448117;4846194;4810237;4465934;5151095;4867827;4813905;4446880;4731846;4733682;4836954;4601861;5098621;4568932;4349486;4642278;4802975;4825873;5034179;4699963;4723200;4664796;5241380;4939667;4506914;4835436;4833448;4673436;4626858;4799757;4709255;4499840;4920660;4491858;4715806;4658989;4829089;4632112;4669315;4602635;5152161;4907740;4881771;4690614;4803160;4856643;4667785;4481380;4576422;4412422;4513609;4428371;4556560;4956128;4898164;4880827;4942996;5074906;5037103;4699995;4765914;4504923;4985517;4630752;5043425;4534121;4500613;5136766;4647652;5094593;4719079;4640767;4717339;4892233;5326159;4379549;4666708;4613339;4860680;4532223;4556716;4616912;4732733;5076087;4776065;4592117;4491385;4869036;4604753;5130227;4375813;5109116;4380435;5086539;4642485;4591468;4769807;4673883;4760581;5082918;4808808;4963245;4831698;4598636;4540080;4377486;4849478;4509189;4857779;5478220;4635284;4557909;4836533;4775836;4913510;4907248;4676516;4535535;5015554;4801057;4584874;4988232;4903948;4922651;4887946;4644610;4422359;4604435;4863593;4470021;4665475;4987264;4355554;4640366;4869982;4834599;4851280;4694838;5124145;4811257;4891527;4823295;4793690;5047777;4585960;4554819;4757863;4692675;4658511;4482271;4701690;4410195;4870595;4671355;4570119;4935834;4916651;4443179;4756242;4971866;5079252;4848606;5245301;4713216;5256014;4486036;5280774
4112932;4436634;4539891;4396657;4405692;4596311;4240392;4582171;4408782;4530209;4512734;4695067;4468109;4567546;4465878;4626370;4367216;4455618;4299223;4301204;4316921;4452426;4467079;4322795;4442401;4726633;4397275;4579229;4211750;4533994;4311014;4594789;4523425;4119198;4699152;4424933;4179628;4681121;4520939;4746989;4361060;4620802;4718518;4421797;4302245;4667313;4478303;3896642;4548419;4477784;4413775;4571336;3975960;4628934;4336071;4735023;4709673;4040806;4210812;4063062;4511963;4409585;4553225;4482226;4104067;4562709;4337860;4429061;4146226;4571361;4292949;4181827;4403306;4892410;4543584;4769219;4374370;4165385;4298110;4382499;4327541;4122940;4210301;4158598;4085435;4323132;4397723;4496692;4678278;4446163;4722935;4612516;4331109;4312127;4151288;4540081;4497894;4919861;4421370;4305538;4980840;3985644;4811368;4710980;4592791;4257078;4225417;4738254;4494351;4700679;4444501;4495719;4214171;4354787;4094799;4378195;4468204;4631652;4399475;4622176;4469272;4230068;4729465;4319353;4797161;4065260;4450106;4450348;4438098;4420136;4553310;4318487;4449370;4352238;4658604;4343707;4353344;4447049;4284231;4348772;4229346;4496784;5156463;4474049;4129942;4446455;4543433;4525667;4689229;4555676;4208142;4530417;4151032;4438891;4853163;4365224;4463762;4723127;4471061;4604916;4213067;4668334;4443662;4393269;4622075;4044468;4302343;4765461;4612369;4351297;4607130;4731540;4313772;4676388;4603003;4604446;4913097;4261501;4284580;4461365;4208458;4512439;4438806;4383701;4312107;4525996;4431355;4393949;4592104;4373428;4174672;4302172;4625449;4620624;4674044;4519079;4640934;5020325;4297169;4575576
4456765;4395481;4106745;4451344;4472747;4776049;4062366;4526022;4353060;4424628;4389846;4549094;4444079;4648272;4404901;4358576;4369996;4583773;4139139;4310465;4601268;4457935;4436423;3990501;4426912;4514171;4307280;4505527;4177357;4536005;4214629;4156764;4503956;4253994;4447561;4437971;4158710;4817373;4450474;4619724;4286778;4448724;4693661;4208953;4492507;4644181;4223030;4161872;4465894;4324910;4350428;4508937;4315623;4741316;4307862;4606417;4483186;4124168;4454659;4174229;4394476;4293875;4417075;4231459;3957880;4633470;4125670;4319941;4241043;4444410;4091969;4222177;4362160;4768572;4569824;4605835;4431926;4429085;4246266;4154913;4159491;4481815;4251481;3997104;4123361;4212453;4300799;4407167;4605609;4462477;4594562;4448214;4462541;4533907;4176700;4439944;4253793;4563638;4338938;4157368;4689569;4162525;4630300;4533853;4566462;4230442;4246275;4676062;4386954;4561073;4358165;4298751;4073410;4182855;4115828;4148505;4232588;4611535;4208352;4179627;4350071;4043008;4544234;4222065;4720226;4183549;4410707;4416671;4520367;4322950;4484733;4365198;4358870;4505305;4578552;4119792;4225486;4277178;4248767;4488779;4362173;4473277;4998533;4526436;4154133;4432643;4544246;4253815;4520725;4384055;4263970;4618582;4314080;4396970;4664218;4374998;4658549;4488922;4500405;4607233;4213470;4567124;4182624;4398125;4472012;4284477;4068802;4741844;4645825;4547230;4249828;4556427;4367996;4590213;4491026;4533480;4897194;4324445;4381343;4262116;4341831;4436256;4269152;4207617;4061705;4561026;4462890;4440585;4368044;4359530;4091359;4334753;4720850;4716434;4362165;4441095;4533108;4764227;4331247;4774024
4043891;4196487;4126420;4198651;4180600;4594050;3813351;4335903;4328168;4294486;4226576;4413090;4226841;4269769;4592348;4307978;4097401;4400292;4069006;4204882;4090321;4149990;4238410;4071295;4178895;4220028;4043378;4145424;4102510;4408413;4144126;4340697;4311187;3998091;4375778;4070801;3833458;4607687;4650305;4257074;4196565;4471159;4259371;4251680;4073154;4433348;4239876;4020544;4265065;4112889;4203340;4364212;3914218;4435872;4007421;4541308;4149461;3837210;4225372;4042941;4438439;4212211;4397958;4403938;4046321;4396504;3944613;4257517;4208572;4385613;4061917;4115697;4253116;4530534;4369769;4600730;4032190;4145418;4001533;4197589;4031753;4022662;4097654;3925168;4131831;4152780;4456412;4561827;4445725;4481290;4556238;4450723;4256948;4055687;3964751;4445121;3898624;4435977;4162163;4251205;4485814;3921341;4679372;4341791;4161854;4177677;4120344;4504176;4011711;4342300;4172865;4390639;3969778;4134208;4003118;4102261;4313567;4628219;4047545;4100711;4270628;4156536;4554615;4023075;4558506;4004772;4315814;4227093;4259032;4215907;4128218;4225743;4325247;4285801;4319485;4347498;4200768;4127824;4239920;4088576;3855813;4387476;4763232;4134300;3788198;4372274;4343544;4221305;4441181;4282481;4128719;4352689;4142289;4344877;4323140;4302508;4459946;4395456;4191707;4401619;4214881;4394876;3816925;4037799;4407079;4100994;3878843;4502110;4457983;4313096;3994353;4436614;4398385;4379750;4532061;4541718;4621521;3934109;4148604;4221925;4053245;4441569;4137751;4301247;3830375;4391579;4506324;4274303;4226783;4459486;4096474;4128038;4658416;4372521;4448537;4375639;4306773;4848019;4052508;4582533
4428792;4852234;4453359;4590400;4604582;4879562;4255624;4656300;4587468;4682068;4847442;4758898;4494099;4626991;4863565;4795514;4596885;4670683;4440585;4417965;4499534;4631507;4513947;4323121;4478825;4698052;4610236;4523077;4372942;4684190;4451798;4479068;4708963;4434085;4619111;4678008;4288586;4943718;4489877;4868796;4421384;4440386;4829096;4701670;4546541;4824618;4534886;4244927;4688055;4492289;4360176;4652436;4468077;4744847;4473845;4786538;4765497;4260092;4746983;4470876;4738201;4699088;4696163;4554946;4374232;4723950;4401557;4411410;4598779;4729980;4357418;4825268;4656465;5104906;4956988;4891043;4471762;4657714;4423032;4348106;4365488;4507313;4471132;4402210;4473259;4576819;4722731;4614035;4959551;4771789;4994598;4928244;4730291;4467581;4540325;4863337;4487486;4883676;4455656;4516754;4928227;4331439;5008570;4790903;4657021;4553012;4614890;5240334;4462539;4805821;4731075;4472597;4479200;4396157;4211269;4455212;4623052;4760602;4466543;4347249;4480925;4438731;4781453;4191890;4688765;4291987;4799606;4649904;4627759;4578393;4669179;4472360;4795043;4594432;4670601;4477827;4396895;4480801;4417292;4555071;4343895;4660004;5340715;4844060;4346375;4445009;4746874;4791696;4752998;4514769;4553676;4795359;4549208;4386408;4719805;4477075;4958589;4675242;4707186;4541243;4704250;4971828;4430037;4704420;4813937;4397235;4503332;4979331;4823946;4579644;4323830;4802854;4623864;4807236;4802052;4552500;5112885;4470547;4544366;4735276;4266630;4603515;4444423;4516628;4257888;4568092;4697890;4441147;4689849;4552833;4268881;4269476;4965223;5076873;4611338;4739945;4838047;5303514;4374288;5063126
4412863;4598882;4433269;4601141;4447826;4474587;4350858;4641289;4581126;4559582;4503631;4713304;4493236;4678779;4673585;4776558;4587146;4537667;4264275;4279751;4669885;4428572;4385832;4277876;4322828;4699543;4265282;4632990;4406549;4688698;4375335;4180034;4823650;4248584;4618504;4430131;4377713;4798079;4441981;4903855;4310287;4617860;4886149;4590184;4604046;4904060;4013950;4208648;4423752;4146556;4247458;4681426;4427511;4730620;4443268;5020973;4780111;4319090;4538667;4394399;4489305;4206501;4530578;4680996;4342486;4539913;4106175;4548050;4306363;4611789;4055465;4343830;4343403;4832434;4570212;4785661;4324617;4539872;4324186;4272743;4407649;4541761;4224025;4242234;4334781;4331941;4702531;4602555;4677764;4576077;4877161;4893073;4419839;4478559;4360595;4538007;4288558;4687559;4356374;4432162;5187572;4329189;4858104;4753589;4533593;4318723;4252835;4864326;4318609;4422392;4390192;4605434;4155483;4384375;4505622;4563735;4576878;4661881;4303576;4372296;4630276;4341220;4797860;4296124;4657047;4179560;4469079;4498074;4526140;4504984;4278469;4267766;4560906;4757729;4522417;4400023;4248104;4477471;4453737;4513870;4403852;4577492;5195696;4396176;4221652;4426585;4619051;4598254;4833114;4497258;4444396;4807069;4497869;4419418;4620759;4544751;4970978;4433951;4434123;4280075;4535705;4797330;4094763;4463879;4552091;4218641;4329560;4827220;4611985;4584586;4727961;4623070;4433592;4654155;4775202;4599315;4968494;4286915;4460276;4374898;4326711;4525595;4542846;4374329;4062465;4566609;4480456;4465709;4515352;4554082;4243343;4319306;4813308;4855813;4656595;4979812;4470319;5140892;4413854;4965350
3768138;4208883;3987470;4155637;4075048;4202576;3861212;4304455;3842896;4249037;4136094;4246259;3977557;4069969;3986937;4304238;4127024;4317368;3916154;3838556;4108817;4221387;4263660;4054574;3904156;4054422;3878095;4024988;4087603;4391362;4087599;3953897;4306944;3948264;4182487;4147906;3720364;4454708;4139916;4332965;4092766;4333876;4246556;4183956;4052319;4352392;3938688;4061827;4164279;3887859;3867512;4128068;3945513;4402933;3905522;4460659;3964134;3943804;4098207;3993896;4199416;3976016;4371898;4136080;3696333;4206803;3834708;4215164;3977290;4262880;3854518;4048524;4175160;4518606;4182662;4402443;4010166;4160828;3924282;4106538;4089571;3904406;3966730;3744568;3866433;4007162;4131777;4204801;4317435;4140794;4564986;4317643;3965295;3936624;3526761;4179753;3788756;4189794;4005687;4048119;4405544;3710011;4327780;4158742;3908807;3875622;3972452;4265188;3987607;4156425;3884412;4035151;3780749;4074229;4065247;4022778;4089152;4322471;3910310;3977908;3996540;4104045;4308440;3866533;4178755;3864204;4036990;3996170;4182919;3969883;4116076;3918209;4416602;4115164;4080957;3894895;3945866;3976813;3914608;3853653;3968705;4118134;4618856;3999273;3884886;3988807;4267206;4173555;4146453;3975996;4006556;4346321;3925334;4148983;4223700;4021408;4203380;4128365;3955245;4043767;4097976;4163210;4011474;4122459;4357152;4030221;3955032;4486369;4056723;4212276;4139280;4253997;3913869;4185204;4132530;4433157;4642488;4014073;3963365;4293143;4091044;4370577;3902915;4005095;3650191;4220875;4052478;3879554;3890633;4073424;3842122;3954921;4590523;4275048;4216338;4427485;3829738;4445253;3990260;4406593
4335624;4294161;4074672;4479570;4223935;4450859;4050159;4405870;4251516;4284804;4457047;4690421;4215233;4641976;4490889;4325531;4270918;4535869;4172715;4154939;4433090;4647203;4272125;3964420;4470276;4317610;4461255;4255755;4227155;4546318;4068808;4099095;4404725;3954370;4347822;4379582;4145347;4525755;4318481;4468130;4200984;4373317;4699497;4412849;4489722;4779345;4249892;4294626;4548670;4166963;4191710;4536961;4201225;4503607;4319278;4714698;4500000;4120374;4165033;4207327;4563999;4257712;4604358;4428676;4069694;4593141;4077620;4460978;4106927;4450370;4144624;4239898;4071719;4601355;4421545;4629642;4393652;4656030;4434979;4331629;4104026;4206808;4147085;4076158;4086541;4208543;4505197;4375069;4533954;4421237;4556700;4420261;4452109;4372634;4005607;4375456;4059553;4545401;4163623;4057668;4614587;4013281;4711271;4168978;4386342;4279735;4219616;4811968;4246618;4445066;4197525;4342013;4061102;4095861;4014575;4105736;4270371;4704835;4098782;4074664;4390310;4302200;4514068;4236771;4485458;4016512;4547815;4193734;4133527;4400143;4448533;4197020;4566520;4466780;4368705;4302891;4373128;4234636;4285778;4306789;4167094;4284803;4773835;4401382;4154484;4212797;4470001;4372508;4497135;4475234;4264896;4519318;4292316;4330365;4702434;4272146;4620355;4363113;4421835;4513595;4193771;4521371;3972723;4059066;4457204;3989233;4024538;4471622;4456430;4560905;4189438;4454386;4478889;4384365;4383358;4451000;4806023;4085456;4458363;4384439;4213943;4374888;4263156;4279643;3961992;4447109;4260467;4181284;4296399;4328092;4140298;4223979;4570480;4509056;4336399;4750912;4496996;4664622;4183911;4586224
4036146;4256909;3885527;4129798;4287764;4383772;3946923;4256276;4048782;4260590;4172794;4412568;4123215;4157105;4213414;4323241;4277380;4237491;4085170;4033446;4042189;4159570;4182836;3887137;3988254;4167656;4153357;3917386;3897177;4486265;4042758;4154843;4031436;4017148;4285157;4191911;3850916;4252856;4107735;4220355;4000044;4257782;4287832;4367120;3947385;4245029;4155340;3799260;4159476;4172197;4196277;4178044;4043008;4229075;4094294;4311395;4139272;3897576;4057870;3737306;4196136;3954486;4139026;4281039;3958530;4404171;3772230;3874543;3990033;4378908;3815227;3986338;3894665;4525629;4195626;4395607;4137103;4060591;4270198;3979209;3838740;4000282;3867323;3776418;3880357;4076300;4503972;4292277;4231577;4574797;4374149;4467495;4176094;3942724;3985503;4302847;4072922;4327137;3956063;4070167;4639229;3841498;4545427;4297474;4254658;3897108;4202194;4238258;4053834;4407809;4207351;4347396;3987727;4202091;3779888;3996701;4054396;4349700;3864375;4099361;4086182;4007756;4288010;3829768;4496385;3931000;3988078;4027261;4146365;4147018;4123685;4251857;4215899;4154318;4185529;4106180;4028429;4088742;3875940;4152543;3951451;4044865;4714433;4157121;3829285;4155692;4041321;4070877;4150423;4031958;3783996;4219004;3812262;4121084;4278329;4504215;4276388;4189562;4166614;4045204;4146844;4323491;3722081;4118315;4189882;3852725;3798928;4104940;4271638;4214659;4251729;4304007;3990647;4291352;4470308;4170190;4408514;3895986;4075229;4047502;4153285;4203811;3852840;3936882;3853206;4306080;4102801;4236653;4262492;4290537;3773925;3901629;4457321;4263916;4322951;4275457;4356760;4528676;4158679;4529699
4503684;4670846;4414289;4527062;4570824;4791144;4259465;4733174;4613569;4642084;4757526;4787518;4519497;4684473;4746631;4847000;4643359;4658767;4437809;4360951;4657102;4732711;4741354;4502341;4557720;4742837;4557124;4469487;4518127;4771716;4483961;4392657;4531734;4584474;4591161;4728382;4412032;4924104;4597032;4832665;4326866;4579514;4644410;4553156;4465691;4686107;4533801;4325298;4638985;4443337;4500146;4713451;4411319;4531345;4375151;4705209;4646717;4231186;4701521;4303510;4683117;4496703;4830111;4657077;4227983;4662532;4264765;4354001;4403399;4792606;4203030;4424122;4414968;4921370;4599830;4972489;4518868;4639166;4594642;4400759;4366288;4540994;4277545;4066955;4144988;4433878;4567685;4556880;4656022;4697221;4782341;4859385;4520619;4480654;4370607;4748826;4379603;4776661;4493433;4643237;5140337;4410511;4756650;4777851;4638436;4475177;4540358;4925340;4387511;4676363;4341223;4687229;4222462;4374318;4325534;4637502;4594888;4710460;4228558;4369351;4333441;4372220;4626054;4367103;4845943;4220070;4690804;4505793;4367213;4631731;4445632;4604196;4957393;4829583;4695889;4471195;4535670;4499220;4345348;4648687;4317899;4611590;5322866;4680819;4389378;4498305;4385330;4535072;4662518;4427045;4413856;4849710;4422502;4564068;4780801;4495628;4761171;4490904;4383364;4689418;4658243;4772514;4074862;4384841;4599841;4388625;4208756;4670516;4826727;4646386;4559766;4657694;4550265;4787522;4709992;4799299;5054230;4496902;4517305;4359091;4438703;4686536;4572599;4316390;4214317;4473186;4372802;4451471;4764539;4554506;4184931;4237155;4842842;4836375;4654034;4782362;4669571;5242114;4520897;5106711
4142600;4251828;3988422;4300959;4231422;4786121;3797985;4280636;4288158;4518330;4330622;4403463;4166949;4590763;4443613;4404286;3996475;4401895;3873945;4033607;4092279;4353042;4283593;3949673;4266923;4255273;4197165;4336932;4205828;4421118;4281828;4268618;4358724;3930896;4515488;4221630;4054295;4534563;4346419;4462812;4239411;4216107;4370047;4358340;4107825;4598210;4038841;4020886;4261398;4282979;4079043;4419573;3919770;4415332;4137068;4571907;4367685;3943642;4320052;4096563;4460732;4009803;4331952;4239540;4173187;4443707;3863114;4351759;4061582;4357542;4072773;4237312;4307416;4584385;4407488;4633977;4082119;4224619;4127164;4061229;4056302;4026321;4074754;3905124;4161761;4007903;4284734;4249475;4464705;4383460;4451702;4284686;4312520;4224705;3928397;4353047;4010234;4559690;4037596;4166249;4579538;4152080;4258853;4370381;4188376;3955860;4282523;4634208;4108020;4341063;4031447;4313168;4177133;4228395;3787176;4007441;4211574;4548009;4085828;3996596;4261380;3971338;4512298;4224740;4508189;4030267;4224995;4319929;4110918;4140088;4238683;4200327;4406069;4278801;4484199;4299386;4177954;4107506;4122124;4351994;4044979;4233452;4869300;4277299;3955183;4289498;4251514;4476375;4632178;4282109;4081458;4344957;4259767;4176055;4469452;4428810;4553806;4515809;4181974;4241518;4031330;4396871;3976944;4200945;4300731;3850140;4152176;4478008;4455611;4259793;4186059;4518006;4208142;4580823;4590962;4274609;4724037;4214334;4224413;4254659;4163868;4269753;4144739;4300610;3712203;4350167;4397242;4168144;4109674;4280401;4036820;3903831;4498758;4412314;4449870;4485189;4524857;4959322;4199964;4471618
4707124;5079448;4455772;4635497;4770123;4980632;4614329;4971441;4683489;4813679;5095273;4861964;4669961;5116312;4877407;4937125;4770307;4939687;4536227;4723434;4907820;4938326;4756646;4745404;4919923;4995845;4845125;4847591;4740414;4942368;4825087;4644400;4772455;4620409;4781853;4861306;4420583;5020574;4593838;5093388;4644181;4906262;4974332;4928890;4756640;5143518;4775462;4440156;4953098;4978129;4647803;4897984;4480072;4909346;4805429;5075602;4885697;4440781;4638898;4592832;5197478;4581776;4874408;4859844;4480228;5097381;4499772;4657992;4673960;4901136;4525422;4440120;4781683;5242072;4811968;5136227;4837166;4889976;4677654;4465501;4461882;4685603;4508077;4357669;4266880;4716666;4832868;4696804;4917976;4861456;5069406;4910360;4770574;4540136;4491213;4871959;4748246;5177227;4442809;4510301;5355228;4373809;4969749;4845154;4923794;4566816;4648035;5187395;4785872;4932374;4600777;4742224;4464188;4560367;4309011;4667005;4682365;5147720;4498254;4867032;4889224;4446224;5063886;4734556;5108564;4423334;4668824;4704459;4709952;4794930;4912918;4779458;4901199;4697548;4896007;4690073;4719882;4641373;4624868;4715392;4541304;4886632;5538240;4737273;4615062;4841026;4812351;5034732;5034716;4553047;4637481;4920176;4675294;4740129;5159717;4774230;4989416;4981964;4759265;4810528;4563018;4839326;4573071;4624460;5034538;4483996;4501404;4988290;4725235;4893234;4607885;4900562;4775037;4940164;5091062;4919949;5422454;4798789;4808417;4859173;4630884;4822173;4743044;4596477;4563158;4837146;4511512;4671724;4859699;4929865;4481672;4562813;5216206;4980968;4923870;4978283;5039883;5391725;4559594;5014225
4490547;4612262;4439393;4715243;4367376;4876552;4212579;4720262;4652298;4580900;4743311;4719304;4429874;4777072;4740977;4814698;4536960;4772189;4494523;4349976;4583595;4812617;4535351;4489438;4669445;4549286;4589873;4617278;4340024;4903040;4512584;4484903;4526856;4180304;4762365;4578588;4331533;4870235;4463015;5045164;4605394;4600808;4723859;4854912;4667309;4945685;4381544;4255631;4764067;4386238;4595948;4787131;4206595;4828785;4453083;4991088;4669002;4306479;4502436;4343148;4790630;4659136;4583764;4814156;4437200;4905329;4347603;4830964;4412951;4648255;4502014;4328982;4611140;4934246;4659187;4808944;4529981;4749194;4358019;4609151;4192993;4558739;4343068;4354613;4287219;4440900;4749642;4381381;4745176;4700638;4882476;4754857;4621883;4627223;4140838;4767302;4594752;4894115;4271673;4314794;4699874;4304161;4886435;4493156;4478698;4448437;4483369;5036410;4555262;4597380;4504898;4705843;4492024;4465583;4227318;4713578;4627322;4698012;4424235;4342174;4848703;4361974;4926723;4475814;4877892;4482253;4640127;4580386;4435286;4433387;4281108;4583704;4729435;4556779;4621174;4567590;4387030;4446006;4435641;4470315;4440639;4520766;5142204;4478721;4318914;4683852;4804162;4799443;4754194;4711826;4366325;4875699;4390855;4639898;4815927;4458667;4860230;4813268;4542920;4684486;4498977;4667870;4475165;4369391;4717203;4108546;4354393;4876667;4799514;4570557;4438352;4780013;4670257;4602642;4881573;4681492;5140811;4543642;4593030;4655270;4292953;4583102;4572612;4561709;4321831;4807268;4508770;4580971;4666306;4740960;4439744;4411662;4931008;4817039;4751343;4867823;4652421;5309260;4385022;4914036
4741074;4603053;4578793;4802121;4636111;5051625;4423569;4721505;4740105;4843853;5119101;5071766;4742046;4885654;4869618;4718908;4849471;4959162;4490732;4777844;4745176;4828560;4738981;4493908;4743406;4912191;4649695;4665307;4843309;5156666;4680798;4474163;4844691;4533972;4947649;4706386;4662518;4994484;4825749;4982777;4576593;4758299;4971042;4894734;4527523;5137154;4867463;4542349;4871961;4849897;4789823;4944152;4484300;5067145;4754424;5063493;4912766;4209496;4676743;4411188;4996061;4658302;4850007;4703831;4509035;5142780;4571993;4777010;4716510;5064442;4439641;4774104;4649073;5085869;4876858;4932466;4736666;4642972;4756770;4670610;4678122;4626610;4767704;4410357;4442137;4765806;4799057;4898071;4946744;4799545;4998220;4985503;4828685;4704225;4370768;4903266;4529843;5069687;4527538;4283591;5220031;4438818;5093766;4919395;4837254;4678357;4789991;5056561;4816109;4904987;4846716;4715855;4614750;4687901;4426411;4779827;4724937;5000113;4330575;4646471;4663327;4755636;5053048;4578721;5097412;4480100;4926729;4786927;4725085;4695246;4794573;4580886;5097686;4772241;4904543;4628987;4656133;4615631;4701039;4674606;4589550;4794897;5282376;4952750;4559205;4793026;4721641;4739879;5110667;4739809;4578423;4880037;4420915;4677337;5258187;4945348;4672859;4980768;4801144;4738216;4586546;4937745;4327380;4692929;4848973;4488052;4397603;5024018;5060168;4844969;4806891;4975470;4683149;5076369;5076532;4721879;5156637;4510140;4808451;4777006;4763433;4890668;4763587;4519816;4489119;4843392;4662824;4728607;4783745;4782170;4605363;4586345;5274012;5189795;4885049;4981680;4912160;5286254;4731004;5235800
4677878;4630701;4615604;4879308;5018885;5171417;4477639;4886801;4833103;4783004;4875190;4995518;4733456;4853784;4958939;4994327;4847455;4973647;4677062;4652596;4762717;4938816;4840472;4540823;4780222;5112596;4759937;4752798;4583894;4915177;4556499;4591988;4865425;4518220;4967395;4963511;4522967;5173037;5002735;4980784;4587102;4909284;4910212;5037400;4691877;4788851;4839056;4440349;4966328;4850224;4694331;4860170;4505853;4958960;4565401;5039829;4921930;4596502;4659879;4605537;4998637;4715885;4834830;4814315;4664837;4988667;4478133;4738996;4578174;4957852;4614630;4580991;4712103;5101365;4878320;4981423;4664184;4796116;4771636;4573025;4614957;4624315;4582671;4245908;4304243;4370231;4845016;4948634;4857871;4850502;4926332;5172321;4719534;4831184;4695124;5026492;4518750;5088636;4809795;4461585;5098193;4471305;4951564;4975535;4633939;4565945;4648154;5201197;4882573;4957144;4727766;4728955;4578476;4833179;4611837;4671203;4796156;5054799;4605699;4694868;4735524;4628997;4878970;4490656;5103570;4598308;4767700;4893388;4866328;4889921;4793015;4727788;5023141;4616652;5166314;4706709;4387538;4685915;4591508;4836964;4373651;4851366;5583471;4822748;4601170;4787823;4632847;4854711;4851636;4907740;4513302;5102672;4518987;4636103;5181777;5044868;4994127;4914162;4769730;5007912;4596053;4866756;4447484;4677911;4963242;4607254;4433953;5047661;4869754;4980440;4964495;4909175;4727564;5062139;5047401;4810916;5246212;4449620;4455200;4537872;4575032;4886035;4646255;4615464;4608695;4951636;4593154;4811270;4996957;4962722;4548853;4519057;5111421;4875162;4941558;4932368;4680647;5408548;4828560;5172359
3936143;4267398;3962552;4140182;4089532;4374420;3818951;4024950;4117323;4179858;4166002;4388572;4138390;4242484;4374885;4440747;4125890;4220944;3857942;3777748;4138597;4260408;4169858;3854325;3980961;4292772;4007840;4060967;4187256;4290811;4029164;4062775;4196065;3955856;4314154;3927690;3832612;4330968;4164882;4329963;3905061;4078314;4153345;4130665;4047734;4268787;3965864;3730859;4139947;4111068;4135964;4199883;3884932;4433714;4164839;4474609;4113519;3831773;4221835;4059318;4188306;3972199;4235662;4127024;4020510;4218133;3909044;4223594;4158693;4147573;4066502;4095728;4049320;4440512;4102505;4367215;4170916;4227091;4131474;3862071;3929090;4075484;3817983;3923547;3856088;3839931;4214629;4174170;4432504;4256858;4305148;4377674;4155308;4191706;4014660;4145608;3992915;4400177;4017403;3888764;4565945;3839663;4295162;4465741;4070714;3910085;4029979;4736697;4046873;4152711;4023405;4139852;3824745;4083533;3822453;4188371;4220721;4286399;3807246;4049393;4157467;3877832;4273156;3850930;4337063;3868240;4324310;4299846;4053355;4120330;4221146;3924839;4376001;4168443;4280082;4051792;4015590;4125602;4116275;4065230;3945794;4223693;4712830;4189924;3990004;4325646;4065527;4301611;4399015;4092514;4095540;4203041;4012162;4146324;4352288;4058998;4151288;4315058;4017372;4084813;4094505;4217741;3896775;4053903;4091944;3771443;3987811;4398482;4253837;4165311;3958874;4354323;4187221;4313057;4305078;4262498;4487719;3880756;4072913;4080003;3887936;4231491;3929404;4158693;3788376;4223637;4180157;3953042;4179408;4314273;3985108;3884440;4430672;4279266;4273745;4215660;4192472;4535977;3977571;4277537
4531706;4693033;4552805;4733855;4630239;4961186;4361507;4653610;4550511;4746664;4812276;4886096;4752906;4816730;4990084;5014628;4618254;4882944;4669843;4515889;4824501;4938972;4771817;4496141;4635512;4946802;4588776;4780857;4715694;5018762;4597272;4697834;4705046;4514577;4651350;4728796;4231331;5019284;4668892;5011782;4452318;4943310;4745124;4665250;4573575;4733481;4666476;4448798;4654466;4605390;4625470;4805080;4402532;4976455;4513550;5049247;4874979;4260210;4853319;4748132;5023032;4605845;4832558;4925661;4588190;4996324;4614157;4844644;4476273;4861547;4397246;4482276;4668684;4991252;4864854;5026517;4694618;4685351;4640496;4513758;4590284;4518220;4463614;4285180;4465156;4443007;4759179;4777245;4845323;4893450;4772085;5020894;4669075;4679723;4562045;4760743;4468469;5065485;4618009;4415416;5002462;4308366;4944264;4878804;4612285;4376477;4509634;5287464;4591963;4766670;4621107;4898707;4512701;4560806;4524598;4662822;4840623;5185451;4522405;4620581;4657452;4736086;4786339;4600302;4916182;4640028;4772517;4696309;4676702;4540979;5030923;4691992;4954963;4726626;4991638;4704770;4608294;4633070;4492697;4687817;4317089;4959892;5399386;4713532;4418547;4702486;4860036;4685571;4779164;4739448;4674663;4870928;4657524;4776205;4888724;4533979;4791508;4692322;4546081;4698418;4626621;4984290;4228753;4502719;4998568;4622602;4334707;4952124;4939563;4766658;4707318;4995669;5066755;4786270;4985822;4934090;5344516;4478449;4442188;4794821;4479296;5025100;4400175;4552754;4355999;4796446;4942943;4611399;4798617;4920569;4647278;4457670;4994420;5072642;4994664;4993666;4805952;5147493;4831154;5089792
4048873;4303653;3998269;4282948;4309103;4514882;4031101;4199531;4038865;4324064;4401899;4426489;3964151;4471700;4485166;4307265;4260543;4450643;3909913;4208738;4173546;4456852;4306247;3996056;4364549;4439753;4464756;4310480;4138017;4421585;4012915;4143930;4375108;4078691;4117987;4182323;4118872;4547608;4172388;4402670;3971676;4386810;4332933;4309382;4165322;4648295;4254551;4071341;4079122;4314826;4272182;4314863;4027104;4200559;4146429;4419070;4336577;3801453;4285878;4261341;4526946;4164638;4377043;4217683;3993228;4522261;4047771;4064709;4197760;4510333;4084567;4166608;3980308;4664359;4183895;4602338;4438846;4174722;4168201;4264866;3983109;4193523;3991388;3996535;4051963;4143384;4330590;4223314;4439703;4533817;4359443;4605765;4452656;4188946;4016946;4379679;4090099;4473874;4079941;4112491;4671714;4017626;4494738;4541984;4364326;4201727;4274746;4695432;4264075;4278527;4144147;4566373;3890969;4184044;4010251;4106810;4212892;4621552;4162703;4072037;4261725;4193948;4433645;4107629;4715115;4033421;4245722;4231400;4081335;4169692;4585813;4148727;4370626;4472374;4366360;4256267;4101468;4198354;4136553;4415866;4011102;4286124;4944760;4338498;3937683;4406393;4255219;4319477;4492451;4495813;4062098;4407891;4179757;4329632;4794697;4570690;4580490;4216608;4390087;4362329;4242206;4540477;3971657;4224987;4220238;3936382;3910313;4471301;4336690;4339903;4133591;4566991;4215064;4451086;4335674;4323766;4667308;4336213;4204720;4216473;4293327;4282204;4082181;4283246;3874577;4315680;4332637;4081346;4294241;4377659;3959222;4038145;4578642;4439181;4317973;4542783;4611762;4683347;4304971;4768438
4219254;4437497;4341087;4660042;4363576;4642599;4128047;4442216;4369529;4495700;4772618;4620305;4375374;4634748;4555315;4547851;4424816;4664585;4265012;4341993;4462982;4499727;4301070;4303583;4621505;4615649;4419122;4608461;4294129;4731841;4400765;4303999;4518822;4041898;4589686;4343041;4180666;4553044;4497241;4621705;4251379;4589858;4436825;4689626;4231579;4768271;4335548;4201980;4469317;4335040;4547732;4587004;4098500;4436023;4412728;4697031;4640186;4113184;4530311;4608407;4696152;4289460;4441489;4555783;4273594;4658532;4302702;4419576;4401598;4486177;4181966;4376015;4390558;4936881;4497878;4796839;4381351;4567404;4238030;4536159;4205402;4391111;4348720;4202416;4368818;4154292;4610054;4531673;4526960;4492947;4737802;4608988;4588666;4564968;4126588;4549600;4464761;4712361;4412950;4338779;4897949;4143376;4821954;4590989;4575885;4334873;4397193;4917959;4411328;4374932;4353717;4537599;4085173;4391291;4086927;4409643;4548751;4883003;4226262;4524192;4636336;4310804;4768704;4163027;4870703;4347927;4559497;4549172;4494250;4280267;4671800;4386679;4515700;4475648;4513544;4473869;4378869;4362319;4447555;4328116;4156547;4516590;5354312;4449365;4246441;4523222;4611596;4623998;4717189;4439026;4317489;4503742;4379595;4427428;4676367;4338793;4668496;4702715;4359620;4395455;4367637;4769843;4221149;4161417;4700400;4194309;4257639;4649171;4460312;4441257;4224875;4514650;4427847;4709820;4720650;4598372;4745851;4219843;4352134;4494520;4133502;4542890;4476717;4392403;4187133;4526611;4545426;4460452;4582693;4609684;4363602;4214288;4802212;4737850;4562663;4688456;4636627;5088156;4282594;4840169
4661842;4923108;4520627;4876148;4565494;5082687;4451362;4637372;4838616;4735857;4779210;5037941;4858772;4858323;4878133;4935159;4699583;4892742;4759240;4583257;4632270;4730202;4816448;4385413;4738162;4903783;4684287;4667992;4458566;5039621;4491796;4837612;4768646;4392556;4943331;4708838;4456850;5103673;4866720;4881801;4384666;4866844;4830250;4673948;4749459;4911444;4515546;4544116;4822210;4629957;4860565;4874688;4546869;4885624;4540585;5019159;4899967;4669163;4728379;4629821;5050237;4599369;4807384;4999056;4627214;5000082;4465383;4713456;4582465;5038941;4646298;4503065;4562585;5118259;4721687;4930459;4922987;4790479;4665603;4578276;4590839;4485496;4654958;4411523;4688514;4402031;4988713;4899814;5085709;4806980;4980387;5084308;4866259;4745137;4428408;4835799;4589209;5030075;4802400;4741382;5393570;4606741;5152551;4897902;4821034;4504090;4650398;5204348;4838273;4871963;4546941;4944125;4604873;4452727;4401234;4865062;4694818;4947008;4491026;4616081;4824334;4751104;5074099;4664887;4896500;4458126;4857192;4786279;4573033;4683568;4889619;4815458;4895752;4941828;4888767;4740923;4496730;4576298;4452506;4684019;4572002;4833289;5365735;4709538;4445288;4819770;4851125;4687870;4852746;4641952;4491995;5036750;4609878;4596182;5107348;4808808;4897036;4657931;4579978;4867565;4757948;4939433;4226828;4514303;4802192;4498557;4347039;4915116;4936734;4876299;4846957;5157480;4932551;4857750;4865559;4715245;5098055;4548568;4545081;4806237;4662640;4786540;4591942;4542280;4384808;4878063;4834560;4838474;5031417;4887675;4356450;4384040;5018356;5036916;4795408;5035678;4876557;5328561;4589777;5074749
4229835;4397224;3977037;4444412;4534462;4525837;4165174;4560752;4434404;4584745;4511339;4680331;4342952;4562471;4625768;4509416;4730584;4504337;4233550;4344201;4487207;4497653;4163730;4407688;4311928;4417303;4387855;4580746;4242973;4707738;4354965;4285579;4444423;3904369;4516848;4362550;4116140;4479986;4328523;4451432;4082356;4557342;4678489;4688073;4519667;4472669;4260088;3986695;4441988;4621907;4330977;4562470;4073543;4575662;4485935;4679546;4656727;4067066;4249616;4172638;4623600;4258747;4456600;4450717;4043091;4789929;4261662;4631224;4161222;4666956;4217734;4260843;4276915;4640529;4405522;4750913;4374706;4412940;4285136;4524186;4160970;4470393;4099127;3947082;3982916;4188915;4576344;4505039;4429409;4475498;4843498;4691039;4265154;4392537;4072595;4691469;4192511;4596500;4346326;4095072;4652997;4005236;4482302;4371550;4368884;4221947;4457349;4902882;4457055;4549124;4439730;4524447;4194186;4201670;3979001;4192195;4198321;4724786;4152593;4214792;4296921;4294809;4624780;4202562;4787588;4014948;4463096;4217491;4414561;4358712;4392182;4308036;4741771;4576698;4408919;4303758;4243321;4097701;4059942;4340500;4065170;4530778;5025308;4438974;4287084;4489854;4213680;4372437;4297247;4340452;4298791;4521277;4169373;4293218;4777966;4440881;4612884;4406901;4495496;4531343;4317037;4360849;3911311;4152305;4420336;3939910;4194153;4705239;4763444;4519472;4525355;4651616;4408683;4615246;4803713;4628644;4922908;4168394;4500354;4150020;4027255;4491563;4362465;4251484;4152918;4581634;4305071;4435017;4461556;4554626;4014591;4146542;4765384;4491229;4643457;4510279;4584067;4909659;4402706;4753390
4493303;4813316;4577295;4779066;4634266;4749804;4425383;4982704;4525008;4577671;4813100;4751345;4485101;4802722;4920144;4624662;4636964;4863372;4437401;4537093;4784157;4771287;4610389;4369906;4657175;4706721;4693174;4476902;4490598;4884469;4375817;4641112;4720087;4388362;4919288;4547697;4321239;4961037;4670867;4810816;4445520;4614525;4877743;4917401;4657805;4860705;4488524;4228472;4567902;4592147;4493088;4873479;4289798;4854366;4496171;5011072;4625476;4340887;4361412;4499130;5003880;4527790;4887252;4798945;4357774;4867392;4068398;4498777;4588798;4910518;4394943;4345768;4531894;5059104;4827767;4858566;4555513;4741323;4529315;4689801;4289526;4507783;4488628;4256732;4316272;4697400;4616857;4659594;4884337;4930225;5096857;5095072;4502997;4952055;4428166;4674799;4266614;5126734;4553595;4206684;4993425;4289004;5057301;4777971;4559965;4515339;4384542;5070087;4515673;4744332;4488975;4840388;4504767;4520657;4280922;4432276;4612868;4895236;4424237;4443322;4630355;4437143;4867676;4275943;4970378;4387227;4701071;4680315;4433237;4510772;4521664;4635133;4813540;4846340;4884586;4476636;4503811;4511872;4433557;4565167;4434251;4683442;5257254;4741447;4333659;4771809;4812631;4652916;4711068;4625010;4444805;4850828;4545570;4705324;4847116;4829626;5211827;4734928;4660750;4838309;4492004;4988848;4406324;4585886;4804701;4467575;4366927;4833481;4728567;4725122;4601296;4768021;4605957;4847671;4881022;4526975;5314891;4389994;4781223;4582018;4588418;4747052;4412634;4700486;4225234;4770542;4591242;4572675;4660467;4745152;4525130;4306922;4934790;4843561;4878677;4750517;4656437;5103309;4647742;4865602
4552082;4899852;4465377;4598499;4703677;5033410;4466295;4715497;4548264;4698235;4758372;4973995;4570313;4976021;4835029;4800542;4678519;4892834;4308076;4540746;4623909;4633001;4577016;4470904;4542691;4765248;4692729;4681353;4479345;4746514;4515444;4643543;4745854;4628977;4811135;4653457;4239699;4943502;4711975;4899808;4670364;4828433;5008726;4750928;4831874;4973826;4579063;4508838;4599717;4573273;4392426;4627446;4421267;4800526;4437891;5158222;4981989;4334216;4639203;4423011;4907045;4640291;4761490;4807932;4415396;4772715;4553500;4650436;4592971;4946220;4437149;4761191;4569021;5176528;4724402;5075594;4900541;4601655;4499042;4614052;4530585;4479593;4444980;4358001;4377214;4597039;4700316;4628390;4843879;4774483;4933260;5061281;4594500;4563582;4350829;4746495;4559533;4797306;4561850;4501623;5196109;4218934;4877591;4783409;4612165;4596929;4590069;4999854;4647978;4689293;4591486;4827132;4353203;4456116;4264386;4473987;4765674;4889039;4583103;4730119;4662529;4578414;4870284;4443364;4909155;4339231;4799929;4474371;4688886;4707397;4627400;4574620;4892063;4737742;4957856;4633756;4583018;4399777;4363214;4795555;4533111;4729448;5290280;4635853;4578410;4639473;4527876;4785487;4855941;4750834;4444954;4872072;4461054;4525755;4896147;4618792;4791674;4756415;4524050;4777880;4675701;4904256;4406776;4565245;4686744;4451918;4406679;5116204;4755935;4706718;4690268;5002425;4739519;5110887;4955068;4788181;4994947;4522560;4757459;4752146;4498974;4707747;4510812;4602172;4312976;4744171;4585143;4721096;4678577;4721287;4382874;4493343;4944614;4857961;4809629;4871162;4732599;5276364;4467214;5182378
4001410;4053153;4168346;4174684;4274014;4516329;3831536;4244454;4243848;4180402;4385712;4313846;4189833;4332531;4412227;4398967;4062100;4342895;4167226;4213061;4214758;4313506;4414058;3975874;4314713;4349914;4261477;4081132;4074180;4353210;4375534;4082622;4315773;4132092;4454185;4293686;4132816;4548270;4197782;4376471;4127424;4249647;4278760;4260873;4103266;4338265;4130831;3865865;4329420;4041459;4178158;4440587;3940636;4373550;4123339;4446285;4275340;3931855;4111468;4087595;4267400;4165828;4408881;4355093;3906775;4402637;3920654;4169614;4097096;4374916;3806481;4053035;3990954;4493557;4414695;4586741;4127801;4311694;4240494;4035337;4177095;3985095;4144685;3928147;3888018;4103984;4135842;4207714;4226829;4613865;4446532;4436394;4303706;4083950;4026387;4345593;4036871;4577072;3830636;3976311;4584788;3859144;4635970;4389045;4163005;4001185;4147166;4621023;4123888;4151834;4260392;4101319;4040292;4204577;3854722;4395758;4139151;4732621;4085987;4207117;4150037;4088780;4368478;4107057;4557229;4034795;4123548;4378595;4112706;4062805;4350860;4175907;4430252;4189744;4442431;4100709;4225523;4131330;4094565;4427304;3958619;4099248;4828078;4280035;3944151;4100327;4483161;4209394;4498747;4239286;4194590;4359657;4200146;4320758;4471989;4134940;4386160;4365408;4049473;4200642;4069642;4476915;3981328;4045493;4303452;4085854;3857511;4152025;4224811;4065001;4368011;4379088;4100184;4269862;4538479;4192540;4625793;4191670;4194198;4288926;4195216;4281751;3972275;4360908;3895662;4166258;4370261;4302566;4364818;4257365;4177948;3992376;4536874;4640346;4390376;4511821;4355535;4610255;4160408;4648494
4000611;4339052;3979674;4284448;4075005;4483883;3900382;4343562;4236026;4330864;4195604;4540989;4034183;4391745;4302093;4463382;4285136;4449812;4144274;3996718;4261918;4210871;4095906;4090807;4076231;4344080;4187871;4169004;4089319;4657581;4088057;4045409;4315680;3845824;4285130;4036537;3950669;4415450;4408014;4204044;4076703;4086243;4494434;4173602;4250787;4524433;4057123;4056374;4364888;4173370;4174135;4472585;3892080;4324451;3969046;4532570;4330409;4054161;4350969;4098389;4435231;4280905;4324820;4296269;4050982;4271025;3879067;4235480;4125507;4183061;3994370;3867320;4148108;4440102;4369049;4456058;4099073;4279334;4217804;3988054;4003241;4024439;4038518;3944481;4104516;4016876;4492401;4280111;4216729;4407282;4393311;4314606;4199653;4249644;3987770;4155674;3938307;4492434;3952957;4194757;4524619;3948301;4460477;4051521;4371672;4138675;4109199;4461754;3969903;4214803;4150615;4151729;4196829;4028557;3841712;4203291;3905654;4295738;3928303;3970587;4142716;4001731;4318714;3975952;4537848;4145104;4075013;4089805;4247717;4240810;4250467;4267975;4374018;4356361;4209190;4188980;4074662;3910204;3959825;4110896;3943699;4185753;4845877;4202345;4174602;4289452;4308645;4311789;4188635;4129466;3882530;4419056;4287059;4096719;4284538;4223904;4550118;4282434;4020974;4274465;4016802;4410968;3902688;4069526;4325478;4089379;3945591;4327042;4320579;4275304;4142200;4132261;4207693;4204269;4193794;4276944;4546550;4004108;4077290;4211834;4011122;4312691;4170569;3976962;3779364;4380644;4125283;4143804;4186168;4381232;4038488;3927582;4423080;4501698;4395596;4351813;4214129;4670931;4198414;4623102
4504097;4760028;4205150;4581674;4695497;4905800;4439060;4669168;4790948;4529721;4773692;4815170;4578139;4545776;4836540;4896604;4673340;4659518;4493610;4508283;4756280;4823523;4566245;4558931;4497911;4732397;4400171;4849657;4490157;4930862;4319973;4651006;4700168;4422463;4841603;4628781;4466918;5014515;4766284;4982110;4481797;4676318;4827988;4685979;4606192;5033750;4449224;4396080;4707496;4389523;4607152;4706694;4250891;4882014;4540267;4892775;4905416;4375193;4601346;4567073;4762445;4473762;4523679;4703579;4495864;4897005;4308529;4739154;4399584;4686924;4352637;4635831;4478698;4852417;4660767;5018161;4525915;4556466;4590244;4787855;4289655;4380873;4527140;4247125;4336404;4330374;4658388;4750129;4669255;4629194;4928847;4748356;4520836;4478700;4421050;4668414;4274751;4950557;4593456;4360449;4965416;4207938;4668851;4630170;4644292;4468099;4782270;4990414;4463499;4726660;4548071;4783299;4396334;4627874;4470371;4602536;4676627;4921430;4303977;4484147;4690487;4622358;4811859;4465281;4877359;4421948;4654862;4665174;4724711;4584369;4594228;4528284;4860729;4645433;4753729;4565118;4620760;4644046;4412511;4428102;4420989;4766698;5212838;4553175;4483610;4608110;4554497;4874672;4961276;4756774;4523414;4768649;4472567;4369769;4809643;4558451;4715643;4593602;4537584;4704275;4512059;4877002;4332088;4558591;4634184;4421552;4311085;5030961;4881150;4635504;4556607;4788773;4733580;4689154;4742874;4861161;5103371;4480927;4407092;4554637;4290743;4751289;4531465;4583538;4281393;4506461;4564541;4547238;4673695;4811894;4274547;4504673;4846449;5045357;4795078;4890279;4767786;5117694;4357101;4877646
4135925;4360468;3963839;4308653;4422019;4579698;3952488;4444648;4483724;4330634;4289702;4587765;4299999;4519416;4424401;4570105;4240519;4252694;4074402;4023848;4292272;4309209;4166538;4099734;4142810;4604244;4187445;4168098;4154157;4607305;4046179;4169540;4356894;3917879;4344044;4160880;3961495;4605516;4284792;4438841;4070016;4325122;4430283;4193244;4372863;4556113;4068957;4008610;4171627;4315421;4324340;4420474;4266102;4498526;4183501;4561744;4161724;4044466;4146376;4017307;4353137;4046194;4430821;4273083;3869952;4500163;3991112;4285640;4086596;4506478;4255424;3994573;4250156;4579440;4423848;4360259;4236989;4274841;4189172;4032967;4138550;4060768;4058994;3936495;4214875;4024805;4268184;4309320;4566064;4436649;4464562;4666254;4144285;4251626;3935196;4431611;4337408;4542046;4034871;4277365;4603606;3961049;4442430;4253547;4276023;4148245;4106555;4624517;4244041;4345607;3971101;4538560;4026308;4117172;4105202;4220714;4089297;4753080;3978228;4124718;4223330;4098452;4316620;4122971;4558817;4122907;4140660;4116301;4139829;4213062;4327558;4233682;4352798;4288570;4346109;4048216;3916540;4187797;4112096;4220554;4135265;4188094;4632204;4286754;4036132;4371653;4390408;4344988;4499825;4011355;4002852;4621352;4175491;4271313;4560682;4361781;4526068;4207663;4084115;4265219;4272649;4543179;3748048;4293024;4213452;4084801;4083250;4584128;4411029;4175228;4295792;4411556;4336325;4323192;4227618;4631756;4702870;4047140;4138164;4232520;4053826;4306548;4268384;4157844;3900914;4270298;4228786;4293736;4610662;4519336;4011502;3879987;4736562;4525459;4403755;4412756;4345243;4726211;4256059;4583647
4091010;4225946;4158929;4229092;4003936;4595065;3939264;4371553;4157357;4398911;4162197;4418308;4281322;4354938;4359817;4356685;4229431;4363941;4009552;4169373;4222789;4418238;4306211;4171123;4145723;4145214;4180208;4192475;4168446;4531227;4178686;4231276;4247269;4208300;4426469;4275024;4076725;4359649;4301209;4489023;4069621;4170190;4424238;4354821;4025224;4638292;4012811;3802440;4293188;4075103;4240098;4320055;4222111;4365533;4083468;4491818;4378128;4028013;4250558;3997246;4235106;4236700;4257048;4395884;4071956;4339541;4144169;4324377;4108019;4396780;4205577;4191414;4147795;4605465;4517638;4680089;4260754;4300561;4419096;4090039;3853614;4201181;4315854;3973692;4055362;4235451;4570491;4574288;4542796;4496638;4670615;4410619;4353819;4315727;3869810;4413873;4177202;4470429;4047199;4042207;4677202;4003234;4609854;4323048;4391849;4227218;4262070;4692869;4205223;4508316;4199602;4272460;4200639;4184209;4088355;4387509;4378238;4444202;4036024;4236777;4187107;4022615;4436348;4259068;4516409;4221790;4403073;4071744;4356609;4328031;4129063;4121470;4665026;4248172;4300973;4217624;4082175;3981926;4290333;3901033;4094646;4152447;4822094;4276544;4074777;4189000;4169703;4354481;4318385;4511564;4167546;4451564;4130632;4150791;4236697;4214635;4639312;4642907;4188006;4091085;4366292;4548875;3993059;4207030;4416605;4169683;4126638;4783397;4524811;4384689;4167867;4393359;4441755;4363224;4544464;4605796;4660696;4104212;4073539;4299711;4241113;4303318;4152045;4003746;3972278;4486493;4329820;4285686;4562116;4275037;3964288;4146428;4654686;4363446;4360372;4537179;4391648;4843644;3947197;4665153
4344606;4478790;4089495;4645934;4326606;4768620;4313383;4694059;4493437;4410019;4557372;4654543;4595322;4632057;4704257;4492964;4544826;4619372;4235234;4449140;4654484;4470103;4420407;4376146;4524784;4783569;4565629;4539770;4324902;4694324;4329586;4402372;4664539;4309503;4528155;4624544;4260640;4746221;4487659;4668269;4394923;4437665;4699433;4686616;4552192;4585300;4492274;4528545;4779225;4628905;4490733;4602981;4239276;4653187;4380168;4730925;4384334;4499345;4328070;4355797;4471986;4499411;4784807;4643790;4191830;4700520;4270639;4546839;4427146;4612351;4443493;4512721;4558578;4785033;4661678;4890536;4470292;4333549;4439610;4320106;4539406;4351213;4220420;4228774;4192309;4606282;4614195;4517577;4747790;4434245;4680222;4872483;4609119;4440348;4366528;4594419;4359700;4833720;4458053;4358359;4908655;4029464;4723664;4459146;4505379;4368512;4626839;4699869;4460551;4699379;4593888;4435159;4343867;4256711;4133499;4408069;4572052;4693616;4345969;4295375;4525171;4651068;4698362;4516369;4679055;4298178;4477544;4474370;4543713;4326724;4671251;4442667;4582991;4513841;4575064;4546304;4210653;4602712;4211573;4503314;4591472;4425310;4950979;4535274;4346966;4493668;4275417;4682846;4703125;4582931;4336838;4685542;4263931;4472305;5077107;4492607;4534665;4535448;4348044;4613817;4465782;4748654;4281575;4447437;4705878;4229375;4168463;4702473;4501167;4494623;4569438;4919409;4505860;4872096;4739500;4618689;5015201;4219757;4428488;4583666;4388540;4623638;4353538;4411504;4145789;4516686;4575717;4463270;4582029;4595540;4359349;4236387;4808432;4765893;4735632;4606177;4690109;4940530;4407184;4842105
4339999;4467843;4303655;4561885;4381468;4737319;4288212;4697647;4495430;4449598;4617668;4822887;4457008;4700019;4647139;4620830;4520719;4620230;4151569;4267159;4621583;4429578;4439935;4220902;4361622;4534837;4579867;4653145;4448575;4809723;4421983;4543427;4753395;4242130;4614892;4405908;4235541;4752139;4439331;5003770;4590615;4659112;4754843;4490271;4498603;4943127;4436872;4246977;4444343;4486280;4297205;4590432;4171678;4661627;4286636;4780607;4564204;4199564;4669021;4319497;4640771;4410600;4512588;4739547;4360182;4652166;4192754;4641633;4422947;4668734;4424086;4494509;4520290;4858377;4602849;4604626;4545878;4609232;4369015;4467244;4283125;4385351;4247768;4274286;4265482;4406323;4604605;4283155;4926835;4509800;4864208;4740315;4691439;4240056;4422915;4651056;4355125;4859188;4214874;4257426;5073308;4083102;4739235;4710210;4626360;4287040;4242470;4796902;4385128;4664052;4452948;4508982;4315744;4099274;4074473;4314970;4392316;4692415;4466652;4388086;4736673;4398786;4747366;4566772;4463838;4424797;4601455;4497746;4459760;4599036;4561598;4427690;4762517;4636935;4504809;4441283;4570494;4391624;4393838;4486189;4502530;4571879;5096114;4458450;4380539;4410299;4668750;4772071;4791183;4494096;4406155;4565762;4459331;4426680;5030018;4529832;4855159;4571623;4507023;4627136;4588613;4767235;4209748;4446155;4461772;4156471;4265699;4791087;4685158;4389129;4478182;4907582;4430645;4643779;4636428;4642227;5014070;4425964;4274360;4590818;4432853;4627707;4445943;4403731;4047138;4608149;4457285;4377913;4526727;4598686;4506622;4114022;4663031;4937604;4797325;4626843;4526936;5227292;4429135;4927941
4574447;4693509;4295133;4577685;4669451;5017029;4281168;4880558;4737109;4594068;4701697;4675755;4646008;4769776;4806120;4741697;4831725;4743053;4387349;4467754;4507030;4699193;4714710;4405124;4497206;4580982;4697908;4475910;4405554;4792455;4449671;4633858;4676399;4464260;4483357;4478799;4463714;5089363;4795353;4701443;4464146;4717310;5000690;4602217;4689178;4833869;4534024;4295260;4466033;4576009;4386879;4786750;4500721;4823648;4567029;4909834;4741765;4283007;4629360;4456650;4727093;4456367;4883739;4497656;4410021;4878780;4236358;4607765;4420567;4767959;4524757;4505187;4517440;5002524;4812922;4924236;4608180;4636541;4408927;4500148;4308044;4648161;4307547;4262081;4406037;4581594;4693978;4645731;4830145;4886466;4919882;4827468;4467110;4764895;4415823;4726498;4751939;4858950;4430611;4562643;4872108;4362672;4766565;4680778;4803070;4553126;4607941;5028243;4489338;4869615;4371171;4643620;4485444;4207429;4114206;4364485;4458537;4863128;4552321;4465148;4718948;4453110;4830640;4567722;5047637;4411828;4599351;4642976;4689715;4815627;4588204;4575272;4648605;4653638;4741980;4420421;4592049;4464572;4313251;4509954;4447667;4563526;5179679;4564332;4418590;4718067;4654366;4752833;4757180;4701447;4452329;4875005;4603503;4612250;4850467;4871519;5044714;4625978;4633555;4638658;4555286;4890573;4367398;4605359;4813562;4072306;4452726;4923553;4892790;4601758;4544749;4650767;4838031;4933445;4784589;4701165;5176178;4394441;4664488;4695765;4321723;4753363;4385028;4492004;4374307;4545994;4800942;4570754;4562102;4859740;4242202;4397455;4875773;4860902;4657258;4805579;4828989;5367780;4414583;4951530
4176979;4324717;4201342;4320002;4227182;4658977;4199791;4364280;4273639;4447644;4535928;4684452;4320084;4472268;4529618;4594611;4196323;4278536;4195416;4059270;4213749;4287113;4371138;4200729;4105361;4508184;4174383;4450259;4248308;4472141;4266026;4225534;4556491;4263943;4580522;4255006;4149609;4691308;4572188;4557469;4322730;4430565;4421676;4185479;4313399;4527150;4379445;3810518;4380760;4302982;4265342;4409393;4004572;4455584;4229057;4439823;4310290;3999398;4294088;4147332;4525949;4380908;4610858;4399152;4323594;4536580;4011374;4385279;4356603;4558748;4042981;4332194;4217536;4638184;4428544;4558897;4204338;4152401;4318044;4226767;4211611;4268456;4179984;3991013;4292334;4301496;4469058;4220791;4405795;4414412;4495540;4424621;4221799;4371005;4232612;4360752;4300613;4354906;4230359;4264819;4804034;3914667;4695650;4564768;4445822;4319873;4216672;4632976;4122254;4403546;4386711;4346613;4130261;4222426;4034883;4185734;4375176;4440627;4033125;4136464;4396370;4063543;4438254;3970380;4720103;4088022;4326549;4364747;4326115;4144752;4314114;4384323;4583325;4355681;4480140;4095491;4184757;4117972;4008991;4028570;4137337;4667441;4972880;4506196;4133928;4445724;4285747;4247309;4771170;4425816;4006403;4288223;4336889;4280938;4571330;4410666;4517856;4571406;4331437;4372997;4240135;4552232;4020848;4101597;4340990;4007659;4157241;4533489;4339246;4486750;4329144;4514258;4167084;4583450;4507837;4398709;4729250;4312630;4360185;4263236;4333240;4613987;4079376;4328373;3697973;4528857;4267056;4294644;4467342;4345604;3964739;4117580;4680373;4440256;4507339;4351555;4548138;4880505;4083350;4839497
4021325;4232600;3836524;4168277;4282791;4511624;4033585;4319651;4372020;4325314;4310292;4432416;4138552;4520049;4153062;4380902;4413862;4288733;4066799;3975409;4192981;4229865;4096604;4087673;4133178;4264354;4166125;4236734;4106896;4417583;4059705;3932626;4403662;3959408;4208832;4336429;3802761;4571803;4406995;4519692;4174720;4342420;4416165;4092017;4294274;4493914;4106601;3934386;4135250;4122300;4197613;4136209;4083681;4345124;3999631;4457540;4226637;3911396;4060958;4084696;4280527;4045352;4425507;4197101;3950943;4437925;3877169;4335642;4093089;4362785;3870082;4128648;4196719;4566103;4389178;4411701;4294064;4239886;4113060;3910746;4056540;4163214;3915553;3887791;3921458;4212282;4299670;4327742;4280060;4199192;4452901;4364400;3974031;4289278;4141578;4214920;4119233;4371143;4088273;3875116;4547381;3807287;4428343;4048190;4332418;4169272;4137566;4610498;4210067;4382735;4083925;4089477;3994267;3970273;3833405;4213761;4104447;4526091;3940337;4182406;4122891;4049510;4307116;4080115;4641112;3992952;4179466;4395168;4127983;4137698;4192498;4104757;4276047;4218968;4423374;4127763;4114195;4107350;3827979;4107347;4025379;4334820;4739459;4158455;3874623;4126128;4450119;4381315;4262574;4405415;4018371;4313392;4134352;4246049;4390965;4482509;4371451;4334250;4026815;4198579;4100387;4220173;4009108;4141130;4496027;3864636;3925234;4504121;4341807;4316061;4099934;4445245;4345998;4354396;4428650;4310913;4752536;4179898;4217770;4327556;4050028;4118863;4021036;4081435;3941972;4101427;4197127;4140358;4323470;4286202;3897314;3902813;4435965;4390674;4279329;4318714;4356968;4711654;4047174;4563508
4324240;4352628;4127602;4359368;4301833;4667957;3957505;4329881;4466519;4340933;4441240;4577161;4501060;4496839;4564132;4484190;4196239;4392003;4152406;4280603;4395208;4398958;4411032;4008280;4417767;4486010;4458906;4294504;4332226;4506424;4315228;4237091;4286405;4015593;4580825;4585345;3965080;4602640;4182569;4539402;4273645;4486081;4569375;4374021;4283776;4640600;4522823;4231556;4433457;4535761;4183985;4597896;4039334;4720162;4305025;4615355;4412152;4068242;4286342;4278195;4555789;4395340;4311521;4369495;4015580;4796374;4130480;4253088;4296028;4634944;4177264;4178512;4240646;4638937;4585387;4528870;4446569;4136840;4285859;4464140;4221197;4122607;4265080;4081705;3987375;4163074;4531415;4238932;4430130;4282325;4606473;4600882;4325517;4226252;4089365;4616775;4137875;4645150;4150068;4067222;4861755;4131914;4729899;4555552;4356261;4286943;4346885;4863979;4068333;4446229;4312085;4461332;4119421;4192052;3921867;4124323;4281185;4613056;4196687;4205404;4333598;4221603;4519269;4021576;4565205;4069848;4424247;4176609;4445783;4245457;4438044;4352809;4512403;4429604;4532719;4128094;4431272;4091276;4128374;4236193;4109412;4416782;5151928;4317997;3904701;4421852;4459245;4448893;4504906;4373364;4366323;4456389;4216011;4259753;4753777;4376273;4491144;4488855;4277141;4485048;4312148;4631764;4048842;4413842;4335516;4194821;4156884;4716778;4653256;4385189;4267563;4674831;4490681;4616978;4698617;4362167;4918659;4320135;4216768;4416152;4256440;4210050;4132394;4324944;4133955;4397190;4247559;4418931;4388494;4381790;4198261;3999272;4691652;4569117;4461884;4469554;4555567;4894166;4178901;4799993
4501137;4881522;4580181;4851236;4943576;5119181;4467966;4948941;4764766;4911153;5029028;5138922;4519185;5128058;5001068;5158707;4737912;5003952;4543697;4610786;4785404;4864005;4923098;4668792;4699118;5174600;4770875;4747978;4693866;5118554;4633427;4722434;4965315;4699018;4761048;4959514;4518153;5275876;4991922;5069677;4822324;4802074;5107112;4857330;4787060;5132095;4777311;4650416;4772458;4700885;4789236;5020935;4648486;5010090;4700396;5410553;4864948;4580472;5029856;4544991;4840844;4743851;4903904;4715348;4595465;4923672;4526073;4746854;4537181;5064337;4633505;4726813;4929303;5417242;4896330;5153020;4830096;4645833;4884103;4728404;4618962;4550520;4668560;4551575;4541013;4775916;4828937;4961368;5128592;5021423;5252872;4861463;4761696;4654313;4706207;5125315;4757025;5089204;4573976;4843260;5260159;4396587;5310675;4749343;5002567;4547323;4802054;5444204;4789532;5096587;4786113;4875295;4602836;4832615;4571133;4784495;4932040;4867907;4861384;4525960;4664547;4689997;5031406;4357747;5212450;4582802;5140471;4689260;4674151;4965073;4744807;4685843;4974947;4877470;5010822;4879843;4575185;4933497;4643730;4690898;4659457;4813004;5469763;4784023;4619048;4733426;5008720;4909420;4988690;4990199;4693842;5146631;4793830;4924893;5157652;4833352;5037819;4941910;4777455;4930906;4575700;4980424;4721400;4765494;4851691;4640086;4750620;5194522;4887774;4878125;4791367;4942593;4720411;4857978;4974554;5088664;5380013;4698949;4762205;4918946;4879298;4857953;4553815;4929044;4432252;4962948;4625895;4691918;4812061;5023440;4460214;4636732;5089414;4993803;5061522;5142984;4853563;5451722;4754171;5117584
4380069;4522145;4117920;4366709;4361796;4630225;4032991;4486190;4357202;4350689;4458075;4630848;4377332;4513710;4760869;4645592;4481297;4670334;4248835;4388842;4414343;4514404;4457035;4117659;4314346;4542704;4532787;4446276;4080225;4594109;4210001;4334593;4492046;4191261;4405529;4360760;4408870;4478727;4694309;4454681;4218682;4417035;4594966;4590795;4435328;4570468;4327167;4005319;4429910;4302942;4418206;4599890;4207380;4508009;4372711;4697235;4675651;4088086;4271170;4352714;4677129;4406264;4540263;4609571;4284559;4625845;4107636;4485492;4378318;4268643;4247972;4457069;4004432;4635163;4418549;4823802;4356631;4418339;4325580;4388563;4175632;4376867;4036301;3985933;4283299;4164963;4353444;4307340;4469141;4596453;4512270;4568544;4473418;4353270;4146085;4406318;4250100;4566119;4212857;4151334;4778637;3922374;4600231;4594360;4308746;4266742;4355637;4604462;4326083;4543000;4144081;4510825;4293204;4254322;4145651;4175043;4366817;4577090;4059870;4333137;4498392;4185908;4619683;4297584;4529818;4179685;4281334;4351891;4332866;4444776;4756504;4256507;4625216;4450160;4642383;4471005;4332725;4153366;4308935;4424166;4182641;4309076;5004074;4492338;4187512;4442534;4546621;4473117;4548745;4374537;4278772;4546721;4393477;4368617;4863463;4362744;4550511;4486624;4504641;4392518;4243446;4476434;4294005;4326540;4617600;4300175;4021189;4641110;4548901;4488720;4362505;4657388;4393035;4543898;4410981;4392394;4730119;4179340;4590324;4394602;4222965;4589339;4157644;4296476;4049491;4653532;4322002;4454846;4444566;4533263;4208549;4182153;4706577;4758931;4523599;4704523;4575404;4813646;4356878;4779165
4182443;4297846;4003886;4418422;4085621;4530201;3965732;4345221;4345077;4311389;4455212;4316563;4112278;4257834;4540155;4329932;4490110;4368668;4228133;4182350;4172234;4330664;4224687;4171262;4280561;4258327;4372609;4270589;4280440;4464108;4321331;4374061;4457260;4218340;4416239;4312180;4061481;4375517;4262524;4462012;4192881;4320825;4741088;4350005;4413350;4523542;4297249;4155427;4266688;4258020;4117785;4529844;3945246;4397915;4281834;4548235;4328752;4102100;4130452;4178758;4514432;4055893;4524511;4263705;4042458;4450403;3966090;4315923;4208849;4394914;4060164;4198998;4086556;4518517;4242378;4667816;4281491;4253997;4086054;4165575;4058018;4013717;4019139;4050211;4089400;4079611;4495925;4340003;4385751;4443358;4467875;4397863;4309343;4181308;4050322;4413311;4189950;4611802;4185593;3936576;4736194;4013661;4342879;4533087;4272838;4217836;4248161;4617812;4250632;4417491;4340996;4418060;4033755;4129647;3872514;4156266;4328281;4441383;4118850;4253874;4220881;4110887;4378851;4068653;4545567;3946053;4305067;4337379;4329575;4394111;4398766;4465234;4500435;4288610;4313086;4215448;4159896;4103449;3985524;4342662;4046502;4248433;4882790;4302573;4092778;4214583;4311369;4574617;4514283;4307179;4090367;4255903;4141542;4196261;4625768;4241917;4335976;4471296;4126199;4358130;4196537;4557046;4251642;4011299;4382012;4050821;4152388;4443987;4741939;4294287;4357970;4548799;4223780;4437166;4432713;4294649;4739940;4253297;4168156;4211149;4033537;4233844;4315599;4230791;3913418;4461259;4264105;4016486;4326696;4404218;3956257;4045564;4446119;4656235;4452336;4519660;4483888;4912210;4188273;4304554
4190856;4207997;3973437;4212369;4143624;4532250;3865980;4547112;4257678;4281364;4428551;4592035;4191295;4289184;4499480;4354828;4312914;4345599;3948243;3945981;4286027;4203553;3995749;4202711;4128411;4483583;4225777;4037539;4180724;4484268;3953295;4249289;4342110;3873856;4402359;4314129;4007227;4421829;4300691;4572825;4239513;4461652;4220842;4380611;4218299;4400362;4097946;3850899;4231965;4334885;4088617;4500858;4170354;4411081;4015513;4400801;4299630;3989556;4352639;3879126;4299508;4122958;4516747;4286808;3889826;4541394;4022707;4369043;4138834;4580146;4143949;4135775;4170166;4482843;4381961;4358436;4173509;4295257;4196648;4248620;4107279;4244986;4024724;4022967;4060047;4224325;4460415;4402655;4608381;4415790;4442466;4558340;4250307;4309674;3977891;4520929;4178478;4350525;4045408;4071776;4359498;3992014;4519557;4326428;4355098;4265997;4036923;4605378;4102560;4479708;3966485;4420814;4114128;4066509;3902845;4527629;4147703;4421866;3764004;3835844;4184343;4194637;4447636;4168146;4414625;4105135;4222637;4014394;4233601;4257586;4174024;4010270;4551497;4354732;4227491;4152247;4206270;3944458;4137831;3867370;4027063;4147300;4772738;4037381;4008038;4403301;4249216;4098507;4361759;4173075;4167814;4485754;4228958;4241164;4511771;4220444;4432679;4204309;4147246;4326935;4337161;4452831;3923363;4072381;4268627;4067903;4126449;4464746;4451429;4192425;4265722;4282457;4207706;4330367;4398562;4560795;4583213;4100091;4051351;4268536;3970742;4396750;4156475;3925797;4013072;4387904;4303354;4380685;4548435;4294543;4168229;4064206;4839471;4273376;4454938;4383531;4226543;4678469;4274126;4956939
4076516;4382727;3933840;4209720;4226766;4525034;4124074;4405078;4347866;4164334;4278150;4528385;4152962;4318288;4581028;4374601;4266860;4352690;3934071;4119673;4307190;4201557;4442652;4136350;4164626;4237805;4292391;4234379;4229612;4480963;4062695;4413252;4435925;4049343;4415790;4281666;3902653;4414686;4466081;4420099;4106007;4344373;4501624;4411862;4309332;4506854;4344098;3965681;4211633;4414914;4259624;4318365;3998150;4646746;4282338;4501298;4257367;4066407;4241892;4265868;4582633;4274602;4419198;4555073;4041964;4541147;3958246;4254784;4257758;4396284;4234899;4160299;4023826;4678311;4319968;4580275;4349037;4467484;4347399;4260743;4182340;4223148;4193325;4013881;4155270;4134225;4551976;4371556;4445618;4472675;4652407;4786060;4316553;4324957;4124529;4335946;4229365;4610022;4355203;4069961;4513900;4002541;4538295;4462373;4372310;4320316;4058459;4538584;4134753;4454415;4188287;4463320;3949673;4112425;4137715;4178471;4226185;4456012;4119263;4326857;4451923;4115272;4449313;4346924;4509521;4112386;4293495;4237357;4147797;4304729;4385777;4241742;4462276;4378925;4159259;4287329;4050077;4123915;4212312;4154959;4124848;4295454;5017075;4276054;4218790;4352182;4465625;4469961;4291826;4246833;4079017;4380623;4018780;4396880;4644440;4486112;4603861;4442185;4251144;4513999;4224263;4269280;4105249;4257027;4415771;4021181;4138679;4438935;4499230;4388034;4208340;4682728;4261767;4446240;4497803;4433693;4637861;4264833;4243927;4210553;4133072;4382731;3969730;4319750;3950652;4478881;4326268;4260669;4351916;4470504;3923511;4207834;4397924;4513424;4553112;4384367;4500062;4827145;4133526;4757968
4227929;4490632;4267419;4517872;4361449;4553826;4047766;4546717;4424299;4484187;4191198;4510999;4519189;4802407;4310414;4526011;4355539;4593038;4201034;4177683;4441666;4329776;4213793;4113734;4410911;4311795;4156602;4321520;4022483;4458181;4378872;4311628;4405187;4019564;4409850;4212235;4248436;4512283;4315663;4623165;4204139;4405875;4628570;4539764;4317998;4469207;4223798;3903246;4439719;4228204;4372913;4292720;4261749;4421416;4405629;4761559;4341863;4093529;4143511;4183846;4419080;4323505;4353606;4535118;4116459;4519514;3863732;4396629;4103380;4518994;4241421;4055941;4332817;4615577;4426909;4651308;4023335;4472959;4162389;4133420;4123673;4221390;4036233;4058260;3848018;4150107;4723817;4278055;4433130;4263415;4546951;4577171;4264791;4153733;3969550;4492628;4190736;4653539;4264379;4420085;4722205;3840939;4588438;4480767;4289716;4053760;4329796;4766053;4175635;4516006;4484030;4378808;4305058;4065308;3807325;4135891;4221175;4499270;4145521;4375828;4357404;3896357;4334400;4061233;4645764;3968081;4255306;4390783;4300933;4263048;4175917;4400166;4331727;4219904;4367842;4235182;4197133;4169491;4026978;4159358;4278141;4288294;4943986;4241209;4080404;4434113;4097579;4283827;4449683;4322198;4233355;4569624;4274032;4299011;4580515;4257039;4470698;4386738;4445001;4318175;4356781;4536702;3973172;4265284;4344346;3895686;3950144;4514281;4471195;4301162;4289488;4480022;4403823;4538550;4812216;4381680;4906415;4110681;4514953;4345342;4106106;4445580;4242152;4187264;4112349;4440373;4437858;4398139;4302770;4435481;3979828;4128511;4767156;4671591;4432928;4524947;4570520;4896059;4227359;4664257
4406447;4628377;4194538;4645585;4281848;4669282;4062862;4388615;4561051;4468378;4374146;4670433;4490923;4725731;4654167;4571996;4565098;4546002;4235946;4275359;4534783;4826978;4351678;4263089;4294798;4327113;4452876;4297096;4453808;4670687;4293901;4254797;4441361;4338712;4404925;4457704;4340189;4703298;4593534;4656173;4362277;4562483;4879551;4512182;4450438;4786858;4260679;4129652;4505415;4266899;4402440;4486213;4431007;4664152;4343007;4964814;4751013;4084474;4449044;4251391;4701597;4332384;4475068;4656654;4358579;4646683;4296228;4444676;4394567;4584825;4271357;4370721;4235598;5029438;4589807;4736890;4599391;4479297;4384811;4222574;4140698;4565349;4048132;4233795;4310561;4528765;4743351;4507198;4642748;4655040;4778124;4668375;4538492;4549844;4124043;4550378;4399359;4766541;4283985;4336857;4698438;4207591;4765638;4680138;4320598;4319165;4392157;4992201;4437538;4614275;4385910;4580018;4180550;4477250;4252980;4498658;4482750;4950491;4316480;4521472;4530293;4402488;4652550;4297169;4693701;4256874;4525672;4437547;4384685;4562425;4657255;4451142;4749442;4439256;4623168;4307797;4363848;4328026;4246018;4446128;4259927;4303182;5030930;4536514;4447706;4386970;4250156;4423795;4647987;4626074;4332913;4629108;4224116;4447044;4613212;4374342;4526629;4415532;4383459;4555347;4508364;4609760;3970477;4219396;4511153;4341377;4163518;5063726;4667101;4369229;4519366;4515186;4663280;4588241;4789734;4806400;4792506;4326200;4497030;4420590;4322038;4547011;4143513;4643618;4182804;4367694;4551767;4445851;4648003;4509234;4118705;4210856;4880762;4628720;4573565;4749048;4599661;5233226;4347502;4853871
4299968;4309471;3987464;4140710;4227652;4598416;3778705;4381815;4154782;4224118;4206284;4487180;4263529;4198132;4188843;4486048;4228178;4396560;4135436;4092081;4333661;4399361;4409744;3956711;4271610;4250187;4249244;4179769;4020534;4106850;4183889;4373986;4400277;3915482;4350133;4468875;3890686;4482205;4305814;4471395;4123594;4288693;4358082;4363654;4302127;4426551;4156359;3911584;4332013;4161164;4008320;4289464;3877833;4627670;4214605;4480728;4285481;3882886;4272399;4011850;4193553;4114331;4340417;4210954;4144879;4375781;4017745;4411032;4150373;4286950;4188811;4209318;4358661;4598086;4259157;4446946;4268413;4358347;3960816;4095935;4262969;4107428;4087583;4020579;4091134;3930444;4442708;4343806;4281027;4479180;4507888;4202871;4455128;4021588;4048978;4314325;4319878;4527079;4052502;3834474;4559388;3948052;4357199;4316340;4361848;4089700;4192620;4493031;4094334;4275062;4240759;4246100;3996490;4099850;3984572;4191879;4171290;4548488;4068949;4029959;4246881;4290393;4545978;4195561;4488778;3881932;4085551;4266405;4079841;4383578;4198213;4222512;4410616;4189099;4240331;4354181;4117702;4091892;4165703;4271892;4076532;4255422;4904161;4369400;4028766;4124330;4432530;4354838;4195164;4333148;4147542;4413453;4233361;4494957;4540374;4277120;4556303;4448170;4370199;4318626;4206309;4348709;4068910;4223797;4526435;4043974;4018575;4522208;4497760;4396163;4207886;4427278;4081367;4394538;4485329;4481078;4654438;4091113;4035152;4314364;3857907;4296648;4168503;4219453;3769368;4476767;4303785;4254351;4104724;4425173;3942344;3903193;4592682;4352077;4377552;4554242;4409808;4652717;4149780;4516885
4154953;4328929;4146014;4387271;4344233;4686563;4245380;4343656;4250869;4463300;4512822;4681869;4419588;4462786;4569485;4558667;4415539;4464830;4348524;4436236;4367885;4541396;4436217;4269368;4543433;4413090;4345358;4570456;4314246;4727708;4282221;4320836;4362245;4151876;4375869;4374833;4250207;4663419;4691224;4612321;4587117;4344995;4777485;4688960;4301770;4587993;4485034;4035000;4580485;4209992;4293542;4543581;4053083;4346447;4223748;4801507;4627990;4042233;4330552;4252469;4513776;4314831;4525115;4487694;4255212;4569883;4326928;4373119;4561903;4377742;4258151;4402058;4315903;4756877;4393911;4544958;4414363;4189057;4424358;4497919;4342347;4339982;4056536;4207860;4111349;4326138;4652684;4366963;4430502;4465555;4731397;4602216;4448023;4333098;4191572;4397429;4285571;4942367;4120491;3982804;4615295;4194474;4702965;4565899;4506744;4169110;4382080;4885380;4271863;4572047;4523237;4362219;4084816;4386595;4057069;4292359;4321236;4628996;4419770;4288743;4484638;4267797;4586281;3938098;4867318;4112337;4430344;4463222;4310895;4480135;4464657;4424314;4467319;4377399;4496295;4040880;4305968;4275959;4420002;4439935;4128341;4224737;5033769;4669361;4098065;4439816;4461473;4554192;4554590;4348530;4114055;4362538;4100607;4613950;4789836;4396445;4575067;4655104;4374846;4470810;4303116;4674772;4155508;4240586;4511337;4108313;4308297;4756645;4427263;4487359;4305044;4456274;4407444;4463481;4758004;4534607;4916173;4192249;4213505;4405028;4340345;4344287;4206115;4524018;4058778;4629433;4088130;4317999;4493950;4490945;4282606;4082054;4573286;4600132;4537977;4627364;4428661;4934150;4322359;4829911
4601394;4771919;4457645;4750564;4765511;5193288;4295005;4772539;4838207;4697848;4921915;4925272;4760939;4828843;4827271;5107823;4685832;5015502;4737565;4658911;4892691;4853000;4800391;4485822;4652839;4763778;4690637;4706265;4641234;5026917;4830370;4490437;4985518;4581639;4533439;4695825;4493521;4956014;4786134;5051253;4385060;4928787;5097442;4694199;4738109;4964717;4707678;4600307;4966579;4686136;4557424;4954140;4674698;4940497;4698122;5040666;5044751;4424983;4732792;4755808;4970286;4525665;4832370;4782623;4549068;4806008;4287544;4597038;4515621;4766147;4603221;4516182;4565222;5149409;4800540;5100004;4595502;4936424;4655087;4586703;4310680;4813249;4523616;4500916;4657367;4642481;4729035;4676789;4920685;5044335;5024073;5092165;4591857;4831522;4366624;4883142;4666139;4877445;4588057;4552351;5156368;4477036;4976822;4732695;4732635;4817754;4655673;5324615;4630695;4842613;4643801;4709029;4551491;4563559;4357797;4635473;4874300;4904073;4414034;4538639;4887703;4494991;4896239;4689969;4992264;4564884;4606240;4638082;4587032;4752468;4793207;4912846;4704518;4764432;4930966;4639312;4637287;4630057;4395075;4826795;4475237;4816699;5466439;4839618;4589686;4610026;4926292;4720374;4834854;4816913;4618391;5022425;4667062;4750418;4857654;4863687;5072925;4987614;4725096;4821514;4569923;4889029;4262084;4427001;4784532;4409186;4540008;5141201;4909568;4729753;4733146;4803778;5069368;4857461;5004699;4993145;5286380;4614274;4609957;4581537;4576008;4661658;4529753;4676597;4280159;4671516;4897816;4754097;4940945;4894109;4446340;4448901;4943778;4951598;4790171;4830965;5106530;5472139;4547953;5185433
4516329;4516357;4452544;4653758;4431108;4831018;4263962;4602781;4483975;4772988;4709353;4677932;4546452;4703783;4730004;4906554;4365240;4703825;4403985;4595766;4456049;4475916;4651402;4307097;4616906;4865738;4478597;4304633;4489912;4813230;4594302;4661208;4768600;4371862;4667365;4790174;4278618;4842073;4576630;4906432;4648160;4407015;4852144;4632892;4547717;4902385;4548607;4170940;4517441;4619752;4409902;4710004;4276192;4963575;4407522;4982669;4817977;4319544;4713446;4383347;4716306;4628666;4823613;4471619;4430350;4722755;4274456;4445918;4572724;4882761;4498387;4360313;4618230;4990226;4737542;4885167;4439922;4536307;4762272;4426498;4413978;4360405;4530132;4547830;4491058;4342463;4616339;4608267;4749764;4787590;4715555;5143610;4891444;4467721;4359994;4670210;4512710;4903321;4338214;4250632;4967322;4187915;4670414;4864750;4700140;4448417;4425583;4943654;4458211;4579231;4686239;4614835;4508406;4541288;4351166;4451004;4539000;4795896;4349584;4549934;4537309;4497078;4786367;4508201;4924175;4259005;4497232;4362110;4552784;4639545;4583302;4517694;4845291;4497929;4896510;4612789;4528217;4469748;4412796;4579116;4270864;4474807;5376850;4848704;4367078;4654792;4784945;4655189;4887409;4694048;4459168;4843049;4647966;4520717;4697655;4524303;4814105;5003779;4644598;4817653;4358039;4929762;4428021;4409656;4669952;4509910;4404254;4695652;4630184;4596583;4689798;4742378;4239167;4714648;4843252;4702890;5110787;4421633;4389768;4539394;4494724;4615789;4455042;4546204;4168272;4757911;4639385;4613043;4693745;4734827;4362091;4458169;4700754;4891642;4869775;4652076;4970534;5067384;4569862;5021477
4291592;4680049;4295480;4614656;4359009;4650704;4139730;4549831;4368683;4626804;4607141;4841443;4270229;4730029;4678187;4731644;4620209;4558651;4628296;4360864;4439626;4580161;4235021;4008515;4683226;4655554;4598961;4411275;4509004;4656148;4349800;4383706;4479812;4278644;4804862;4463265;4347065;4729695;4564572;4779518;4203542;4509439;4623217;4471946;4650774;4735556;4355334;4059660;4499904;4239166;4382632;4614498;4615335;4586433;4361783;4829973;4839485;4165110;4613682;4295594;4650758;4385679;4601898;4588270;4409596;4520261;4179717;4398729;4549300;4625361;4266520;4342352;4312833;4655578;4754548;4713189;4360056;4523662;4584526;4377841;4130925;4259712;4213087;4225141;4477508;4177643;4787127;4462181;4549393;4853195;4684351;4689869;4495660;4602517;4173230;4473313;4322215;4618538;4226087;4423000;4857058;4121063;4717907;4577000;4653385;4587022;4356620;5011849;4210075;4683740;4355499;4606980;4235346;4335103;4098390;4525325;4269010;4803124;4245108;4205999;4560466;4378692;4652112;4333223;4701936;4206169;4524364;4425596;4397308;4637427;4681973;4547541;4583158;4561862;4628174;4438072;4578931;4245124;4458506;4572419;4297242;4473378;5118066;4588893;4221638;4511710;4632894;4501795;4607904;4452674;4242677;4759709;4446526;4285364;4586524;4527903;4674317;4540872;4289582;4531784;4539670;4864197;4056527;4145180;4388429;4270611;4344475;4787714;4849487;4455821;4349523;4536058;4526903;4422406;4481000;4655896;4793078;4321475;4597009;4427190;4326982;4655272;4527574;4500227;4206483;4575350;4533044;4516042;4677077;4503169;4339764;4277859;4680305;4615505;4834271;4672267;4740869;4880250;4509304;4788216
4395388;4492980;4133590;4400397;4569526;4750731;3954173;4661343;4518368;4454255;4669998;4607695;4422827;4590715;4498010;4723035;4247763;4668357;4382531;4353109;4244773;4440819;4488292;4266734;4383664;4656493;4302463;4333571;4192276;4912595;4206776;4127210;4635270;4153807;4505495;4474489;4042169;4749223;4715468;4703567;4346952;4349075;4550061;4447265;4244032;4760326;4321313;4200935;4663278;4323885;4473289;4500342;4171583;4705679;4306959;4669798;4287651;4134841;4509929;4256731;4608719;4176912;4483438;4516953;4262191;4616009;3992996;4311520;4288889;4530038;4408378;4272534;4368560;4719880;4780699;4623474;4336292;4507287;4304105;4401161;4196961;4281441;4204513;4171542;4370626;4221552;4567985;4453687;4780448;4607728;4840161;4532743;4495244;4396027;4167778;4692108;4286761;4673726;4169520;4373274;4875405;3996385;4921434;4510958;4604096;4347406;4488861;4658473;4239392;4366196;4363961;4436680;4189207;4334567;4160167;4330588;4354860;4747179;4172324;4248787;4485712;4376382;4528924;4272881;4634698;4159665;4330624;4332114;4228500;4290786;4183362;4357170;4602178;4676340;4671252;4441406;4443089;4444350;4154926;4335747;4294299;4465422;5021127;4421032;4063272;4313997;4561494;4559263;4615311;4468648;4292113;4577246;4428922;4537474;4863140;4531967;4730293;4654275;4574647;4462408;4192729;4660928;3970784;4214888;4566288;4106689;4240158;4649084;4664128;4478909;4166832;4393244;4463557;4432559;4675361;4757664;4998023;4255484;4355915;4558740;4165960;4460959;4311802;4261795;4031476;4496505;4480245;4433902;4442815;4462730;4169003;4027069;4623050;4718558;4572111;4657205;4792745;4860425;4120836;4809785
4267749;4486984;4329076;4394952;4542195;4907043;4067607;4637204;4298812;4582735;4776621;4640181;4463722;4580298;4494114;4703899;4319609;4556408;4215955;4263376;4632684;4611267;4395578;4267702;4487396;4525207;4523052;4558647;4362033;4598121;4381917;4470027;4402419;4307356;4585622;4528301;4335036;4941937;4562662;4731135;4523784;4472470;4772605;4574278;4303905;4700475;4474751;4191019;4530682;4397823;4348958;4507816;4257117;4623037;4171731;4775575;4726812;4223290;4533513;4483101;4509741;4477890;4356266;4479005;4315257;4634649;4210192;4451505;4426134;4531172;4382633;4278072;4473611;4889786;4780769;4707364;4289929;4338801;4706296;4365881;4125371;4348588;4220866;4180062;4262775;4235649;4283665;4320509;4666881;4470671;4720782;4528387;4548246;4440825;4268814;4526843;4393287;4861257;4240948;4336723;4760069;4316300;4723107;4673534;4409000;4471666;4452117;4747517;4320299;4532006;4413696;4575461;4364087;4369918;4281308;4405023;4572841;4627500;4321217;4324136;4506213;4330902;4652020;4114865;4692649;4328470;4461798;4369698;4346049;4383842;4443320;4386100;4557519;4628101;4793098;4435472;4417005;4379820;4295270;4602938;4329552;4392716;5142658;4484762;4074291;4359396;4469138;4736237;4652210;4348740;4229841;4659778;4282327;4487652;4668471;4463898;4786065;4667825;4317396;4590836;4263496;4575599;4118175;4357771;4661279;4201251;4153681;4739555;4596650;4556195;4372732;4571720;4382429;4655647;4567774;4429498;4907702;4389016;4191252;4376801;4318690;4595388;4346044;4574981;4170707;4645717;4303719;4335465;4541068;4494810;4220955;4017674;4628228;4637379;4723688;4553317;4692690;5181183;4475079;4805381
4368904;4726874;4325550;4463695;4505820;4771583;4313774;4571216;4506653;4676503;4697575;4765893;4536992;4632584;4693489;4881631;4789561;5016946;4530951;4551712;4700733;4778633;4843525;4328650;4460180;4762719;4558900;4817680;4436759;4935681;4629224;4627723;4738334;4518382;4769068;4840935;4307882;4828214;4671109;4834455;4618722;4786672;4924670;4944575;4652868;5032924;4775359;4299684;4651837;4617311;4824578;4858001;4371029;4881757;4469389;4919108;4718776;4255116;4626301;4367796;4622145;4608073;4554195;4601964;4213309;4856869;4366440;4615350;4520313;4624525;4225447;4445843;4581673;5107445;4715132;4866647;4539532;4550787;4661943;4314683;4193367;4474841;4421719;4346839;4203970;4563184;4887564;4667238;4626337;4789355;5061893;4778936;4781656;4426223;4421244;4871140;4417109;5196918;4472973;4458621;4936675;4420027;4973014;4615866;4818876;4642408;4837086;5041417;4399363;4755870;4547654;4676682;4278472;4534382;4237815;4702817;4498757;4855788;4492189;4588963;4778437;4432611;4879718;4519801;5042360;4438881;4537506;4566873;4708314;4724958;4671620;4562092;4923898;4714295;4823685;4569309;4683693;4515170;4339421;4556532;4581199;4546045;5056408;4592822;4517468;4502263;4859479;4792465;4623224;4596712;4516393;4750205;4481982;4898901;4671146;4706703;4830828;4774545;4676880;4753482;4535886;4924115;4407498;4717572;4764725;4575294;4549987;4785564;4953999;4736295;4644673;5009052;4808052;4605720;4881594;4965278;5172362;4466117;4554748;4494694;4620002;4819865;4526576;4581882;4088819;4798002;4549768;4777484;4673491;4735241;4414719;4422103;4669044;5030509;4976939;5080668;4823885;4998308;4623755;4950126
4104586;4316623;4176818;4281747;4477911;4371573;3942007;4532597;4268082;4351500;4237007;4345697;4382419;4359912;4452285;4258629;4460863;4514646;4168600;4266542;4413854;4386036;4313636;4219489;4280380;4629819;4382457;4099185;4338906;4579867;4121042;4266600;4338612;3900957;4529618;4449870;4165161;4651547;4517532;4623037;4162811;4306398;4420431;4484238;4355727;4468182;4259404;4101880;4365413;4309808;4159534;4384244;4134721;4573164;4272773;4708298;4690758;3945614;4410380;4307562;4545946;4354810;4546714;4109414;3967846;4272806;4151125;4239653;4209255;4492099;4118659;4060209;4285580;4617654;4383150;4643227;4433003;4399905;4254809;4406676;4233771;4257016;4090183;4020497;4145021;4040606;4436870;4264626;4372928;4582170;4397501;4503361;4178368;4270115;4191822;4447733;4159172;4763009;4099912;4218922;4517023;4071620;4485893;4429560;4615398;4243962;4147154;4587877;4452521;4306774;4337324;4576554;4077208;4169839;4062576;4570690;4386582;4642128;4178484;4092053;4127138;4392517;4479096;4124709;4608131;4151822;4354614;4343569;4382198;4555755;4485393;4229182;4514769;4304856;4412073;4307426;4337115;4149086;4181442;4403631;4237419;4178337;4917044;4307245;4050629;4468716;4461046;4274141;4394368;4088459;4100715;4453732;4104169;4335454;4698378;4324023;4431161;4278600;4326588;4452215;4163783;4424342;4092013;4242745;4297415;3956604;4084321;4693592;4641912;4159334;4244933;4553839;4235616;4365103;4317138;4600569;4701425;4222540;4223445;4371912;4185501;4326713;4221868;4472839;3941071;4550761;4419203;4154943;4358137;4406719;4095912;4077549;4621526;4751031;4486773;4428771;4412542;4942591;4308300;4496825
4316521;4507543;4125636;4571567;4412236;4723674;4238215;4380245;4383736;4583201;4462668;4546979;4523113;4608542;4470296;4573440;4581843;4752629;4197177;4159613;4710616;4653770;4669959;4400477;4358002;4585624;4601614;4565312;4449566;4895201;4401040;4458311;4492071;4121219;4581674;4582814;4126881;4767272;4458148;4653923;4386048;4711649;4552162;4607290;4288379;4651035;4372578;4322397;4655363;4508722;4418418;4700565;4377295;4623989;4495615;4818149;4605440;4236572;4445461;4378178;4520135;4357041;4614178;4560675;4191775;4687756;4219098;4573589;4241116;4654585;4317540;4315549;4601341;4885164;4209701;4724934;4582985;4494039;4303479;4524824;4178970;4432041;4145884;4107435;4098913;4504679;4637875;4564077;4652794;4676339;4755501;4638791;4538444;4232247;4366472;4741180;4311118;4583759;4439734;4235132;4876431;4420112;4866648;4421600;4561774;4402996;4538743;5223679;4414057;4537704;4392419;4464695;4176119;4333538;4188891;4314904;4522114;4613113;4420456;4203896;4490363;4182372;4668988;4240895;4639174;4328766;4664989;4257876;4604406;4416101;4622121;4592811;4683315;4633478;4393110;4356146;4230002;4403277;4238960;4479578;4290019;4697490;5001060;4460053;4269880;4486207;4579077;4457388;4673634;4658919;4365418;4585509;4263356;4571554;4776196;4578350;4525314;4555856;4505055;4297057;4529060;4469524;4230744;4392673;4491712;4255275;4416137;4733024;4710797;4508166;4448466;4761968;4568200;4754828;4599067;4820310;4979051;4494292;4587536;4397470;4281247;4508265;4307291;4334830;3926441;4658478;4491845;4461293;4582449;4611348;4224189;4152490;4996391;4682244;4614754;4798623;4370515;4938931;4400412;4900664
4239964;4395924;4074148;4319203;4178213;4490020;4082731;4241550;4275379;4359746;4447884;4558486;4309006;4544761;4524717;4496577;4295246;4358642;4159006;4125618;4288668;4504565;4215694;4192251;4290407;4337385;4328463;4102450;4240746;4624524;4240830;4378307;4414562;4176648;4394831;4347757;4068974;4784796;4299798;4745935;4232035;4308523;4668296;4505940;4300312;4528158;4158977;4054633;4605978;4234540;4037998;4263821;4283273;4483043;4305087;4571272;4491803;4127843;4216542;4132986;4529833;4345366;4386573;4575248;4307189;4368422;4020691;4391713;4282514;4428644;4119692;4295369;4321060;4586116;4480851;4636942;4299351;4484200;4086340;4164012;4275768;4159713;4168973;4023066;4133110;4295179;4482703;4446435;4591935;4360824;4604692;4532967;4227701;4187306;3947708;4318950;4187364;4590704;4058059;4100517;4606658;4083799;4609254;4199443;4333836;4183932;4178848;4701636;4361877;4424673;4215645;4321851;4025973;4082720;4142622;4148124;4220324;4355435;3949582;4325001;4300119;4229013;4472283;4351757;4568888;4059337;4371616;4321280;4235463;4346469;4321233;4423487;4626239;4432206;4264977;4341664;3951995;4250152;4112783;4465610;4211276;4411897;4923459;4233128;4108392;4302932;4452367;4479836;4293414;4379491;4313401;4434224;4159722;4454162;4372956;4362450;4580266;4487897;4360856;4454065;4169245;4281157;4047318;4025488;4480817;3865024;4180809;4580343;4373852;4401342;4278748;4508186;4183324;4378116;4426725;4413726;4869103;4340877;4448884;4153362;4237043;4288939;4247349;4486551;3961829;4436339;4161207;4378474;4473284;4358423;4129530;4024607;4634481;4556349;4529605;4520081;4466671;5101421;4220744;4556813
4568886;4512526;4315273;4821864;4589944;4852099;4146443;4608953;4545143;4690233;4564481;4943854;4704354;4768411;4671586;4776223;4492195;4503086;4316974;4266033;4806063;4707016;4465402;4350228;4504211;4779798;4544414;4498130;4416096;4867950;4493797;4626394;4482135;4333100;4729660;4486464;4131500;4832040;4694118;4756790;4399696;4532097;4681247;4640714;4502109;4591255;4446447;4401205;4559565;4606762;4515531;4689298;4396063;4811603;4524703;4846711;4591336;4339365;4467390;4468745;4655686;4369630;4707275;4603185;4340480;4664372;4198262;4516657;4384414;4830229;4327327;4249197;4467891;4757657;4552267;4777415;4521803;4624929;4537038;4468487;4414574;4540965;4235299;4227345;4164386;4406155;4586749;4694683;4977752;4657764;4891300;4980107;4501985;4685981;4394931;4689116;4464463;4977382;4476764;4339979;4970862;4375884;4917010;4685168;4542444;4439667;4464559;4881906;4619931;4650933;4498315;4850285;4318946;4321186;4411385;4567360;4490553;4822185;4290280;4626756;4437897;4552952;4667393;4306277;4855486;4384462;4554622;4504316;4597272;4535354;4615421;4574950;4913609;4588950;4488196;4451844;4325777;4541261;4335350;4541478;4225027;4641682;5172233;4470247;4366920;4545326;4547678;4533508;4625642;4398934;4372919;4641621;4439083;4647372;4867466;4640553;4904905;4367618;4498437;4580271;4502362;4733790;4023917;4400686;4758012;4430430;4523315;4632043;4700956;4419019;4626483;4880706;4635638;4700193;4896454;4626270;5184318;4342795;4594821;4481759;4313297;4598255;4334505;4449256;4075413;4882452;4617542;4631292;4854906;4563458;4352554;4283868;4971781;4829820;4818559;4859482;4716905;5032953;4593886;4812956
4120918;4449192;3997698;4241819;4168157;4400377;3970498;4258637;4456612;4232362;4324027;4493612;4222333;4035208;4521721;4443323;4292981;4326584;4182788;4042846;4038721;4364344;4273609;4164369;3958242;4242724;4367531;4185803;4164082;4604681;4127443;4195989;4418913;4036556;4208252;4342231;4008910;4529074;4404666;4493361;4170649;4370454;4606475;4336245;4421758;4663931;4175817;4094596;4430745;4341030;4235507;4482698;3853936;4497481;4146502;4717082;4506204;4224783;4366463;4056255;4518110;4073876;4297157;4544005;4136639;4462320;4080145;4236185;4243388;4252291;4223541;4006361;4037117;4670292;4398576;4524310;4304102;3969572;4307537;4166364;4080986;4038507;4091557;4030631;4233917;3958582;4392281;4238195;4454763;4334105;4513095;4359383;4370515;4231113;4118571;4282394;4179976;4588612;4124013;4212132;4716635;3948242;4662283;4396223;4438644;4133170;4113490;4633189;4125318;4306338;4184228;4425769;4098066;4262985;4132551;4210359;4315181;4581167;4295405;4091448;4219065;4288790;4555508;4148577;4503549;4079106;4237180;4177473;4116578;4230227;4440110;4230953;4380499;4327069;4374468;4346190;4184694;4126732;4113355;4124299;4003312;4267767;4929477;4064812;4097025;4249472;4226111;4383241;4598249;4359394;3976045;4428988;4259882;4110242;4403241;4152020;4283525;4325519;4191389;4489119;4286468;4501586;3981115;4152374;4287223;4058869;4109266;4602741;4508911;4445409;4404104;4390190;4371521;4474508;4571332;4505442;4660618;4066499;4303003;4347376;4074174;4245174;4092397;4208458;4080776;4323864;4241354;4309618;4475388;4448243;3838812;3921475;4628659;4493197;4344500;4536292;4262154;4886208;4123784;4607416
3991932;4417627;4059277;4331670;4121400;4531848;3891163;4354925;4127065;4149238;4120124;4357139;4104594;4269574;4266398;4263342;4056524;4534639;4038745;3797096;4277128;4413033;4043443;4111360;4293118;4332049;4158671;4140500;4159478;4474286;4123678;4258521;4056683;4046645;4256848;4304388;3987593;4516541;4248738;4283216;4198995;4206786;4453590;4163593;4151437;4502708;4394586;4051961;4321576;4115564;4222833;4332979;4052664;4273191;4162245;4549566;4119555;3773066;4161551;3802944;4213729;4160228;4147936;4178744;4025223;4324110;3950857;4087664;4133852;4404188;4112960;4046374;4209582;4511810;4191667;4513100;4180324;4255988;4058844;4249789;3846583;3963064;4140476;3930398;3983331;3911021;4490273;4455024;4300229;4471966;4426914;4439919;4481392;4071298;3835590;4419438;4202051;4499120;3785555;3972644;4491811;3947437;4405452;4048208;4085493;4257005;4310893;4757665;4155582;4253133;4093032;4221538;4032679;3938678;3956865;4254847;4021969;4414890;3993690;4056053;4231050;4213224;4455963;4139925;4245144;3908214;4082944;3980293;4256838;4352169;4137488;4311287;4431300;4077127;4256109;4297572;4317667;4049551;4136105;4130170;4130076;3963517;4627818;4218578;3986405;4164272;4219459;4299570;4273113;4330273;3960657;4269842;3862614;4111438;4655880;4302933;4222012;4203342;4117815;4294777;4184957;4435324;4017524;3922898;4228553;4057155;4076641;4314002;4406479;4267954;4166397;4386702;4162646;4212753;4228004;4515688;4526267;3984805;4061451;4258335;4175047;4407899;4178511;4067694;3938210;4277755;4255732;4123532;4202382;4119343;4089839;4140288;4421193;4256578;4592530;4454495;4473253;4610669;4152639;4543707
4331592;4504467;4269962;4495271;4568501;4665815;4257036;4852246;4659475;4417761;4615825;4732417;4473313;4650156;4657013;4629718;4579731;4728221;4158960;4495262;4493346;4617041;4572383;4335099;4415679;4492317;4521389;4478484;4399820;4770582;4444363;4460821;4548516;4241900;4656621;4647785;4212812;4837761;4494323;4652798;4415196;4571883;4741989;4394890;4427530;4841901;4521296;4116261;4403076;4540052;4438152;4633526;4348216;4662547;4435128;4891958;4510723;4097955;4394574;4407291;4605579;4391563;4709707;4279594;4237467;4709815;4313791;4514013;4378908;4728948;4506993;4279224;4544464;4711407;4734186;4607317;4511664;4639469;4380051;4390039;4257127;4321217;4245447;4217432;4307449;4427758;4689756;4579030;4685895;4696051;4909493;4823264;4639945;4434251;4499246;4568576;4347477;4994793;4121907;4358145;4991663;4170726;4973349;4618866;4531330;4468227;4361164;4831245;4498663;4632063;4569164;4523513;4336880;4177075;4143905;4345312;4269092;4810992;4416220;4444332;4487892;4506248;4786895;4270484;4938338;4259673;4618641;4350507;4274660;4515246;4428053;4576370;4857597;4556965;4525253;4488597;4579828;4343387;4277940;4467850;4472712;4553055;5015632;4690439;4157532;4507439;4629634;4760911;4577491;4604592;4468282;4713167;4381517;4525550;4920256;4605772;4839491;4607295;4463596;4644939;4625969;4691169;4161762;4424267;4701145;4235134;4242847;4593357;4851225;4586257;4528571;4642871;4524939;4776434;4721724;4637483;4955117;4503371;4348995;4368214;4335324;4606385;4352195;4293810;4059030;4632907;4312066;4300611;4589912;4581218;4143227;4215297;4540922;4731810;4667299;4843019;4646335;5035070;4432989;4779803
4579631;4480563;4190472;4633645;4489548;4802137;4248979;4619714;4630570;4548203;4757350;4712823;4632611;4648312;4659607;4813271;4488004;4563024;4384848;4368132;4614222;4601985;4473483;4297754;4567102;4761955;4488734;4498294;4321179;4760435;4417044;4511306;4545617;4318893;4706175;4572502;4215257;4878221;4574959;4704120;4405976;4691694;4663664;4573581;4618587;4660728;4504275;4199421;4615267;4492619;4574228;4632526;4385033;4629211;4426611;4851872;4634684;4342083;4461098;4530227;4705287;4371334;4513600;4386201;4370715;4685792;4331261;4594363;4492386;4680592;4372222;4400043;4616344;4788976;4561526;4866181;4491156;4572830;4368616;4401271;4291946;4542978;4275138;4217140;4462135;4262053;4621835;4651837;4878431;4598546;5034775;4885623;4582638;4467625;4383009;4675156;4356470;4729570;4364833;4372331;4715186;4173834;4884242;4586270;4572920;4445867;4549652;5118969;4498713;4579920;4353426;4740993;4217844;4493049;4217924;4490482;4477460;4822891;4215476;4347464;4638819;4544477;4706651;4150087;4820891;4193200;4651618;4418709;4585422;4354313;4437606;4568775;4619545;4822021;4678979;4309575;4349794;4543528;4356755;4403210;4463607;4609560;5061613;4752685;4193255;4592994;4660184;4744929;4812158;4374935;4374122;4576477;4261549;4567802;4648225;4367337;4707915;4671435;4433811;4617648;4409900;4724447;4193547;4541901;4633553;4317099;4402734;4737042;4778895;4466829;4417917;4653146;4400511;4575030;4596692;4654121;4933048;4359640;4612703;4308785;4321458;4717815;4355263;4701003;4018006;4601668;4600257;4594806;4758800;4769071;4230465;4342591;4873295;4750246;4722308;4667910;4612943;4951272;4422109;4843139
4203327;4455157;4048661;4477510;4322793;4512304;4195362;4538455;4247497;4428542;4381473;4548339;4466870;4360734;4575323;4605045;4525829;4759091;4435951;4489461;4272636;4409345;4513480;4239925;4318501;4495598;4263464;4292178;4432279;4489695;4373420;4457598;4609827;4203730;4513329;4362161;4168724;4816724;4445632;4509446;4216253;4673984;4704069;4453743;4419856;4874211;4296156;4130855;4536150;4194327;4285094;4542527;4429423;4696137;4358960;4834507;4677765;3992569;4375129;4169972;4407400;4371920;4540670;4464579;4097853;4447332;4225694;4414173;4277958;4565044;4244673;4442963;4350778;4864948;4598147;4890396;4297277;4454567;4272608;4327475;4246619;4114838;4262608;4189983;4356629;4178159;4613156;4721447;4634900;4513815;4698528;4820488;4431389;4255645;4179839;4441216;4226314;4674434;4090152;4145884;4799349;4190522;4683598;4491484;4392019;4450434;4301666;4832113;4336798;4530530;4381291;4334997;4222061;4206113;4071818;4348071;4393809;4843872;4214374;4347945;4386775;4478515;4421592;4483949;4712166;4079794;4489488;4379240;4502899;4629037;4505780;4270111;4800424;4291760;4310442;4323730;4333634;4474142;4239672;4402172;4222137;4438930;4998666;4440323;4082791;4437598;4411153;4546550;4485265;4470484;4294664;4479194;4370897;4433675;4615864;4296466;4596817;4557823;4334678;4328251;4372378;4671746;4267462;4223773;4449219;4439081;4241260;4813977;4549584;4345240;4362472;4574189;4436746;4766473;4316479;4641711;4909761;4341045;4262750;4611512;4303711;4506837;4311738;4299922;4086383;4492876;4548435;4396786;4545237;4380530;4283794;4134554;4716256;4458880;4698718;4937918;4510285;4765590;4215530;4612941
4366129;4483299;4249256;4389690;4305111;4643369;4135843;4429430;4469651;4377629;4645440;4550618;4328115;4643530;4248698;4641707;4461676;4347352;4211623;4145730;4542270;4459036;4398856;4350012;4362883;4425285;4360597;4576863;4382399;4835149;4320873;4221821;4273028;4212992;4594088;4231020;4228888;4905131;4679461;4474327;4313838;4405117;4585143;4508389;4325092;4576036;4401644;4245361;4443092;4200615;4344520;4511216;4071883;4449342;4185179;4716045;4352312;4219557;4375621;4278495;4508338;4479458;4575163;4553772;4290364;4548381;3935334;4492203;4418220;4487475;3905151;4094534;4376224;4632459;4393720;4582378;4394379;4242294;4345437;4394219;4123160;4383044;4248390;3979480;4075514;4274773;4505048;4272855;4548920;4480958;4730418;4606632;4265104;4376281;4130067;4440623;4258730;4674305;4281200;4280399;4706042;4082036;4806067;4397040;4284303;4266787;4445833;4847421;4437143;4699169;4403470;4437442;4325703;4286392;4227294;4464369;4347835;4378731;4120225;4311922;4318971;4032615;4351565;4270014;4706444;4219671;4402960;4407933;4309504;4463599;4408930;4631218;4776337;4342689;4482528;4375283;4175294;4134859;4308361;4350531;3988424;4395466;5189497;4370975;4182615;4427326;4458391;4552281;4642214;4269967;4086782;4596440;4277953;4516739;4652689;4578158;4492285;4406113;4391403;4523262;4132694;4549460;4155735;4272336;4512186;4165527;4115814;4720498;4735974;4426014;4481143;4611100;4245350;4445080;4562903;4439357;5069681;4344078;4324680;4383522;4332819;4447177;4160100;4270658;4264505;4686212;4109729;4339056;4641532;4521013;4089856;4173127;4843583;4698255;4548858;4475866;4417519;5125771;4422636;4849350
4067687;4181667;4290632;4373173;4374428;4472995;4079092;4329285;4380780;4363129;4514478;4515482;4420181;4501690;4406712;4339734;4306626;4217592;4045789;4076797;4554753;4348270;4220785;4146902;4334428;4482261;4341385;4211293;4243619;4324568;4126848;4273317;4364000;4053245;4349919;4355652;4017903;4665600;4386174;4314401;4015455;4428751;4678048;4496822;4349783;4623094;4175179;4079790;4378879;4260886;4194061;4590236;4137406;4457095;4239132;4627052;4402765;4017212;4265286;4206088;4361694;4283508;4548789;4388728;4100026;4466217;3894076;4285722;4175980;4508713;4185632;4135347;4166997;4626066;4507537;4613829;4142881;4335303;4260907;4088558;4154759;4178086;4141016;3915674;4076071;4274214;4509398;4337126;4545345;4456743;4524537;4659189;4154757;4315848;4171193;4576944;4107438;4610665;4119032;4144486;4756618;4149498;4617884;4533547;4224512;4194726;4237126;4825597;4144029;4340570;4169442;4315442;4020673;4143223;4123390;4289896;4338233;4399215;4123880;4252628;4289080;4109989;4479803;4083602;4595617;3934664;4349353;4317039;4252148;4244381;4377765;4158138;4539398;4459042;4402525;4363279;4117788;4206599;4091483;4399254;3924576;4309650;5049832;4066080;4038710;4215290;4240110;4370249;4588176;4149910;4352948;4571744;4433558;4171878;4546846;4367549;4548421;4327568;4149900;4291660;4142945;4470121;4097278;4335552;4501357;3795182;4162284;4548722;4409653;4537255;4401020;4486226;4196239;4710175;4367609;4234533;4862049;4172138;4260379;4124403;3943162;4215913;4184897;4136971;4167353;4421819;4218486;4183083;4437495;4563334;4113516;4075506;4616067;4762095;4400355;4505216;4348024;5073656;4067789;4715340
4123299;4396139;4010271;4499979;4203868;4526520;3867678;4138541;4383358;4314668;4546643;4422671;4098589;4594565;4600553;4515825;4432841;4213007;4080181;4080310;4136310;4270029;4254522;4034819;4212010;4457583;4233375;4285635;4158609;4404824;4267193;4101561;4309108;4056187;4498084;4363750;4010130;4493704;4286970;4306598;4016389;4361484;4458741;4388693;4245451;4463913;4268355;4003588;4468570;4218659;4132590;4316239;4098586;4229288;4185135;4577066;4371511;4125014;4382248;4133595;4430359;4136097;4290886;4312051;4046080;4522193;4059845;4257516;4127621;4319923;4195231;4158966;4118977;4474056;4367190;4420768;4247546;4071728;4208123;3983017;4222554;4132110;4132087;3886203;4075553;4300577;4369338;4235767;4241300;4406875;4538095;4448257;4338482;4137157;4065028;4510166;4127640;4488445;4131495;4284372;4755049;4065208;4448228;4373059;4253488;3877180;4276039;4805320;4100256;4412592;4104388;4196004;3925790;4042380;4009970;4248416;4207382;4486255;4353861;3969846;4180302;4236281;4407932;4090352;4485651;3958679;4421826;4297491;4168612;4183721;4331151;4084754;4354463;4519824;4374040;4259787;4210212;4183746;4016991;4190722;4101933;4244024;4929295;4206142;4045164;4399016;4132900;4330677;4720165;4326898;4283056;4348204;4235805;4165296;4510846;4244813;4331400;4290406;4145587;4182101;4153081;4454216;3747370;4063162;4205361;3936204;4163720;4571052;4497707;4126385;4214500;4577565;4430618;4479156;4580167;4290308;4772340;4007879;4143704;4213089;4089128;4262929;4273501;4232327;3906983;4255572;4185189;4297625;4293056;4530534;4016774;3835342;4366567;4485867;4350791;4498842;4265030;4813480;4245680;4561291
4302934;4372405;4089082;4350434;4486672;4651921;4111060;4476765;4203428;4468354;4253939;4548863;4551383;4567075;4501341;4481332;4512044;4706657;4179863;4411215;4309990;4414947;4469581;4329029;4146147;4276497;4472229;4228586;4257885;4708551;4132415;4302135;4378697;4200265;4438081;4493103;4053532;4754078;4546343;4554769;4401756;4339828;4523439;4515625;4311748;4550604;4311088;4209493;4349984;4256835;4290868;4479781;4246142;4483731;4255057;4732232;4537406;4055063;4473361;4368102;4483708;4482180;4480975;4494227;4190008;4587145;4331986;4377407;4248527;4667583;4294680;4363211;4373856;4783913;4534347;4729382;4507519;4352089;4298082;4258303;4313715;4247554;4180037;4136575;4216500;4197594;4428866;4384690;4513575;4646018;4680274;4539169;4414607;4313850;4255943;4575366;4284677;4640561;4317731;4048741;4668523;4049549;4752765;4397155;4239030;4241989;4568441;4931115;4311145;4368914;4406920;4508457;4381518;4184520;4328331;4190808;4355734;4550097;4225784;4392626;4244190;4248433;4572734;4077583;4540963;4129369;4440181;4323422;4334916;4531495;4239102;4361078;4574377;4412727;4527011;4221717;4207096;4194285;4146866;4490166;4302182;4458003;4823874;4414864;4199122;4702739;4444461;4464855;4426124;4427417;3895749;4580345;4304877;4387250;4665582;4488188;4615048;4396896;4396481;4321898;4339101;4385458;4134315;4411675;4512712;4088166;4304525;4717613;4520952;4461840;4217759;4428472;4294225;4445753;4535149;4656982;4848433;4349769;4446816;4356326;4243517;4556724;4329016;4277797;4118573;4584284;4393831;4306825;4374744;4481251;4020869;4008172;4974014;4693258;4481719;4618175;4546741;4961134;4311854;4707331
4371567;5003034;4544307;4751398;4782119;4918847;4555325;5087142;4814282;4924425;4791384;4987229;4630386;4857781;4796890;4826475;4855216;4980311;4638181;4681982;4655966;4775318;4627936;4599634;4724640;4814523;4604672;4814126;4575751;4861785;4658137;4845966;4837534;4582834;4897059;4739438;4452695;4881850;4633100;4933542;4660074;4855856;5076606;4757127;4797727;4912531;4620409;4325217;4900693;4482495;4593808;4726791;4449300;4979933;4720777;4924415;4965892;4491069;4598575;4533142;4976332;4675143;4805550;4989193;4501253;4944984;4417811;4622444;4705505;5017841;4324686;4602382;4768719;5200775;4812545;5193773;4662176;4889515;4617395;4700980;4517137;4573121;4496399;4321498;4469886;4566600;5027171;4892498;4834832;5100376;5236954;4990323;4738273;4699577;4545978;4713782;4556994;5011600;4676912;4426426;5179476;4219508;5023093;4670293;4958394;4783095;4540322;4971995;4751834;4805627;4676626;4686583;4398681;4641717;4240843;4716585;4730808;5113145;4547036;4740848;4821326;4696687;4949264;4575201;4981639;4425895;4574926;4751152;4838997;4761369;4728258;4743845;4940016;4700938;4844894;4708767;4696201;4534771;4536560;4600235;4524141;4823835;5454548;4987615;4519154;4700365;4932444;4858914;4752052;4663529;4496650;4886480;4656697;4740853;4869204;4739254;5060849;4991682;4602253;4890643;4658986;4966578;4623347;4739778;5094993;4425796;4412397;5014119;4913793;4781316;4806979;4992549;4699175;4830092;4926961;4923393;5399684;4339861;4619918;4816196;4644032;4754184;4576937;4581828;4254345;4964005;4891920;4768483;4661563;4985819;4514718;4512547;5082461;4985242;5110497;4839643;4962016;5308421;4500729;5101388
