4121092;0;0;4096824;0;0;3839892;0;0;4158497;0;0;4093971;0;0;4240577;0;0;3858326;0;0;4341346;0;0;4046099;0;0;4077665;0;0;3935510;0;0;3938794;0;0;3786496;0;0;4200045;0;0;4423431;0;0;4462180;0;0;4099748;0;0;4383803;0;0;3905326;0;0;3825475;0;0;4222990;0;0;4293325;0;0;3791042;0;0;4202914;0;0;4118837;0;0;4471095;0;0;4321414;0;0;3855472;0;0;3985051;0;0;4092628;0;0;4468683;0;0;4034402;0;0;4009873;0;0;3990135;0;0;4265501;0;0;3990856;0;0;4194222;0;0;4203201;0;0;4089858;0;0;4425494;0;0;4144083;0;0;3953448;0;0;4310713;0;0;4231877;0;0;4448871;0;0;4193260;0;0;3987628;0;0;3893185;0;0;3938502;0;0;4138490;0;0;4000296;0;0;4154484;0;0;4224723;0;0;4211700;0;0;4116559;0;0;3984674;0;0;4259849;0;0;4358411;0;0;4413900;0;0;4080499;0;0;4061723;0;0;4080051;0;0;3917664;0;0;4190355;0;0;4451959;0;0;4336177;0;0;3972895;0
4390435;0;0;4659878;0;0;4154519;0;0;4709033;0;0;4571988;0;0;4620740;0;0;4242665;0;0;4729709;0;0;4637607;0;0;4440381;0;0;4315341;0;0;4255679;0;0;4169172;0;0;4814586;0;0;4901687;0;0;4884343;0;0;4701835;0;0;4801258;0;0;4852545;0;0;4493830;0;0;4630071;0;0;4648051;0;0;4095998;0;0;4819780;0;0;4654490;0;0;4869347;0;0;4629289;0;0;4488758;0;0;4425512;0;0;4900569;0;0;4963440;0;0;4680197;0;0;4520328;0;0;4352236;0;0;4880067;0;0;4629675;0;0;4671644;0;0;4652402;0;0;4295918;0;0;5015786;0;0;4406806;0;0;4471851;0;0;4536638;0;0;4658739;0;0;4927333;0;0;4539800;0;0;4309046;0;0;4509773;0;0;4547232;0;0;4726286;0;0;4616712;0;0;4501494;0;0;4847702;0;0;4637450;0;0;4418087;0;0;4450785;0;0;4701247;0;0;4916852;0;0;4905890;0;0;4603550;0;0;4422200;0;0;4546091;0;0;4641717;0;0;4722169;0;0;4974075;0;0;4907859;0;0;4638031;0
4202415;0;0;4367801;0;0;4129007;0;0;4269011;0;0;4270593;0;0;4475912;0;0;4023236;0;0;4497219;0;0;4275268;0;0;4299713;0;0;4221192;0;0;4340601;0;0;4109782;0;0;4528964;0;0;4625676;0;0;4501613;0;0;4595458;0;0;4470857;0;0;4110837;0;0;4065874;0;0;4573535;0;0;4338192;0;0;4066742;0;0;4569630;0;0;4301383;0;0;4507777;0;0;4496193;0;0;4319395;0;0;4218788;0;0;4371233;0;0;4742265;0;0;4198118;0;0;4072419;0;0;4129123;0;0;4570897;0;0;4473132;0;0;4345742;0;0;4420773;0;0;4074039;0;0;4629347;0;0;4177518;0;0;4122543;0;0;4456744;0;0;4489782;0;0;4608864;0;0;4354431;0;0;4134604;0;0;4429497;0;0;4399272;0;0;4414161;0;0;4062842;0;0;4368334;0;0;4471959;0;0;4578958;0;0;3954574;0;0;4085547;0;0;4613378;0;0;4628753;0;0;4678562;0;0;4149055;0;0;4485987;0;0;4416814;0;0;4113856;0;0;4306476;0;0;4591920;0;0;4460313;0;0;4189674;0
3565120;0;0;3968491;0;0;3798541;0;0;3838907;0;0;3553407;0;0;4114377;0;0;3712226;0;0;4082769;0;0;3730982;0;0;3839048;0;0;3718141;0;0;3642018;0;0;3739961;0;0;4193513;0;0;4025262;0;0;4092231;0;0;4014024;0;0;3796503;0;0;3842073;0;0;3658589;0;0;4213530;0;0;4063089;0;0;3697734;0;0;3856380;0;0;3821704;0;0;4125000;0;0;4039008;0;0;3850257;0;0;3592682;0;0;3906902;0;0;4222825;0;0;3833959;0;0;3760996;0;0;3876886;0;0;4135346;0;0;3898393;0;0;3925869;0;0;3878564;0;0;3626727;0;0;4216530;0;0;3906381;0;0;3670532;0;0;3846340;0;0;3772496;0;0;4153603;0;0;3948044;0;0;3912867;0;0;3868160;0;0;3767591;0;0;4020343;0;0;3906372;0;0;3847409;0;0;4075328;0;0;3922439;0;0;3854921;0;0;3715351;0;0;3950607;0;0;4180315;0;0;4019326;0;0;3614295;0;0;3863619;0;0;3891967;0;0;3862123;0;0;4009724;0;0;4274258;0;0;4104111;0;0;3871683;0
4155083;0;0;4147275;0;0;3771176;0;0;4195260;0;0;4248650;0;0;4391591;0;0;4145617;0;0;4295549;0;0;4109203;0;0;4159404;0;0;4173904;0;0;3920136;0;0;4063670;0;0;4478412;0;0;4580549;0;0;4539311;0;0;3987435;0;0;4198229;0;0;4225082;0;0;3873575;0;0;4497254;0;0;4479656;0;0;3896234;0;0;4368538;0;0;3919168;0;0;4457042;0;0;4129963;0;0;4116778;0;0;3942772;0;0;4250493;0;0;4611763;0;0;4127667;0;0;4075305;0;0;4102269;0;0;4417786;0;0;4304876;0;0;4160632;0;0;4379255;0;0;3919800;0;0;4536188;0;0;4220418;0;0;4003561;0;0;4212434;0;0;4281273;0;0;4364163;0;0;4365476;0;0;3964493;0;0;4387601;0;0;3933413;0;0;4376139;0;0;4393997;0;0;4333144;0;0;4497535;0;0;4385377;0;0;4049180;0;0;3891324;0;0;4506110;0;0;4517185;0;0;4335986;0;0;4032799;0;0;3961376;0;0;4293257;0;0;4231320;0;0;4248267;0;0;4403532;0;0;4365120;0;0;4106451;0
4360815;0;0;4485132;0;0;3940980;0;0;4343226;0;0;4328264;0;0;4518254;0;0;4134867;0;0;4432737;0;0;4181598;0;0;4196224;0;0;4202925;0;0;4198523;0;0;3901024;0;0;4536099;0;0;4526684;0;0;4459009;0;0;4588266;0;0;4387832;0;0;4233090;0;0;4105135;0;0;4231180;0;0;4212445;0;0;3908783;0;0;4612515;0;0;4327542;0;0;4519813;0;0;4133237;0;0;4124735;0;0;4015965;0;0;4349791;0;0;4610368;0;0;4210985;0;0;3991379;0;0;4073229;0;0;4500410;0;0;4199998;0;0;4139692;0;0;4286265;0;0;4104461;0;0;4550343;0;0;4296667;0;0;4380907;0;0;4106486;0;0;4244375;0;0;4567690;0;0;4373154;0;0;3980745;0;0;4250291;0;0;4012673;0;0;4382281;0;0;4063450;0;0;4327109;0;0;4348253;0;0;4552042;0;0;3869346;0;0;4146287;0;0;4569254;0;0;4476364;0;0;4472529;0;0;4062893;0;0;4358485;0;0;4329617;0;0;4293735;0;0;4491310;0;0;4587662;0;0;4363227;0;0;4421019;0
4551081;0;0;4667382;0;0;4356053;0;0;4915988;0;0;4553218;0;0;4795218;0;0;4606067;0;0;4777301;0;0;4501974;0;0;4691712;0;0;4667270;0;0;4265005;0;0;4342109;0;0;4969471;0;0;4821307;0;0;5060381;0;0;4683926;0;0;4975509;0;0;4505725;0;0;4339433;0;0;4976152;0;0;4714249;0;0;4266850;0;0;4662837;0;0;4608076;0;0;5016293;0;0;4691599;0;0;4331950;0;0;4376448;0;0;4887671;0;0;5034328;0;0;4624341;0;0;4450839;0;0;4481102;0;0;5191828;0;0;4435418;0;0;4564918;0;0;4658422;0;0;4302153;0;0;4721715;0;0;4782353;0;0;4465343;0;0;4802746;0;0;4568102;0;0;4798507;0;0;4658321;0;0;4571873;0;0;4568090;0;0;4486941;0;0;4813035;0;0;4423766;0;0;4684824;0;0;4873931;0;0;4813885;0;0;4383394;0;0;4294423;0;0;4917892;0;0;4915311;0;0;4964946;0;0;4579358;0;0;4629839;0;0;4749638;0;0;4617358;0;0;4829877;0;0;4836639;0;0;4976032;0;0;4479247;0
4188673;0;0;4374690;0;0;4256757;0;0;4352678;0;0;4438657;0;0;4608776;0;0;4217624;0;0;4386485;0;0;4181652;0;0;4119635;0;0;4136993;0;0;4017837;0;0;3905116;0;0;4602159;0;0;4252368;0;0;4652006;0;0;4320809;0;0;4477272;0;0;4235673;0;0;3905090;0;0;4640794;0;0;4392258;0;0;4038522;0;0;4465917;0;0;4198244;0;0;4518680;0;0;4398025;0;0;3916516;0;0;4115225;0;0;4376002;0;0;4570252;0;0;4312564;0;0;4104492;0;0;4156059;0;0;4491515;0;0;4127775;0;0;4087211;0;0;4397074;0;0;3996394;0;0;4552338;0;0;4333232;0;0;4380701;0;0;4437119;0;0;4260897;0;0;4453220;0;0;4203265;0;0;4069586;0;0;4379884;0;0;4133691;0;0;4394794;0;0;4162314;0;0;4218001;0;0;4379848;0;0;4327299;0;0;3934044;0;0;4006570;0;0;4580201;0;0;4522647;0;0;4451298;0;0;4121796;0;0;4254190;0;0;4252168;0;0;4329028;0;0;4528395;0;0;4331016;0;0;4461518;0;0;4212499;0
4237317;0;0;4366607;0;0;4105029;0;0;4464307;0;0;4273459;0;0;4570054;0;0;4000906;0;0;4463334;0;0;4433587;0;0;4335913;0;0;4269489;0;0;4214431;0;0;4080623;0;0;4697471;0;0;4648484;0;0;4730396;0;0;4379293;0;0;4519686;0;0;4316815;0;0;4321962;0;0;4743726;0;0;4373811;0;0;4066156;0;0;4594761;0;0;4320727;0;0;4637422;0;0;4422978;0;0;4488216;0;0;4078948;0;0;4247957;0;0;4626340;0;0;4387143;0;0;4203312;0;0;4383131;0;0;4613687;0;0;4268903;0;0;4506021;0;0;4427292;0;0;4096491;0;0;4677867;0;0;4488331;0;0;4246490;0;0;4551531;0;0;4282634;0;0;4725177;0;0;4271383;0;0;4105555;0;0;4530433;0;0;4217004;0;0;4451325;0;0;4305344;0;0;4363796;0;0;4601030;0;0;4460447;0;0;4201203;0;0;3976836;0;0;4584061;0;0;4814053;0;0;4543385;0;0;4385660;0;0;4399683;0;0;4465257;0;0;4237598;0;0;4552806;0;0;4613101;0;0;4519055;0;0;4426277;0
4346824;0;0;4444272;0;0;4226179;0;0;4374500;0;0;4371670;0;0;4714452;0;0;4186989;0;0;4773928;0;0;4233508;0;0;4372222;0;0;4528230;0;0;4494859;0;0;4058707;0;0;4728501;0;0;4596152;0;0;4690066;0;0;4511126;0;0;4654643;0;0;4367891;0;0;4298449;0;0;4628189;0;0;4706079;0;0;4248267;0;0;4539952;0;0;4235271;0;0;4726383;0;0;4433355;0;0;4360559;0;0;4137532;0;0;4535197;0;0;4673783;0;0;4298768;0;0;4362379;0;0;4555521;0;0;4798099;0;0;4275139;0;0;4398468;0;0;4498005;0;0;4303026;0;0;4707419;0;0;4454780;0;0;4286666;0;0;4591591;0;0;4450958;0;0;4800595;0;0;4439004;0;0;4257917;0;0;4237334;0;0;4309478;0;0;4587205;0;0;4387253;0;0;4506832;0;0;4649760;0;0;4596123;0;0;4189317;0;0;4105481;0;0;4640287;0;0;4614551;0;0;4734882;0;0;4403460;0;0;4423589;0;0;4409460;0;0;4543446;0;0;4507216;0;0;4913603;0;0;4687696;0;0;4305857;0
4819641;0;0;4752837;0;0;4362457;0;0;4665129;0;0;4733867;0;0;4917546;0;0;4421055;0;0;4735071;0;0;4794887;0;0;4607683;0;0;4674831;0;0;4744788;0;0;4342538;0;0;4907304;0;0;4750983;0;0;5182416;0;0;4941516;0;0;4988383;0;0;4359779;0;0;4425198;0;0;4960158;0;0;4759307;0;0;4519483;0;0;4900677;0;0;4855145;0;0;4974303;0;0;4718753;0;0;4688803;0;0;4579126;0;0;4812422;0;0;5136322;0;0;4704620;0;0;4574026;0;0;4536082;0;0;5088408;0;0;4683811;0;0;4496900;0;0;4922010;0;0;4391875;0;0;5106212;0;0;4685340;0;0;4577569;0;0;4826189;0;0;4755891;0;0;4835860;0;0;4611228;0;0;4513953;0;0;4561335;0;0;4548111;0;0;4951212;0;0;4458243;0;0;4690651;0;0;5017498;0;0;4834481;0;0;4287436;0;0;4740899;0;0;5005853;0;0;4846466;0;0;4759941;0;0;4592109;0;0;4670692;0;0;4902050;0;0;4814281;0;0;4894765;0;0;5024790;0;0;4988142;0;0;4689183;0
4439501;0;0;4334071;0;0;4165645;0;0;4486927;0;0;4572783;0;0;4653942;0;0;4265277;0;0;4652066;0;0;4480325;0;0;4401856;0;0;4261035;0;0;4037772;0;0;4047973;0;0;4718432;0;0;4754201;0;0;4713834;0;0;4500019;0;0;4477429;0;0;4517310;0;0;4278626;0;0;4247169;0;0;4370005;0;0;4136911;0;0;4581376;0;0;4449646;0;0;4598290;0;0;4550003;0;0;4098085;0;0;4123752;0;0;4750832;0;0;4622086;0;0;4391351;0;0;4449068;0;0;4343333;0;0;4849707;0;0;4171961;0;0;4254001;0;0;4498748;0;0;4216640;0;0;4884977;0;0;4456697;0;0;4283075;0;0;4472490;0;0;4466561;0;0;4555825;0;0;4301521;0;0;4190271;0;0;4388881;0;0;4150703;0;0;4562407;0;0;4331795;0;0;4407157;0;0;4766347;0;0;4408178;0;0;4171175;0;0;4221080;0;0;4699397;0;0;4641137;0;0;4627576;0;0;4097448;0;0;4121204;0;0;4370040;0;0;4498574;0;0;4608359;0;0;4632327;0;0;4614809;0;0;4396385;0
4237173;0;0;4533282;0;0;4129908;0;0;4494697;0;0;4292003;0;0;4484340;0;0;4170025;0;0;4577642;0;0;4422427;0;0;4391076;0;0;4439515;0;0;4131658;0;0;4150521;0;0;4526301;0;0;4686866;0;0;4571756;0;0;4397668;0;0;4636984;0;0;4367173;0;0;4281730;0;0;4361979;0;0;4618767;0;0;4174143;0;0;4553356;0;0;4437309;0;0;4706512;0;0;4190477;0;0;4348032;0;0;3976188;0;0;4534659;0;0;4652985;0;0;4429019;0;0;4269834;0;0;4316344;0;0;4931070;0;0;4247602;0;0;4391114;0;0;4484153;0;0;4126917;0;0;4669569;0;0;4379397;0;0;4175135;0;0;4480927;0;0;4286345;0;0;4663829;0;0;4395054;0;0;4264392;0;0;4441757;0;0;4373991;0;0;4517513;0;0;4382984;0;0;4409584;0;0;4641703;0;0;4634997;0;0;4225018;0;0;4237198;0;0;4464429;0;0;4751924;0;0;4619962;0;0;4181597;0;0;4199865;0;0;4304114;0;0;4490452;0;0;4648414;0;0;4918674;0;0;4567177;0;0;4480110;0
4524103;0;0;4443701;0;0;4152058;0;0;4508251;0;0;4325113;0;0;4608723;0;0;4377276;0;0;4341257;0;0;4544711;0;0;4454010;0;0;4362791;0;0;4220443;0;0;4312726;0;0;4646370;0;0;4753461;0;0;4559928;0;0;4432754;0;0;4500204;0;0;4214679;0;0;4325857;0;0;4505296;0;0;4642237;0;0;4111868;0;0;4659213;0;0;4403520;0;0;4612026;0;0;4533384;0;0;4294621;0;0;4200090;0;0;4383024;0;0;4658202;0;0;4253754;0;0;4548894;0;0;4479788;0;0;4791911;0;0;4483581;0;0;4248606;0;0;4682068;0;0;4064423;0;0;4452174;0;0;4606629;0;0;4557121;0;0;4504702;0;0;4471915;0;0;4530778;0;0;4522570;0;0;4312447;0;0;4429543;0;0;4116821;0;0;4349483;0;0;4331210;0;0;4565474;0;0;4645438;0;0;4540410;0;0;4258864;0;0;4177808;0;0;4749782;0;0;4689873;0;0;4732956;0;0;4368763;0;0;4180008;0;0;4333686;0;0;4498435;0;0;4635551;0;0;4717233;0;0;4674206;0;0;4398094;0
4417769;0;0;4505649;0;0;4045839;0;0;4461057;0;0;4417434;0;0;4610099;0;0;4300051;0;0;4557909;0;0;4355805;0;0;4396458;0;0;4289465;0;0;4052492;0;0;4057774;0;0;4563001;0;0;4584433;0;0;4820699;0;0;4352129;0;0;4787964;0;0;4299542;0;0;4093605;0;0;4575492;0;0;4422069;0;0;4213204;0;0;4678045;0;0;4292383;0;0;4831223;0;0;4419944;0;0;4364511;0;0;4259771;0;0;4435405;0;0;4689035;0;0;4340833;0;0;4395391;0;0;4110357;0;0;4668639;0;0;4264191;0;0;4225298;0;0;4643514;0;0;4072011;0;0;4477571;0;0;4537775;0;0;4241707;0;0;4279172;0;0;4328111;0;0;4600432;0;0;4319362;0;0;4328782;0;0;4389842;0;0;4150286;0;0;4507491;0;0;4047275;0;0;4410147;0;0;4660306;0;0;4515027;0;0;3877749;0;0;4188596;0;0;4647100;0;0;4850027;0;0;4683078;0;0;4347280;0;0;4393751;0;0;4667351;0;0;4296868;0;0;4596157;0;0;4618340;0;0;4661287;0;0;4217539;0
4066548;0;0;4102075;0;0;3976920;0;0;4073357;0;0;4117630;0;0;4354680;0;0;4256110;0;0;4238410;0;0;4166780;0;0;4171745;0;0;4028088;0;0;4077530;0;0;3923260;0;0;4364025;0;0;4269404;0;0;4298979;0;0;4326515;0;0;4116550;0;0;4142020;0;0;3767022;0;0;4372891;0;0;4317716;0;0;3897454;0;0;4026155;0;0;4088061;0;0;4382783;0;0;4073945;0;0;4057937;0;0;3704000;0;0;3983816;0;0;4341173;0;0;3938851;0;0;4127950;0;0;3981388;0;0;4428915;0;0;4051183;0;0;3990622;0;0;4285519;0;0;3776718;0;0;4484584;0;0;4089799;0;0;4047869;0;0;4077059;0;0;4002414;0;0;4356369;0;0;4027613;0;0;3974904;0;0;4181812;0;0;3814042;0;0;4327229;0;0;4051237;0;0;4069696;0;0;4313353;0;0;4285266;0;0;3774875;0;0;3955756;0;0;4237959;0;0;4278521;0;0;4233587;0;0;3918412;0;0;3965644;0;0;4217261;0;0;4294442;0;0;4263998;0;0;4467082;0;0;4164655;0;0;3873824;0
4647705;0;0;5164566;0;0;4597210;0;0;4858596;0;0;4857968;0;0;5091059;0;0;4838854;0;0;4844266;0;0;4979097;0;0;4817582;0;0;4699981;0;0;4529426;0;0;4684113;0;0;5139744;0;0;5079954;0;0;5139560;0;0;4819208;0;0;5017580;0;0;4705512;0;0;4620657;0;0;5121759;0;0;5057581;0;0;4519384;0;0;5132933;0;0;4746143;0;0;5233909;0;0;4942075;0;0;4697368;0;0;4605719;0;0;4995566;0;0;5274707;0;0;4751632;0;0;4650364;0;0;4869364;0;0;5167122;0;0;4707761;0;0;4912384;0;0;4852180;0;0;4492394;0;0;5089663;0;0;4708066;0;0;4554512;0;0;4812790;0;0;4885359;0;0;5034681;0;0;4859146;0;0;4554530;0;0;4801573;0;0;4409119;0;0;4845691;0;0;4796107;0;0;4964349;0;0;4940156;0;0;4828132;0;0;4600386;0;0;4559717;0;0;5282640;0;0;5161180;0;0;4883556;0;0;4802555;0;0;4806726;0;0;5004309;0;0;4839073;0;0;5080471;0;0;5279001;0;0;5089290;0;0;4676330;0
4164133;0;0;4412100;0;0;4332365;0;0;4477284;0;0;4233638;0;0;4641838;0;0;4284519;0;0;4425875;0;0;4278528;0;0;4334506;0;0;4019499;0;0;4028757;0;0;4300038;0;0;4485436;0;0;4444185;0;0;4662498;0;0;4417826;0;0;4382322;0;0;4214592;0;0;3985631;0;0;4406083;0;0;4465334;0;0;3978257;0;0;4249924;0;0;4311724;0;0;4667469;0;0;4372283;0;0;4115119;0;0;4321745;0;0;4423271;0;0;4526585;0;0;4407204;0;0;4225972;0;0;4221867;0;0;4729262;0;0;4199424;0;0;4167893;0;0;4499072;0;0;4078084;0;0;4811038;0;0;4495740;0;0;4134179;0;0;4507407;0;0;4347322;0;0;4474807;0;0;4333097;0;0;4297301;0;0;4347371;0;0;4343060;0;0;4565296;0;0;4125356;0;0;4371720;0;0;4580362;0;0;4299383;0;0;4084116;0;0;4123917;0;0;4378314;0;0;4411522;0;0;4569784;0;0;4275413;0;0;4064844;0;0;4360567;0;0;4383138;0;0;4505702;0;0;4702499;0;0;4794954;0;0;4213271;0
4568352;0;0;4787561;0;0;4141031;0;0;4760772;0;0;4656805;0;0;4925985;0;0;4461144;0;0;5003584;0;0;4483727;0;0;4533643;0;0;4713979;0;0;4363502;0;0;4374001;0;0;4857642;0;0;4967997;0;0;4764285;0;0;4794775;0;0;4769322;0;0;4598186;0;0;4295543;0;0;4602008;0;0;4749171;0;0;4371155;0;0;4845032;0;0;4643838;0;0;4957510;0;0;4663000;0;0;4484082;0;0;4479376;0;0;4498509;0;0;4881439;0;0;4496535;0;0;4619596;0;0;4570159;0;0;4964823;0;0;4419566;0;0;4571216;0;0;4843858;0;0;4294665;0;0;4922887;0;0;4487249;0;0;4387238;0;0;4612342;0;0;4577387;0;0;4974054;0;0;4558892;0;0;4535649;0;0;4591235;0;0;4317692;0;0;4766600;0;0;4459574;0;0;4602257;0;0;4831755;0;0;4645842;0;0;4324902;0;0;4435861;0;0;4657944;0;0;4777112;0;0;4990394;0;0;4540003;0;0;4628442;0;0;4481435;0;0;4503412;0;0;4788553;0;0;5073144;0;0;4936105;0;0;4425569;0
4400440;0;0;4598914;0;0;4358694;0;0;4672958;0;0;4556311;0;0;4622241;0;0;4556987;0;0;4607609;0;0;4593709;0;0;4442112;0;0;4463781;0;0;4260874;0;0;4457422;0;0;4853269;0;0;4652825;0;0;4889650;0;0;4636255;0;0;4733032;0;0;4388899;0;0;4520243;0;0;4760634;0;0;4516818;0;0;4171257;0;0;4815263;0;0;4464929;0;0;4878565;0;0;4714929;0;0;4262800;0;0;4238636;0;0;4520083;0;0;4696352;0;0;4401190;0;0;4193989;0;0;4395635;0;0;4884397;0;0;4498666;0;0;4463574;0;0;4622201;0;0;4206869;0;0;4649014;0;0;4620126;0;0;4352633;0;0;4509318;0;0;4499222;0;0;4688746;0;0;4463155;0;0;4573899;0;0;4494512;0;0;4397436;0;0;4518228;0;0;4265337;0;0;4369601;0;0;4886621;0;0;4572106;0;0;4225432;0;0;4446040;0;0;4424264;0;0;4738967;0;0;4606047;0;0;4467713;0;0;4610563;0;0;4453558;0;0;4691405;0;0;4487096;0;0;5089198;0;0;4839569;0;0;4418269;0
4948834;0;0;5143352;0;0;4744860;0;0;5143077;0;0;4835500;0;0;5303782;0;0;4832495;0;0;5078559;0;0;5010645;0;0;5174387;0;0;4940078;0;0;4662270;0;0;4694335;0;0;5255516;0;0;5242328;0;0;5289385;0;0;5009211;0;0;5104041;0;0;4886290;0;0;4707264;0;0;5116803;0;0;5081792;0;0;4673675;0;0;5034835;0;0;4901725;0;0;5305627;0;0;4860241;0;0;4701562;0;0;4807107;0;0;5037089;0;0;5434987;0;0;4965497;0;0;4893488;0;0;4807338;0;0;5303570;0;0;4855633;0;0;4916324;0;0;5083260;0;0;4718620;0;0;5076346;0;0;4996044;0;0;4646050;0;0;5074720;0;0;5036031;0;0;5147755;0;0;4946309;0;0;4739117;0;0;4808205;0;0;4634171;0;0;5160380;0;0;4906232;0;0;5087111;0;0;5170051;0;0;5020218;0;0;4745666;0;0;4898504;0;0;5253662;0;0;5312171;0;0;5119369;0;0;4834518;0;0;4920082;0;0;5017251;0;0;4950420;0;0;5067880;0;0;5469569;0;0;5323741;0;0;4881620;0
4613027;0;0;5163234;0;0;4604806;0;0;4910412;0;0;4791727;0;0;5018914;0;0;4703506;0;0;4923105;0;0;4958286;0;0;4671933;0;0;4786078;0;0;4634748;0;0;4767267;0;0;5080773;0;0;5224837;0;0;5163597;0;0;5022158;0;0;4974927;0;0;4617833;0;0;4594356;0;0;5178614;0;0;5113018;0;0;4719624;0;0;4916317;0;0;4779267;0;0;5081550;0;0;4793614;0;0;4654329;0;0;4777688;0;0;4790265;0;0;4944158;0;0;4541304;0;0;4570537;0;0;4669683;0;0;5254438;0;0;4690412;0;0;4749579;0;0;4767915;0;0;4681832;0;0;5258044;0;0;4923154;0;0;4584616;0;0;4722999;0;0;4665190;0;0;5211741;0;0;4706785;0;0;4696497;0;0;4880987;0;0;4524241;0;0;4935058;0;0;4737496;0;0;5012924;0;0;5035669;0;0;4725082;0;0;4447643;0;0;4677439;0;0;4916861;0;0;5118827;0;0;4959383;0;0;4825369;0;0;4772559;0;0;4694764;0;0;4781761;0;0;5019510;0;0;5295376;0;0;5176956;0;0;4846569;0
4407163;0;0;4779984;0;0;4259849;0;0;4715411;0;0;4480191;0;0;4703234;0;0;4554810;0;0;4671639;0;0;4631180;0;0;4608063;0;0;4581196;0;0;4449499;0;0;4414433;0;0;4647035;0;0;4888527;0;0;4926240;0;0;4794178;0;0;4783404;0;0;4611415;0;0;4475492;0;0;4471839;0;0;4668034;0;0;4233344;0;0;4928168;0;0;4504900;0;0;4713326;0;0;4814957;0;0;4502836;0;0;4281179;0;0;4712518;0;0;4980530;0;0;4604479;0;0;4378832;0;0;4351396;0;0;4789325;0;0;4494065;0;0;4478873;0;0;4650656;0;0;4257948;0;0;4619582;0;0;4613156;0;0;4421874;0;0;4645570;0;0;4635473;0;0;4881952;0;0;4549463;0;0;4261259;0;0;4624403;0;0;4439635;0;0;4662711;0;0;4462369;0;0;4757424;0;0;4912943;0;0;4631749;0;0;4179508;0;0;4345684;0;0;4883615;0;0;4983548;0;0;4712873;0;0;4465598;0;0;4512773;0;0;4533387;0;0;4557533;0;0;4744476;0;0;4787361;0;0;4694703;0;0;4678699;0
4349210;0;0;4581544;0;0;4269611;0;0;4476052;0;0;4543658;0;0;4791588;0;0;4401349;0;0;4604196;0;0;4494249;0;0;4440987;0;0;4440810;0;0;4315768;0;0;4101311;0;0;4496023;0;0;4731304;0;0;4853582;0;0;4659570;0;0;4615586;0;0;4467421;0;0;4145721;0;0;4649510;0;0;4626027;0;0;4172285;0;0;4621669;0;0;4444308;0;0;4792975;0;0;4474023;0;0;4463809;0;0;4352203;0;0;4484270;0;0;4825291;0;0;4510720;0;0;4270392;0;0;4321199;0;0;4642162;0;0;4522740;0;0;4403346;0;0;4650623;0;0;4279889;0;0;4819791;0;0;4415942;0;0;4421144;0;0;4470888;0;0;4671373;0;0;4718132;0;0;4471859;0;0;4296850;0;0;4485061;0;0;4322797;0;0;4727022;0;0;4279731;0;0;4385604;0;0;4772495;0;0;4679926;0;0;4026415;0;0;4434219;0;0;4691226;0;0;4718889;0;0;4360726;0;0;4260703;0;0;4264411;0;0;4658346;0;0;4623312;0;0;4544329;0;0;4770893;0;0;4537351;0;0;4517622;0
4544555;0;0;4810273;0;0;4161342;0;0;4750887;0;0;4680209;0;0;4855469;0;0;4572141;0;0;5019005;0;0;4760731;0;0;4889782;0;0;4700911;0;0;4578166;0;0;4390511;0;0;4884620;0;0;4854671;0;0;4955063;0;0;4737708;0;0;4754478;0;0;4752364;0;0;4354670;0;0;4763365;0;0;4919211;0;0;4301094;0;0;4727480;0;0;4698448;0;0;4886390;0;0;4787152;0;0;4636454;0;0;4471176;0;0;4738644;0;0;4994811;0;0;4714504;0;0;4606485;0;0;4355557;0;0;5072687;0;0;4472347;0;0;4627601;0;0;4879738;0;0;4559148;0;0;4962529;0;0;4641853;0;0;4682898;0;0;4780924;0;0;4772193;0;0;4991797;0;0;4742291;0;0;4709859;0;0;4856378;0;0;4305895;0;0;4712902;0;0;4524374;0;0;4861983;0;0;4900189;0;0;4978161;0;0;4503003;0;0;4510032;0;0;4889141;0;0;5164862;0;0;4914196;0;0;4689098;0;0;4826552;0;0;4718423;0;0;4644961;0;0;4862662;0;0;5147711;0;0;4956874;0;0;4815218;0
4338892;0;0;4301017;0;0;3836743;0;0;4234818;0;0;4161192;0;0;4292749;0;0;4100922;0;0;4429924;0;0;4331370;0;0;4232500;0;0;4152224;0;0;4130797;0;0;3895880;0;0;4429727;0;0;4522539;0;0;4501203;0;0;4141266;0;0;4231011;0;0;4034390;0;0;4080784;0;0;4207909;0;0;4430964;0;0;4015044;0;0;4456098;0;0;4196841;0;0;4432229;0;0;4186666;0;0;4280082;0;0;4056104;0;0;4089555;0;0;4595587;0;0;4133079;0;0;4004826;0;0;4045815;0;0;4538920;0;0;4135383;0;0;4188000;0;0;4382221;0;0;4203196;0;0;4510338;0;0;3968662;0;0;3885861;0;0;4310124;0;0;4203858;0;0;4372626;0;0;4149793;0;0;3949128;0;0;4209102;0;0;3861743;0;0;4495623;0;0;3949235;0;0;4156040;0;0;4610668;0;0;4214623;0;0;3859846;0;0;3996124;0;0;4250916;0;0;4369595;0;0;4295864;0;0;4039345;0;0;3993397;0;0;4253207;0;0;4297542;0;0;4297902;0;0;4597277;0;0;4212195;0;0;4118737;0
4412181;0;0;4594842;0;0;4301530;0;0;4429189;0;0;4467826;0;0;4642767;0;0;4311652;0;0;4501170;0;0;4559381;0;0;4339289;0;0;4409296;0;0;4304345;0;0;4250202;0;0;4473873;0;0;4630945;0;0;4757194;0;0;4611708;0;0;4624840;0;0;4321973;0;0;4283693;0;0;4575203;0;0;4601500;0;0;4297439;0;0;4719236;0;0;4578677;0;0;4668531;0;0;4404338;0;0;4311565;0;0;4124821;0;0;4557514;0;0;4618132;0;0;4341983;0;0;4297659;0;0;4165982;0;0;4797898;0;0;4261995;0;0;4273176;0;0;4565502;0;0;4057640;0;0;4762128;0;0;4484790;0;0;4186805;0;0;4495683;0;0;4468248;0;0;4833891;0;0;4415206;0;0;4304672;0;0;4460419;0;0;4165048;0;0;4627664;0;0;4291089;0;0;4487678;0;0;4837078;0;0;4300910;0;0;4290691;0;0;4278259;0;0;4610962;0;0;4673901;0;0;4739358;0;0;4326963;0;0;4406067;0;0;4483037;0;0;4570895;0;0;4655462;0;0;4994478;0;0;4707572;0;0;4231457;0
4038801;0;0;4507085;0;0;4144340;0;0;4323539;0;0;4382415;0;0;4643699;0;0;4273767;0;0;4348425;0;0;4324016;0;0;4253438;0;0;4273277;0;0;4200517;0;0;4187526;0;0;4709749;0;0;4698378;0;0;4600468;0;0;4516864;0;0;4263205;0;0;4375722;0;0;4116896;0;0;4655026;0;0;4383232;0;0;4168475;0;0;4579103;0;0;4413418;0;0;4526322;0;0;4350058;0;0;4111163;0;0;4212897;0;0;4237845;0;0;4594244;0;0;4169825;0;0;4276790;0;0;4459214;0;0;4712910;0;0;4298928;0;0;4269139;0;0;4610602;0;0;4219650;0;0;4607526;0;0;4130372;0;0;4116706;0;0;4433662;0;0;4481928;0;0;4589062;0;0;4266571;0;0;4139342;0;0;4362852;0;0;4214954;0;0;4425018;0;0;4401329;0;0;4371870;0;0;4550761;0;0;4508944;0;0;4082719;0;0;4212167;0;0;4397227;0;0;4465905;0;0;4505083;0;0;4143525;0;0;4122436;0;0;4268646;0;0;4433138;0;0;4620032;0;0;4689247;0;0;4586862;0;0;4560571;0
4289421;0;0;4387449;0;0;4070879;0;0;4666021;0;0;4304841;0;0;4507484;0;0;4353764;0;0;4429519;0;0;4292364;0;0;4403661;0;0;4159732;0;0;4241846;0;0;4398909;0;0;4554232;0;0;4562597;0;0;4698511;0;0;4314094;0;0;4593616;0;0;4214650;0;0;4101584;0;0;4489229;0;0;4732447;0;0;4147221;0;0;4453962;0;0;4170299;0;0;4637425;0;0;4241068;0;0;4260017;0;0;4234612;0;0;4482297;0;0;4613712;0;0;4291138;0;0;4325815;0;0;4312860;0;0;4598563;0;0;4401686;0;0;4195835;0;0;4493560;0;0;3928079;0;0;4614090;0;0;4449760;0;0;4253215;0;0;4412695;0;0;4515448;0;0;4475207;0;0;4345803;0;0;4199626;0;0;4616148;0;0;4267835;0;0;4293078;0;0;4392194;0;0;4263153;0;0;4469370;0;0;4355796;0;0;4149150;0;0;4103463;0;0;4587443;0;0;4737157;0;0;4284930;0;0;4175971;0;0;4282360;0;0;4299461;0;0;4145418;0;0;4549253;0;0;4821699;0;0;4534811;0;0;4336401;0
4217612;0;0;4451400;0;0;4118209;0;0;4387385;0;0;4383188;0;0;4481738;0;0;4376894;0;0;4559040;0;0;4535399;0;0;4275739;0;0;4557657;0;0;4163740;0;0;4151935;0;0;4711468;0;0;4459111;0;0;4580761;0;0;4587257;0;0;4372927;0;0;4280357;0;0;4088209;0;0;4511850;0;0;4229181;0;0;4241471;0;0;4694985;0;0;4379356;0;0;4761910;0;0;4415343;0;0;4259248;0;0;4160855;0;0;4278386;0;0;4554859;0;0;4406387;0;0;4237625;0;0;4244456;0;0;4629082;0;0;4330893;0;0;4412860;0;0;4409167;0;0;4173951;0;0;4596632;0;0;4477183;0;0;4200370;0;0;4541925;0;0;4430010;0;0;4474863;0;0;4346865;0;0;4410674;0;0;4471608;0;0;4053227;0;0;4523633;0;0;4261605;0;0;4449313;0;0;4636363;0;0;4616078;0;0;4032677;0;0;4153184;0;0;4532474;0;0;4386231;0;0;4459571;0;0;4190133;0;0;4101611;0;0;4305296;0;0;4441957;0;0;4314331;0;0;4574839;0;0;4447612;0;0;4560736;0
4181282;0;0;4570516;0;0;3892147;0;0;4401945;0;0;4462879;0;0;4432106;0;0;4181664;0;0;4362314;0;0;4205956;0;0;4052094;0;0;4117959;0;0;3907612;0;0;4048019;0;0;4588184;0;0;4419031;0;0;4340922;0;0;4482416;0;0;4516666;0;0;4292604;0;0;4221935;0;0;4334942;0;0;4304577;0;0;4027441;0;0;4255415;0;0;4102101;0;0;4525665;0;0;4410172;0;0;4097735;0;0;4091882;0;0;4338961;0;0;4390016;0;0;4384971;0;0;4163406;0;0;3989072;0;0;4591847;0;0;4151112;0;0;4289644;0;0;4412620;0;0;3891233;0;0;4704972;0;0;4234694;0;0;4156131;0;0;4332395;0;0;4227851;0;0;4467841;0;0;4291768;0;0;3990773;0;0;4246789;0;0;4168820;0;0;4332104;0;0;4088125;0;0;4200624;0;0;4471517;0;0;4292474;0;0;3958448;0;0;3890998;0;0;4473641;0;0;4474524;0;0;4492653;0;0;4165352;0;0;4193501;0;0;4318731;0;0;4558085;0;0;4565611;0;0;4707197;0;0;4482835;0;0;4221694;0
4303354;0;0;4555746;0;0;4189732;0;0;4726014;0;0;4493742;0;0;4579808;0;0;4232719;0;0;4609811;0;0;4489764;0;0;4453762;0;0;4478703;0;0;4290612;0;0;4311554;0;0;4709019;0;0;4845265;0;0;4950779;0;0;4759968;0;0;4768132;0;0;4477934;0;0;4333812;0;0;4841924;0;0;4550847;0;0;4152503;0;0;4718081;0;0;4447661;0;0;4907214;0;0;4601744;0;0;4237658;0;0;4449260;0;0;4568661;0;0;4820526;0;0;4590079;0;0;4372834;0;0;4527041;0;0;4787747;0;0;4431231;0;0;4378835;0;0;4603005;0;0;4183856;0;0;4885701;0;0;4502807;0;0;4421417;0;0;4487384;0;0;4548488;0;0;4757016;0;0;4570714;0;0;4318211;0;0;4463703;0;0;4175377;0;0;4711434;0;0;4323859;0;0;4320884;0;0;4786824;0;0;4656454;0;0;4386178;0;0;4308437;0;0;4733745;0;0;4720290;0;0;4873806;0;0;4400531;0;0;4305916;0;0;4367396;0;0;4566092;0;0;4789656;0;0;4903029;0;0;4722929;0;0;4438098;0
4441378;0;0;4464749;0;0;4172922;0;0;4538488;0;0;4473872;0;0;4537870;0;0;4398281;0;0;4735876;0;0;4531733;0;0;4379268;0;0;4370390;0;0;4126196;0;0;4132254;0;0;4665551;0;0;4739253;0;0;4672400;0;0;4491069;0;0;4788619;0;0;4480490;0;0;4133909;0;0;4362778;0;0;4548613;0;0;4115049;0;0;4662916;0;0;4597066;0;0;4831115;0;0;4505842;0;0;4492476;0;0;4400696;0;0;4606581;0;0;4688766;0;0;4582126;0;0;4750868;0;0;4254161;0;0;4697023;0;0;4391243;0;0;4327785;0;0;4661876;0;0;4238064;0;0;4731734;0;0;4576987;0;0;4478298;0;0;4531837;0;0;4453356;0;0;4858560;0;0;4425829;0;0;4291136;0;0;4423410;0;0;4287790;0;0;4487795;0;0;4451771;0;0;4434586;0;0;4742904;0;0;4619906;0;0;4169666;0;0;4382743;0;0;4666810;0;0;4795218;0;0;4632838;0;0;4309755;0;0;4475024;0;0;4449224;0;0;4537753;0;0;4713094;0;0;4956110;0;0;4614331;0;0;4475220;0
4259523;0;0;4191240;0;0;3967884;0;0;4403395;0;0;4354578;0;0;4410220;0;0;4035182;0;0;4318040;0;0;4122742;0;0;4317120;0;0;4191670;0;0;4177881;0;0;3900609;0;0;4513442;0;0;4481959;0;0;4519298;0;0;4204601;0;0;4328671;0;0;4117784;0;0;3921162;0;0;4282768;0;0;4223280;0;0;4050616;0;0;4425247;0;0;4336528;0;0;4530037;0;0;4207387;0;0;4173869;0;0;4056065;0;0;4309559;0;0;4568163;0;0;3956720;0;0;4271734;0;0;4028296;0;0;4439926;0;0;4096546;0;0;4316849;0;0;4518465;0;0;4044018;0;0;4491857;0;0;4046059;0;0;4209806;0;0;4166417;0;0;4450800;0;0;4469587;0;0;4239744;0;0;4067929;0;0;4319585;0;0;4133541;0;0;4500647;0;0;4094632;0;0;4234098;0;0;4685054;0;0;4523689;0;0;3995870;0;0;4136827;0;0;4574321;0;0;4479544;0;0;4436624;0;0;4124251;0;0;4156635;0;0;4260444;0;0;4150441;0;0;4507705;0;0;4440655;0;0;4354844;0;0;4203480;0
4239118;0;0;4425715;0;0;4256548;0;0;4436287;0;0;4303031;0;0;4474450;0;0;4085910;0;0;4570852;0;0;4343457;0;0;4371899;0;0;4185123;0;0;4049786;0;0;4256446;0;0;4776830;0;0;4711413;0;0;4527117;0;0;4340947;0;0;4634406;0;0;4434135;0;0;4176237;0;0;4387358;0;0;4427125;0;0;4322194;0;0;4506255;0;0;4444875;0;0;4505709;0;0;4372014;0;0;4178232;0;0;4122052;0;0;4575156;0;0;4666273;0;0;4430518;0;0;4377645;0;0;4281665;0;0;4841683;0;0;4277602;0;0;4334698;0;0;4521112;0;0;4057739;0;0;4652690;0;0;4385457;0;0;4175498;0;0;4617530;0;0;4458952;0;0;4610501;0;0;4266328;0;0;4177420;0;0;4347425;0;0;4203814;0;0;4706282;0;0;4230939;0;0;4426840;0;0;4633257;0;0;4582064;0;0;4292993;0;0;4105147;0;0;4707142;0;0;4532796;0;0;4596618;0;0;4219803;0;0;4300636;0;0;4571609;0;0;4423196;0;0;4255948;0;0;4724796;0;0;4642399;0;0;4257306;0
4431856;0;0;4478440;0;0;4333423;0;0;4738472;0;0;4641554;0;0;4876184;0;0;4480982;0;0;4744247;0;0;4624572;0;0;4730717;0;0;4491356;0;0;4491011;0;0;4480718;0;0;4779494;0;0;4815269;0;0;4895587;0;0;4669972;0;0;4574788;0;0;4353790;0;0;4198102;0;0;4758429;0;0;4620673;0;0;4410346;0;0;4778466;0;0;4530932;0;0;4933805;0;0;4406051;0;0;4552301;0;0;4485541;0;0;4593299;0;0;4886399;0;0;4401034;0;0;4546435;0;0;4481661;0;0;4857979;0;0;4500936;0;0;4605646;0;0;4851466;0;0;4377534;0;0;4929411;0;0;4654241;0;0;4402148;0;0;4708901;0;0;4653751;0;0;4850797;0;0;4616782;0;0;4414202;0;0;4703346;0;0;4329417;0;0;4709730;0;0;4623271;0;0;4649703;0;0;4910033;0;0;4583837;0;0;4179757;0;0;4451278;0;0;4774807;0;0;4820888;0;0;4719009;0;0;4430381;0;0;4417822;0;0;4559327;0;0;4428416;0;0;4788965;0;0;4816108;0;0;4788385;0;0;4681949;0
4442376;0;0;4552151;0;0;4272607;0;0;4447274;0;0;4446409;0;0;4692174;0;0;4303832;0;0;4606976;0;0;4467664;0;0;4052993;0;0;4444054;0;0;4201958;0;0;3988558;0;0;4657489;0;0;4660561;0;0;4801045;0;0;4541157;0;0;4496709;0;0;4544488;0;0;4200199;0;0;4703250;0;0;4549876;0;0;4082373;0;0;4656523;0;0;4029903;0;0;4716083;0;0;4390503;0;0;4256304;0;0;4184118;0;0;4492376;0;0;4805854;0;0;4292402;0;0;4120467;0;0;4168219;0;0;4572121;0;0;4374125;0;0;4257477;0;0;4286329;0;0;4107633;0;0;4721560;0;0;4511037;0;0;4504802;0;0;4543660;0;0;4317695;0;0;4732382;0;0;4454961;0;0;4156065;0;0;4499881;0;0;4169036;0;0;4631530;0;0;4414164;0;0;4315611;0;0;4518620;0;0;4508573;0;0;4190716;0;0;4070428;0;0;4640068;0;0;4701489;0;0;4609617;0;0;4416162;0;0;4199861;0;0;4372688;0;0;4355631;0;0;4653014;0;0;4594167;0;0;4880524;0;0;4234922;0
4342574;0;0;4583531;0;0;4256102;0;0;4546087;0;0;4317343;0;0;4654456;0;0;4596975;0;0;4531106;0;0;4257425;0;0;4622352;0;0;4445453;0;0;4110017;0;0;4181901;0;0;4542098;0;0;4755966;0;0;4672266;0;0;4655338;0;0;4608144;0;0;4464943;0;0;4159321;0;0;4658953;0;0;4434931;0;0;4139032;0;0;4579302;0;0;4383250;0;0;4831099;0;0;4516132;0;0;4260375;0;0;4043653;0;0;4603884;0;0;4720158;0;0;4269478;0;0;4382273;0;0;4387836;0;0;4779790;0;0;4100945;0;0;4286861;0;0;4569062;0;0;4301503;0;0;4581883;0;0;4359016;0;0;4455214;0;0;4354732;0;0;4415962;0;0;4624121;0;0;4380517;0;0;4159537;0;0;4594979;0;0;4144335;0;0;4444330;0;0;4391086;0;0;4508230;0;0;4443967;0;0;4562610;0;0;4134736;0;0;4247254;0;0;4595970;0;0;4629613;0;0;4438884;0;0;4271640;0;0;4126467;0;0;4421434;0;0;4192080;0;0;4707572;0;0;4647762;0;0;4584555;0;0;4278676;0
3907433;0;0;4216171;0;0;3802539;0;0;4197494;0;0;4104291;0;0;4551908;0;0;4097017;0;0;4379301;0;0;4244111;0;0;4238359;0;0;3846100;0;0;3851629;0;0;3893283;0;0;4579600;0;0;4453538;0;0;4521284;0;0;4413014;0;0;4344938;0;0;4089840;0;0;3740927;0;0;4362136;0;0;4108581;0;0;4071486;0;0;4355590;0;0;4228041;0;0;4570458;0;0;4096987;0;0;4072729;0;0;4065417;0;0;4217602;0;0;4518681;0;0;4327349;0;0;4131899;0;0;4189866;0;0;4404215;0;0;4034008;0;0;4028287;0;0;4508098;0;0;3887337;0;0;4639934;0;0;4173955;0;0;4100030;0;0;4262969;0;0;4136967;0;0;4427815;0;0;4138565;0;0;3974491;0;0;4367832;0;0;4031123;0;0;4359192;0;0;4138462;0;0;4274087;0;0;4240816;0;0;4183378;0;0;3830215;0;0;3856841;0;0;4496037;0;0;4501343;0;0;4419639;0;0;4089733;0;0;4130502;0;0;4319358;0;0;4268677;0;0;4503027;0;0;4388365;0;0;4427361;0;0;4218419;0
4361002;0;0;4652999;0;0;4341259;0;0;4729794;0;0;4388382;0;0;4805583;0;0;4415518;0;0;4614175;0;0;4391970;0;0;4773604;0;0;4551108;0;0;4410365;0;0;4348896;0;0;4720800;0;0;4823215;0;0;4812216;0;0;4542353;0;0;4574569;0;0;4389934;0;0;4268554;0;0;4588654;0;0;4630916;0;0;4293592;0;0;4839867;0;0;4568555;0;0;5028669;0;0;4293681;0;0;4286287;0;0;4447463;0;0;4869940;0;0;4856910;0;0;4395630;0;0;4532654;0;0;4447984;0;0;4844562;0;0;4422993;0;0;4421448;0;0;4733504;0;0;4396217;0;0;4756868;0;0;4606535;0;0;4420083;0;0;4685977;0;0;4701575;0;0;4733614;0;0;4614386;0;0;4562497;0;0;4713431;0;0;4263364;0;0;4654859;0;0;4479980;0;0;4671522;0;0;4855578;0;0;4779113;0;0;4523797;0;0;4203080;0;0;4766376;0;0;4770073;0;0;4873121;0;0;4597517;0;0;4335031;0;0;4561615;0;0;4691864;0;0;4646217;0;0;4901937;0;0;4805585;0;0;4415287;0
4070086;0;0;4159917;0;0;3919235;0;0;4250125;0;0;4152694;0;0;4285937;0;0;3918233;0;0;4503983;0;0;4104803;0;0;4307753;0;0;4210198;0;0;4305039;0;0;3936251;0;0;4545144;0;0;4358649;0;0;4395058;0;0;4444256;0;0;4380685;0;0;4192187;0;0;4057084;0;0;4244048;0;0;4344586;0;0;3878027;0;0;4373703;0;0;4246681;0;0;4727538;0;0;4145396;0;0;4172767;0;0;3973341;0;0;4264918;0;0;4628064;0;0;4069517;0;0;4174442;0;0;4115790;0;0;4573376;0;0;4070454;0;0;4015389;0;0;4234501;0;0;4211620;0;0;4479810;0;0;4262979;0;0;4029599;0;0;4330619;0;0;4149697;0;0;4362444;0;0;3995421;0;0;4198600;0;0;4243221;0;0;3731265;0;0;4323616;0;0;4075277;0;0;4156304;0;0;4431695;0;0;4191278;0;0;4109857;0;0;3958895;0;0;4432741;0;0;4402931;0;0;4445093;0;0;4124334;0;0;3926827;0;0;4158782;0;0;4251193;0;0;4298489;0;0;4533487;0;0;4405783;0;0;4054047;0
4443080;0;0;4347992;0;0;4096516;0;0;4682498;0;0;4525621;0;0;4726975;0;0;4274567;0;0;4672262;0;0;4414209;0;0;4484595;0;0;4424091;0;0;4340642;0;0;4179784;0;0;4829385;0;0;4826178;0;0;4809771;0;0;4595869;0;0;4596368;0;0;4488009;0;0;4199470;0;0;4672731;0;0;4760598;0;0;4207724;0;0;4602690;0;0;4406737;0;0;4736004;0;0;4528885;0;0;4282352;0;0;4491711;0;0;4399389;0;0;4883471;0;0;4331088;0;0;4400565;0;0;4601327;0;0;4697851;0;0;4337803;0;0;4362842;0;0;4679813;0;0;4360278;0;0;4709410;0;0;4419743;0;0;4508521;0;0;4632837;0;0;4634212;0;0;4875390;0;0;4671272;0;0;4333755;0;0;4755519;0;0;4309705;0;0;4770608;0;0;4239215;0;0;4522117;0;0;4803811;0;0;4522630;0;0;4245895;0;0;4131108;0;0;4743660;0;0;4714775;0;0;4754732;0;0;4502264;0;0;4451927;0;0;4409327;0;0;4398799;0;0;4626638;0;0;4647626;0;0;4894030;0;0;4215527;0
4144554;0;0;4377055;0;0;3865810;0;0;4472516;0;0;4064367;0;0;4451019;0;0;4239276;0;0;4595057;0;0;4461043;0;0;4360824;0;0;4325517;0;0;4292895;0;0;4125693;0;0;4578830;0;0;4759598;0;0;4609832;0;0;4405829;0;0;4346171;0;0;4138487;0;0;4140920;0;0;4569799;0;0;4556782;0;0;4202213;0;0;4491341;0;0;4261549;0;0;4765149;0;0;4354259;0;0;4207544;0;0;4028134;0;0;4380818;0;0;4683911;0;0;4349111;0;0;4148388;0;0;4258379;0;0;4761455;0;0;4266273;0;0;4543097;0;0;4531232;0;0;3996060;0;0;4548401;0;0;4312240;0;0;4308802;0;0;4399407;0;0;4310969;0;0;4656021;0;0;4473937;0;0;4322313;0;0;4259922;0;0;4115712;0;0;4558137;0;0;4049693;0;0;4301798;0;0;4714305;0;0;4613777;0;0;3987758;0;0;3999634;0;0;4484334;0;0;4744586;0;0;4606366;0;0;4354233;0;0;4249518;0;0;4432183;0;0;4392403;0;0;4438682;0;0;4584700;0;0;4515231;0;0;4297001;0
4328322;0;0;4471514;0;0;4097956;0;0;4295452;0;0;4105184;0;0;4492130;0;0;4282098;0;0;4332991;0;0;4256990;0;0;4157042;0;0;4313921;0;0;4059976;0;0;4099312;0;0;4478495;0;0;4632752;0;0;4405482;0;0;4473893;0;0;4342511;0;0;4074382;0;0;4153812;0;0;4473152;0;0;4550406;0;0;3950582;0;0;4347198;0;0;4308652;0;0;4590584;0;0;4480810;0;0;4228772;0;0;4060069;0;0;4342476;0;0;4592770;0;0;4106747;0;0;4304146;0;0;4299442;0;0;4561228;0;0;4243158;0;0;4093957;0;0;4378398;0;0;4052788;0;0;4487379;0;0;4349528;0;0;4227317;0;0;4268775;0;0;4315725;0;0;4428246;0;0;4376167;0;0;4000702;0;0;4456821;0;0;4072783;0;0;4537645;0;0;4131426;0;0;4474751;0;0;4622214;0;0;4343371;0;0;4082457;0;0;4077774;0;0;4356220;0;0;4541841;0;0;4448268;0;0;4134801;0;0;4356647;0;0;4390709;0;0;4237597;0;0;4590353;0;0;4591228;0;0;4556279;0;0;4140299;0
4364383;0;0;4736060;0;0;4291065;0;0;4718767;0;0;4744761;0;0;4810395;0;0;4537517;0;0;4841800;0;0;4694490;0;0;4750113;0;0;4607170;0;0;4551591;0;0;4333815;0;0;4836472;0;0;4805066;0;0;4731894;0;0;4882499;0;0;4877484;0;0;4637383;0;0;4338508;0;0;4662335;0;0;4912779;0;0;4478949;0;0;4733820;0;0;4697771;0;0;5053832;0;0;4667076;0;0;4523047;0;0;4566696;0;0;4833820;0;0;4940813;0;0;4511043;0;0;4491084;0;0;4516404;0;0;5072832;0;0;4693183;0;0;4551605;0;0;4710535;0;0;4623566;0;0;5072390;0;0;4590627;0;0;4707144;0;0;4841217;0;0;4721663;0;0;4901514;0;0;4621105;0;0;4630626;0;0;4567171;0;0;4297219;0;0;4600296;0;0;4666781;0;0;4689139;0;0;4866681;0;0;4709257;0;0;4228780;0;0;4486252;0;0;4998868;0;0;4954329;0;0;4881503;0;0;4438068;0;0;4638942;0;0;4434552;0;0;4803810;0;0;4755811;0;0;5062773;0;0;4940856;0;0;4564474;0
4354022;0;0;4526878;0;0;4087060;0;0;4625450;0;0;4260750;0;0;4502262;0;0;4197805;0;0;4547136;0;0;4386614;0;0;4467019;0;0;4248047;0;0;4246555;0;0;4325283;0;0;4677360;0;0;4765028;0;0;4784934;0;0;4595349;0;0;4634037;0;0;4420450;0;0;4142804;0;0;4668941;0;0;4656739;0;0;4108024;0;0;4514395;0;0;4069367;0;0;4839672;0;0;4444666;0;0;4317229;0;0;4311463;0;0;4512683;0;0;4664712;0;0;4325015;0;0;4323717;0;0;4222134;0;0;4742959;0;0;4309623;0;0;4381205;0;0;4470380;0;0;4136011;0;0;4831408;0;0;4353486;0;0;4203703;0;0;4574092;0;0;4518218;0;0;4543406;0;0;4659307;0;0;4261658;0;0;4445502;0;0;4475435;0;0;4379552;0;0;4250597;0;0;4401099;0;0;4644496;0;0;4506456;0;0;4264177;0;0;4215725;0;0;4496890;0;0;4507675;0;0;4809416;0;0;4339957;0;0;4469244;0;0;4279154;0;0;4165468;0;0;4457277;0;0;4610112;0;0;4704940;0;0;4505615;0
4500755;0;0;4816536;0;0;4323465;0;0;4748860;0;0;4600313;0;0;4853720;0;0;4509972;0;0;4832513;0;0;4801688;0;0;4584713;0;0;4450806;0;0;4458002;0;0;4393297;0;0;4736976;0;0;4947428;0;0;4955790;0;0;4843540;0;0;4940406;0;0;4501892;0;0;4326448;0;0;4671048;0;0;4684409;0;0;4298547;0;0;4801454;0;0;4774109;0;0;4841398;0;0;4782906;0;0;4390017;0;0;4446466;0;0;4761707;0;0;4972778;0;0;4671537;0;0;4432397;0;0;4364742;0;0;5032075;0;0;4562001;0;0;4639048;0;0;4733861;0;0;4516743;0;0;4801940;0;0;4606701;0;0;4550764;0;0;4687041;0;0;4761963;0;0;4941276;0;0;4717423;0;0;4502084;0;0;4367556;0;0;4282509;0;0;4751044;0;0;4553340;0;0;4725984;0;0;4816798;0;0;4706909;0;0;4656748;0;0;4529112;0;0;4589385;0;0;4845240;0;0;4760736;0;0;4666443;0;0;4610388;0;0;4594021;0;0;4721412;0;0;4718468;0;0;5042893;0;0;4914729;0;0;4592646;0
4548484;0;0;4595347;0;0;4274219;0;0;4584287;0;0;4355673;0;0;4730145;0;0;4459398;0;0;4604198;0;0;4459492;0;0;4472552;0;0;4461248;0;0;4445586;0;0;4399963;0;0;4850076;0;0;4695898;0;0;4757973;0;0;4497705;0;0;4667230;0;0;4410981;0;0;4293454;0;0;4571150;0;0;4697467;0;0;4366708;0;0;4782109;0;0;4419302;0;0;4968935;0;0;4546212;0;0;4650937;0;0;4364803;0;0;4439207;0;0;4968159;0;0;4430132;0;0;4316323;0;0;4516948;0;0;4748693;0;0;4266830;0;0;4367766;0;0;4814276;0;0;4311096;0;0;4865961;0;0;4369856;0;0;4384312;0;0;4748576;0;0;4635592;0;0;4702313;0;0;4625185;0;0;4471234;0;0;4617841;0;0;4478085;0;0;4494264;0;0;4194215;0;0;4445130;0;0;4992566;0;0;4484468;0;0;4081337;0;0;4287146;0;0;4625898;0;0;4633711;0;0;4815094;0;0;4386939;0;0;4367577;0;0;4523865;0;0;4567218;0;0;4566286;0;0;4806054;0;0;4884737;0;0;4618462;0
4403628;0;0;4441695;0;0;4148898;0;0;4516834;0;0;4162599;0;0;4575035;0;0;4225635;0;0;4540889;0;0;4329763;0;0;4452995;0;0;4365628;0;0;4158982;0;0;4448037;0;0;4634142;0;0;4788759;0;0;4665201;0;0;4239383;0;0;4317348;0;0;4338497;0;0;4345941;0;0;4563025;0;0;4513098;0;0;4092975;0;0;4568207;0;0;4110931;0;0;4630480;0;0;4244361;0;0;4386475;0;0;4038977;0;0;4394649;0;0;4750290;0;0;4232407;0;0;4452233;0;0;4381705;0;0;4476285;0;0;4114451;0;0;4419652;0;0;4662756;0;0;4129622;0;0;4714000;0;0;4367787;0;0;4219509;0;0;4525508;0;0;4566221;0;0;4533086;0;0;4351417;0;0;4480450;0;0;4353010;0;0;4167622;0;0;4759175;0;0;4291468;0;0;4244294;0;0;4706919;0;0;4545311;0;0;4262735;0;0;3929111;0;0;4575864;0;0;4649643;0;0;4687173;0;0;4126261;0;0;4316616;0;0;4349346;0;0;4421232;0;0;4542491;0;0;4719074;0;0;4817717;0;0;4294036;0
4433194;0;0;4569668;0;0;4299164;0;0;4630827;0;0;4322736;0;0;4558035;0;0;4423552;0;0;4736635;0;0;4443031;0;0;4339362;0;0;4425674;0;0;4487127;0;0;4417150;0;0;4658248;0;0;4655388;0;0;4818503;0;0;4736436;0;0;4773334;0;0;4315569;0;0;4463971;0;0;4757152;0;0;4480400;0;0;4306136;0;0;4698083;0;0;4398828;0;0;5009288;0;0;4609003;0;0;4515552;0;0;4507439;0;0;4572024;0;0;4972650;0;0;4542433;0;0;4310639;0;0;4452767;0;0;4841962;0;0;4360136;0;0;4556930;0;0;4726511;0;0;4316468;0;0;4677868;0;0;4300523;0;0;4376374;0;0;4588939;0;0;4684799;0;0;4892452;0;0;4504793;0;0;4479480;0;0;4669469;0;0;4250173;0;0;4634565;0;0;4285486;0;0;4785002;0;0;4782785;0;0;4768161;0;0;4255704;0;0;4488918;0;0;4827944;0;0;4871454;0;0;4803418;0;0;4416582;0;0;4577928;0;0;4569195;0;0;4454946;0;0;4731207;0;0;4841253;0;0;4711515;0;0;4534722;0
4388473;0;0;4760471;0;0;4301027;0;0;4680678;0;0;4641360;0;0;4720208;0;0;4277833;0;0;4739751;0;0;4787246;0;0;4588475;0;0;4575627;0;0;4425767;0;0;4284449;0;0;5056945;0;0;5070523;0;0;5069031;0;0;4800831;0;0;4875980;0;0;4600760;0;0;4205920;0;0;4873294;0;0;4653475;0;0;4306061;0;0;4890410;0;0;4672624;0;0;4947067;0;0;4778639;0;0;4486424;0;0;4437495;0;0;4697148;0;0;5052418;0;0;4637343;0;0;4522550;0;0;4386808;0;0;4865502;0;0;4692532;0;0;4818803;0;0;4667544;0;0;4294468;0;0;5004265;0;0;4585205;0;0;4539026;0;0;4819514;0;0;4798195;0;0;4805793;0;0;4511602;0;0;4323415;0;0;4729990;0;0;4624208;0;0;4797694;0;0;4506464;0;0;4703015;0;0;4969203;0;0;4829247;0;0;4327648;0;0;4476039;0;0;4911657;0;0;4819984;0;0;5002790;0;0;4549277;0;0;4543851;0;0;4640252;0;0;4748381;0;0;4862195;0;0;4983194;0;0;4728793;0;0;4360397;0
4665226;0;0;5025035;0;0;4493481;0;0;4937321;0;0;4956871;0;0;5036043;0;0;4584314;0;0;4932118;0;0;4842771;0;0;4797632;0;0;4783652;0;0;4605287;0;0;4529954;0;0;5084535;0;0;5220534;0;0;5115672;0;0;4976985;0;0;4941384;0;0;4805688;0;0;4630043;0;0;4989523;0;0;5067633;0;0;4602458;0;0;5296901;0;0;4626799;0;0;5230088;0;0;4842667;0;0;4646907;0;0;4457271;0;0;5122298;0;0;5181151;0;0;4642951;0;0;4801681;0;0;4823990;0;0;5240018;0;0;4808166;0;0;4901075;0;0;5146718;0;0;4647131;0;0;5188424;0;0;4902312;0;0;4540273;0;0;5132660;0;0;4879668;0;0;5274771;0;0;4702080;0;0;4830923;0;0;4976410;0;0;4602401;0;0;4843009;0;0;4764802;0;0;4683968;0;0;5077988;0;0;4823354;0;0;4570645;0;0;4532707;0;0;4992172;0;0;5131659;0;0;5360117;0;0;4853587;0;0;4692359;0;0;4723616;0;0;4868747;0;0;4902621;0;0;5486387;0;0;5040135;0;0;4466627;0
4573472;0;0;4613437;0;0;4276128;0;0;4444639;0;0;4473283;0;0;4829154;0;0;4427794;0;0;4467674;0;0;4414186;0;0;4542248;0;0;4380968;0;0;4257938;0;0;4333191;0;0;4902471;0;0;4818345;0;0;4878676;0;0;4617725;0;0;4503998;0;0;4592586;0;0;4432411;0;0;4657040;0;0;4538792;0;0;4211734;0;0;4803762;0;0;4520589;0;0;4895950;0;0;4559012;0;0;4401199;0;0;4343475;0;0;4683479;0;0;4828208;0;0;4646509;0;0;4481532;0;0;4494316;0;0;4917725;0;0;4551144;0;0;4412397;0;0;4605012;0;0;4369438;0;0;4580981;0;0;4634792;0;0;4484102;0;0;4764079;0;0;4556404;0;0;4786301;0;0;4508914;0;0;4285746;0;0;4553529;0;0;4453261;0;0;4683867;0;0;4451685;0;0;4480268;0;0;4801196;0;0;4568454;0;0;4378695;0;0;4180416;0;0;4631197;0;0;4554219;0;0;4588392;0;0;4325138;0;0;4435012;0;0;4466720;0;0;4678029;0;0;4826614;0;0;4866930;0;0;4679427;0;0;4455909;0
4220107;0;0;4448383;0;0;3987624;0;0;4161131;0;0;4147699;0;0;4124329;0;0;4031208;0;0;4111723;0;0;4231555;0;0;4109151;0;0;4153724;0;0;4008052;0;0;4021196;0;0;4278289;0;0;4344782;0;0;4472124;0;0;4276590;0;0;4550695;0;0;4202184;0;0;3956983;0;0;4174461;0;0;4274708;0;0;3953414;0;0;4396334;0;0;4114877;0;0;4488882;0;0;4119968;0;0;4042017;0;0;3881466;0;0;4090057;0;0;4452445;0;0;3927568;0;0;4068400;0;0;4033598;0;0;4878181;0;0;3961907;0;0;4164882;0;0;4350609;0;0;4024607;0;0;4298971;0;0;4157365;0;0;3932168;0;0;4331794;0;0;4146998;0;0;4341490;0;0;3927028;0;0;4299501;0;0;4006470;0;0;3949819;0;0;4258166;0;0;4239565;0;0;4134975;0;0;4510693;0;0;4094505;0;0;3982117;0;0;4141142;0;0;4388194;0;0;4255067;0;0;4379438;0;0;4150578;0;0;3963058;0;0;4211695;0;0;4116824;0;0;4325247;0;0;4559277;0;0;4441332;0;0;4098333;0
4210887;0;0;4441379;0;0;4093368;0;0;4619874;0;0;4301703;0;0;4563689;0;0;4522028;0;0;4427232;0;0;4474324;0;0;4578466;0;0;4356192;0;0;4242471;0;0;4187671;0;0;4627795;0;0;4922288;0;0;4746854;0;0;4470988;0;0;4618093;0;0;4310293;0;0;4120044;0;0;4513044;0;0;4313651;0;0;4280300;0;0;4546013;0;0;4543197;0;0;4777306;0;0;4192364;0;0;4136440;0;0;4169832;0;0;4439106;0;0;4767139;0;0;4291685;0;0;4371375;0;0;4264665;0;0;4749987;0;0;4384035;0;0;4270821;0;0;4536859;0;0;4066124;0;0;4580272;0;0;4415191;0;0;3963684;0;0;4473194;0;0;4551714;0;0;4653644;0;0;4334547;0;0;4282170;0;0;4552195;0;0;4190329;0;0;4598690;0;0;4310237;0;0;4441836;0;0;4470893;0;0;4447951;0;0;4198634;0;0;4209341;0;0;4492725;0;0;4792294;0;0;4420280;0;0;4342069;0;0;4347722;0;0;4372860;0;0;4318252;0;0;4359197;0;0;4827780;0;0;4716605;0;0;4435715;0
4029428;0;0;4324399;0;0;4082883;0;0;4212283;0;0;4156433;0;0;4526798;0;0;4069193;0;0;4519296;0;0;3860887;0;0;4187655;0;0;4216159;0;0;4066185;0;0;4117517;0;0;4449369;0;0;4550658;0;0;4565939;0;0;4264495;0;0;4367813;0;0;4128957;0;0;3916451;0;0;4526229;0;0;4454079;0;0;4036892;0;0;4377471;0;0;4095503;0;0;4494286;0;0;4206228;0;0;4195953;0;0;3943658;0;0;4186222;0;0;4692796;0;0;4155412;0;0;4085202;0;0;4125788;0;0;4442963;0;0;4048287;0;0;4045262;0;0;4296105;0;0;3910478;0;0;4434658;0;0;4049175;0;0;4048302;0;0;4480618;0;0;4372516;0;0;4587484;0;0;4249451;0;0;3967416;0;0;4365389;0;0;4371977;0;0;4423076;0;0;4223451;0;0;3962195;0;0;4487667;0;0;3958266;0;0;4167667;0;0;4011851;0;0;4361488;0;0;4333457;0;0;4597824;0;0;4083417;0;0;4075053;0;0;4019866;0;0;4116405;0;0;4236201;0;0;4634519;0;0;4537923;0;0;3946890;0
4277590;0;0;4408024;0;0;3975999;0;0;4388861;0;0;4480883;0;0;4587382;0;0;4157671;0;0;4431736;0;0;4312628;0;0;4288241;0;0;4357662;0;0;4085629;0;0;4147398;0;0;4665159;0;0;4456484;0;0;4800547;0;0;4301145;0;0;4499812;0;0;4314181;0;0;3966934;0;0;4348252;0;0;4367934;0;0;3963913;0;0;4385410;0;0;4194912;0;0;4555257;0;0;4486106;0;0;4250656;0;0;4149827;0;0;4426005;0;0;4436712;0;0;4405459;0;0;4185938;0;0;4219945;0;0;4510989;0;0;4271897;0;0;4244716;0;0;4258686;0;0;4342678;0;0;4663952;0;0;4262859;0;0;4209559;0;0;4385685;0;0;4643127;0;0;4636758;0;0;4320818;0;0;4314836;0;0;4219234;0;0;4159650;0;0;4618490;0;0;4285852;0;0;4412599;0;0;4609469;0;0;4315685;0;0;4077074;0;0;4229999;0;0;4540651;0;0;4530834;0;0;4527619;0;0;4194148;0;0;4313563;0;0;4396320;0;0;4347912;0;0;4387085;0;0;4611629;0;0;4727097;0;0;4289759;0
4433617;0;0;4876161;0;0;4398498;0;0;4710893;0;0;4354532;0;0;4656747;0;0;4542614;0;0;4677491;0;0;4637887;0;0;4509743;0;0;4533303;0;0;4453966;0;0;4444491;0;0;4788371;0;0;4814876;0;0;4875360;0;0;4679388;0;0;4701534;0;0;4498491;0;0;4048207;0;0;4741747;0;0;4661247;0;0;4377725;0;0;4596998;0;0;4572486;0;0;4914748;0;0;4603235;0;0;4280257;0;0;4433343;0;0;4657287;0;0;4852437;0;0;4490466;0;0;4449128;0;0;4363469;0;0;4859572;0;0;4461100;0;0;4314677;0;0;4658126;0;0;4270817;0;0;4706349;0;0;4674027;0;0;4240556;0;0;4734922;0;0;4582208;0;0;4610387;0;0;4533218;0;0;4403068;0;0;4705457;0;0;4549990;0;0;4566425;0;0;4523620;0;0;4526926;0;0;4835134;0;0;4800611;0;0;4197897;0;0;4406693;0;0;4648524;0;0;4758162;0;0;4868163;0;0;4422901;0;0;4446429;0;0;4580613;0;0;4712125;0;0;4640037;0;0;4775841;0;0;4869685;0;0;4564895;0
4487206;0;0;4722750;0;0;4401202;0;0;4801117;0;0;4837867;0;0;4855352;0;0;4436246;0;0;4723443;0;0;4579292;0;0;4786363;0;0;4506674;0;0;4362488;0;0;4539640;0;0;4891774;0;0;4797334;0;0;4871054;0;0;4683209;0;0;4821056;0;0;4539204;0;0;4398350;0;0;4672503;0;0;4941480;0;0;4519804;0;0;4666463;0;0;4873402;0;0;4907641;0;0;4734407;0;0;4471761;0;0;4425079;0;0;4736625;0;0;4784213;0;0;4559245;0;0;4641638;0;0;4510443;0;0;4995914;0;0;4446804;0;0;4649536;0;0;4835898;0;0;4437674;0;0;5005234;0;0;4672223;0;0;4560914;0;0;4695045;0;0;4587944;0;0;4928271;0;0;4612936;0;0;4620445;0;0;4633375;0;0;4164751;0;0;4785437;0;0;4507511;0;0;4559572;0;0;4978214;0;0;4777702;0;0;4505675;0;0;4325131;0;0;4786804;0;0;4982243;0;0;4887765;0;0;4495768;0;0;4511353;0;0;4622217;0;0;4738429;0;0;4924425;0;0;5070273;0;0;4855248;0;0;4441697;0
4639140;0;0;4593017;0;0;4274540;0;0;4734158;0;0;4611502;0;0;4741326;0;0;4527891;0;0;4649885;0;0;4669256;0;0;4630269;0;0;4595137;0;0;4485411;0;0;4423323;0;0;4811176;0;0;4992833;0;0;4874007;0;0;4836110;0;0;4778172;0;0;4435387;0;0;4447841;0;0;4743414;0;0;4866109;0;0;4600656;0;0;4951257;0;0;4831556;0;0;4930923;0;0;4603822;0;0;4520044;0;0;4422086;0;0;4705618;0;0;4815800;0;0;4405347;0;0;4692567;0;0;4567483;0;0;4987795;0;0;4411648;0;0;4538002;0;0;4852796;0;0;4332194;0;0;4729014;0;0;4520784;0;0;4551075;0;0;4791986;0;0;4639618;0;0;4749080;0;0;4509271;0;0;4448209;0;0;4601263;0;0;4361492;0;0;4673527;0;0;4573498;0;0;4676651;0;0;4912053;0;0;4813784;0;0;4345145;0;0;4476978;0;0;4899223;0;0;4909399;0;0;4903576;0;0;4598125;0;0;4519941;0;0;4618032;0;0;4621781;0;0;4955678;0;0;4999810;0;0;4845886;0;0;4631550;0
4613160;0;0;4703589;0;0;4453435;0;0;4483271;0;0;4605324;0;0;4886611;0;0;4542501;0;0;4762670;0;0;4579911;0;0;4510578;0;0;4271645;0;0;4331247;0;0;4391951;0;0;4905136;0;0;4873891;0;0;4850574;0;0;4723541;0;0;4677311;0;0;4426422;0;0;4431119;0;0;4778403;0;0;4810842;0;0;4455634;0;0;4932643;0;0;4681850;0;0;4842624;0;0;4610075;0;0;4587626;0;0;4521584;0;0;4651182;0;0;4894448;0;0;4643953;0;0;4376459;0;0;4438515;0;0;4993533;0;0;4620894;0;0;4668121;0;0;4900195;0;0;4351019;0;0;4929108;0;0;4681511;0;0;4419724;0;0;4815155;0;0;4832222;0;0;4714927;0;0;4737682;0;0;4331046;0;0;4796328;0;0;4412339;0;0;4801930;0;0;4689035;0;0;4488728;0;0;4909977;0;0;4836304;0;0;4293414;0;0;4476664;0;0;4735916;0;0;4882588;0;0;4701994;0;0;4432433;0;0;4597053;0;0;4642615;0;0;4581543;0;0;4855066;0;0;5056504;0;0;5039809;0;0;4497260;0
4508719;0;0;4470848;0;0;4295015;0;0;4519792;0;0;4257641;0;0;4830929;0;0;4355602;0;0;4503321;0;0;4592002;0;0;4684377;0;0;4593779;0;0;4390519;0;0;4364046;0;0;4708379;0;0;4759636;0;0;4708124;0;0;4665263;0;0;4596954;0;0;4363371;0;0;4305294;0;0;4612987;0;0;4469184;0;0;4379531;0;0;4529785;0;0;4562119;0;0;4819494;0;0;4642688;0;0;4431657;0;0;4304755;0;0;4588218;0;0;4894892;0;0;4357299;0;0;4340107;0;0;4322182;0;0;4997650;0;0;4440446;0;0;4506359;0;0;4514968;0;0;4192152;0;0;4647288;0;0;4609380;0;0;4263865;0;0;4578054;0;0;4543977;0;0;4637391;0;0;4600010;0;0;4339277;0;0;4377933;0;0;4208243;0;0;4770907;0;0;4202933;0;0;4487339;0;0;4782640;0;0;4479757;0;0;4150446;0;0;4275367;0;0;4588599;0;0;4623614;0;0;4738287;0;0;4359133;0;0;4322934;0;0;4483223;0;0;4433011;0;0;4529473;0;0;4597554;0;0;4735297;0;0;4444001;0
4509726;0;0;4553511;0;0;4130984;0;0;4626258;0;0;4581588;0;0;4761041;0;0;4491440;0;0;4516833;0;0;4683806;0;0;4620779;0;0;4592761;0;0;4369361;0;0;4327262;0;0;4887834;0;0;4705288;0;0;4945958;0;0;4703511;0;0;4490611;0;0;4589988;0;0;4424559;0;0;4639449;0;0;4615432;0;0;4116386;0;0;4589088;0;0;4447526;0;0;4710189;0;0;4571635;0;0;4292429;0;0;4220573;0;0;4766328;0;0;4822272;0;0;4519123;0;0;4491518;0;0;4350393;0;0;4909372;0;0;4656525;0;0;4440557;0;0;4493074;0;0;4219706;0;0;4822591;0;0;4493278;0;0;4255976;0;0;4507335;0;0;4665820;0;0;4789616;0;0;4651924;0;0;4327824;0;0;4514905;0;0;4165865;0;0;4610022;0;0;4509461;0;0;4477820;0;0;4740816;0;0;4647122;0;0;4342342;0;0;4506805;0;0;4865362;0;0;4769259;0;0;4872163;0;0;4267413;0;0;4392546;0;0;4236313;0;0;4648927;0;0;4637451;0;0;4845536;0;0;4715096;0;0;4465085;0
4327962;0;0;4489931;0;0;4372830;0;0;4592938;0;0;4513857;0;0;4467407;0;0;4463592;0;0;4662217;0;0;4635426;0;0;4337654;0;0;4422392;0;0;4291363;0;0;4116380;0;0;4619368;0;0;4576405;0;0;4823710;0;0;4623431;0;0;4857496;0;0;4292771;0;0;4021740;0;0;4573602;0;0;4503989;0;0;4123264;0;0;4737175;0;0;4455904;0;0;4635398;0;0;4581958;0;0;4318794;0;0;4062012;0;0;4483369;0;0;4631944;0;0;4491161;0;0;4340790;0;0;4250217;0;0;4993786;0;0;4260040;0;0;4237413;0;0;4649865;0;0;4148443;0;0;4820499;0;0;4427229;0;0;4372205;0;0;4644793;0;0;4573686;0;0;4600524;0;0;4372361;0;0;4159300;0;0;4482521;0;0;4380634;0;0;4513565;0;0;4247588;0;0;4599782;0;0;4721718;0;0;4499217;0;0;4261637;0;0;4402235;0;0;4467830;0;0;4498902;0;0;4641612;0;0;4357548;0;0;4502981;0;0;4399939;0;0;4413485;0;0;4615917;0;0;4627409;0;0;4902204;0;0;4303806;0
3978405;0;0;4516187;0;0;3964456;0;0;4404538;0;0;4293608;0;0;4493364;0;0;3958382;0;0;4452858;0;0;4203526;0;0;4375264;0;0;4281321;0;0;4050875;0;0;4119571;0;0;4460712;0;0;4436726;0;0;4519015;0;0;4418929;0;0;4484683;0;0;4231808;0;0;4052508;0;0;4282912;0;0;4532381;0;0;4045630;0;0;4424577;0;0;4238240;0;0;4590355;0;0;4314804;0;0;4189123;0;0;4113551;0;0;4441591;0;0;4635387;0;0;4258499;0;0;4219421;0;0;4265292;0;0;4704806;0;0;4098340;0;0;4087965;0;0;4249248;0;0;4143344;0;0;4522338;0;0;4345805;0;0;4202131;0;0;4501128;0;0;4440678;0;0;4423531;0;0;4391639;0;0;4238297;0;0;4334013;0;0;4071914;0;0;4259871;0;0;4198236;0;0;4251285;0;0;4392214;0;0;4297937;0;0;4068927;0;0;3981415;0;0;4557274;0;0;4582743;0;0;4568529;0;0;4275785;0;0;4099687;0;0;4233857;0;0;4437118;0;0;4375036;0;0;4510729;0;0;4663732;0;0;4198385;0
4596617;0;0;4841192;0;0;4523771;0;0;4790449;0;0;4520015;0;0;4889190;0;0;4622728;0;0;4818739;0;0;4547141;0;0;4792059;0;0;4553791;0;0;4453311;0;0;4361730;0;0;4803374;0;0;4961223;0;0;5045181;0;0;4854132;0;0;4711692;0;0;4578282;0;0;4442907;0;0;4735136;0;0;4816336;0;0;4520420;0;0;4795333;0;0;4588635;0;0;4923933;0;0;4643088;0;0;4437383;0;0;4255849;0;0;4731773;0;0;4957502;0;0;4569406;0;0;4432250;0;0;4499129;0;0;4959497;0;0;4548521;0;0;4612744;0;0;4673819;0;0;4442382;0;0;4868164;0;0;4670401;0;0;4444731;0;0;4824496;0;0;4695100;0;0;4818720;0;0;4628456;0;0;4402557;0;0;4805932;0;0;4313060;0;0;4825523;0;0;4685787;0;0;4551225;0;0;4972861;0;0;4562640;0;0;4591023;0;0;4361764;0;0;4855763;0;0;4879635;0;0;4789236;0;0;4491326;0;0;4418083;0;0;4537542;0;0;4357272;0;0;4876498;0;0;5013321;0;0;4956103;0;0;4395897;0
4241217;0;0;4088813;0;0;3811180;0;0;4196821;0;0;4218038;0;0;4510646;0;0;4009571;0;0;4195253;0;0;4101868;0;0;4279110;0;0;4150291;0;0;4129182;0;0;3922625;0;0;4557034;0;0;4340399;0;0;4446690;0;0;4351694;0;0;4411325;0;0;4116022;0;0;3923297;0;0;4187479;0;0;4343293;0;0;3974223;0;0;4299276;0;0;4162801;0;0;4488655;0;0;4072599;0;0;4240817;0;0;4044344;0;0;4368779;0;0;4469678;0;0;4062399;0;0;4073253;0;0;4162392;0;0;4565482;0;0;4109356;0;0;4084774;0;0;4152603;0;0;4128216;0;0;4443146;0;0;4051307;0;0;4087013;0;0;4315797;0;0;4254846;0;0;4286588;0;0;4171671;0;0;4057298;0;0;4191814;0;0;4072838;0;0;4293460;0;0;4163855;0;0;4286966;0;0;4472196;0;0;4151112;0;0;3866603;0;0;4189282;0;0;4353829;0;0;4230494;0;0;4424683;0;0;3963360;0;0;3934087;0;0;4148414;0;0;4187642;0;0;4410031;0;0;4463321;0;0;4410159;0;0;4159872;0
4669354;0;0;4892249;0;0;4446122;0;0;4678715;0;0;4722689;0;0;5030410;0;0;4572658;0;0;4981276;0;0;4787424;0;0;4816567;0;0;4683699;0;0;4571385;0;0;4611210;0;0;5014515;0;0;5015381;0;0;5005569;0;0;4894358;0;0;5014476;0;0;4729368;0;0;4579585;0;0;4673110;0;0;4635415;0;0;4428914;0;0;5023805;0;0;4953751;0;0;4967038;0;0;4773816;0;0;4552210;0;0;4466276;0;0;4960879;0;0;5238163;0;0;4829228;0;0;4624155;0;0;4495228;0;0;5113317;0;0;4416723;0;0;4560086;0;0;4992118;0;0;4469379;0;0;4961640;0;0;4778763;0;0;4745422;0;0;4758438;0;0;4887807;0;0;5130322;0;0;4594798;0;0;4547464;0;0;4645430;0;0;4611779;0;0;4847721;0;0;4698655;0;0;4895530;0;0;4991456;0;0;4827636;0;0;4318918;0;0;4585753;0;0;5223456;0;0;4951092;0;0;4942778;0;0;4465679;0;0;4792441;0;0;4839067;0;0;4769038;0;0;4940237;0;0;4992707;0;0;4996168;0;0;4764829;0
4123135;0;0;4342873;0;0;3934682;0;0;4581490;0;0;4256015;0;0;4355075;0;0;3926028;0;0;4348360;0;0;4172093;0;0;4162684;0;0;4073268;0;0;4003365;0;0;3935985;0;0;4664365;0;0;4518961;0;0;4641433;0;0;4225884;0;0;4403930;0;0;4338292;0;0;4119569;0;0;4334123;0;0;4360495;0;0;3980501;0;0;4345091;0;0;4208007;0;0;4487858;0;0;4285986;0;0;3937129;0;0;4073465;0;0;4295442;0;0;4543926;0;0;4164244;0;0;4004125;0;0;4161239;0;0;4402925;0;0;4185596;0;0;4199909;0;0;4525791;0;0;3956676;0;0;4485155;0;0;4205715;0;0;4105898;0;0;4356974;0;0;4269256;0;0;4596528;0;0;4304235;0;0;4140056;0;0;4548640;0;0;4132973;0;0;4458783;0;0;4176774;0;0;4322556;0;0;4408877;0;0;4487362;0;0;4067221;0;0;4055549;0;0;4310927;0;0;4489248;0;0;4315226;0;0;4074704;0;0;4278159;0;0;4322764;0;0;4244864;0;0;4538741;0;0;4606330;0;0;4412267;0;0;4313388;0
4281398;0;0;4440636;0;0;4031869;0;0;4402301;0;0;4235212;0;0;4574847;0;0;4237093;0;0;4339774;0;0;4372214;0;0;4662984;0;0;4204987;0;0;4295986;0;0;4096912;0;0;4668482;0;0;4580467;0;0;4416049;0;0;4598990;0;0;4451889;0;0;4165426;0;0;4241983;0;0;4390366;0;0;4328139;0;0;4190626;0;0;4451686;0;0;4411326;0;0;4634809;0;0;4340722;0;0;4325192;0;0;4126981;0;0;4521993;0;0;4566577;0;0;4340630;0;0;4233614;0;0;4052124;0;0;4493595;0;0;4304693;0;0;4431464;0;0;4311035;0;0;3866074;0;0;4406589;0;0;4322907;0;0;4062464;0;0;4477287;0;0;4431144;0;0;4475618;0;0;4320788;0;0;4249542;0;0;4454427;0;0;4302433;0;0;4609022;0;0;4028139;0;0;4339055;0;0;4548397;0;0;4462588;0;0;4081017;0;0;4127882;0;0;4667375;0;0;4446184;0;0;4564192;0;0;4325640;0;0;4274728;0;0;4218894;0;0;4211769;0;0;4292692;0;0;4561814;0;0;4610492;0;0;4162578;0
4417233;0;0;4580308;0;0;4301774;0;0;4454112;0;0;4479804;0;0;4510663;0;0;4220093;0;0;4315744;0;0;4484005;0;0;4414133;0;0;4255480;0;0;4098019;0;0;4306441;0;0;4665634;0;0;4530023;0;0;4616377;0;0;4397951;0;0;4432372;0;0;4131632;0;0;4441819;0;0;4671437;0;0;4347206;0;0;4191484;0;0;4682396;0;0;4279922;0;0;4627741;0;0;4426704;0;0;4300890;0;0;4301289;0;0;4277169;0;0;4454803;0;0;4449181;0;0;4183754;0;0;4447876;0;0;4682022;0;0;4207225;0;0;4237808;0;0;4623826;0;0;4179321;0;0;4631804;0;0;4388658;0;0;4197969;0;0;4507781;0;0;4451637;0;0;4636073;0;0;4431853;0;0;4136050;0;0;4343324;0;0;3910722;0;0;4524646;0;0;4129361;0;0;4347767;0;0;4519263;0;0;4464939;0;0;4019258;0;0;4105369;0;0;4733730;0;0;4623727;0;0;4656436;0;0;4149133;0;0;4216659;0;0;4355629;0;0;4323874;0;0;4563807;0;0;4703219;0;0;4732913;0;0;4294842;0
4928884;0;0;4901791;0;0;4568687;0;0;4910000;0;0;4721842;0;0;5120067;0;0;4912898;0;0;5123971;0;0;4995847;0;0;4913415;0;0;4590237;0;0;4658455;0;0;4547389;0;0;5255063;0;0;5185394;0;0;5198419;0;0;5031572;0;0;4955013;0;0;4744685;0;0;4754332;0;0;5093276;0;0;5085300;0;0;4550495;0;0;4978026;0;0;4557394;0;0;5264332;0;0;4858175;0;0;4856943;0;0;4697587;0;0;4892661;0;0;5137291;0;0;4857859;0;0;4544060;0;0;4734742;0;0;5176460;0;0;4827277;0;0;4738896;0;0;4834844;0;0;4636322;0;0;5128589;0;0;4994598;0;0;4791328;0;0;4925637;0;0;4964546;0;0;5108252;0;0;4898369;0;0;4658081;0;0;4810374;0;0;4601894;0;0;5063108;0;0;4555495;0;0;4756881;0;0;5170498;0;0;4866986;0;0;4583286;0;0;4663877;0;0;5065479;0;0;5019541;0;0;4983529;0;0;4799715;0;0;4837599;0;0;4785068;0;0;4881975;0;0;4887825;0;0;5325536;0;0;5141791;0;0;4652793;0
4359487;0;0;4488741;0;0;4298108;0;0;4621275;0;0;4497006;0;0;4823375;0;0;4577432;0;0;4731658;0;0;4505326;0;0;4583925;0;0;4311582;0;0;4566586;0;0;4260949;0;0;4713917;0;0;4827959;0;0;4801368;0;0;4687601;0;0;4536687;0;0;4517530;0;0;4360543;0;0;4720549;0;0;4763833;0;0;4175510;0;0;4717871;0;0;4527096;0;0;4860563;0;0;4394772;0;0;4109604;0;0;4488122;0;0;4657432;0;0;4950054;0;0;4539757;0;0;4550713;0;0;4414580;0;0;4751648;0;0;4485614;0;0;4445126;0;0;4795077;0;0;4219471;0;0;4804784;0;0;4635959;0;0;4304066;0;0;4467752;0;0;4661507;0;0;4849675;0;0;4679138;0;0;4384533;0;0;4528254;0;0;4406146;0;0;4778745;0;0;4396894;0;0;4351951;0;0;4657197;0;0;4595323;0;0;4481276;0;0;4307853;0;0;4833924;0;0;4870164;0;0;4696069;0;0;4341012;0;0;4449512;0;0;4281832;0;0;4477750;0;0;4734093;0;0;4975686;0;0;4723118;0;0;4604903;0
4203683;0;0;4559374;0;0;3959643;0;0;4471572;0;0;4362433;0;0;4575729;0;0;4192426;0;0;4425580;0;0;4293948;0;0;4426744;0;0;4302020;0;0;4227962;0;0;3948166;0;0;4635855;0;0;4367793;0;0;4612459;0;0;4337364;0;0;4484038;0;0;4066153;0;0;3984469;0;0;4430446;0;0;4528488;0;0;4040112;0;0;4483634;0;0;4332120;0;0;4728318;0;0;4048288;0;0;4151459;0;0;4028175;0;0;4355214;0;0;4702695;0;0;4314344;0;0;4046685;0;0;3928323;0;0;4598729;0;0;4270346;0;0;4193401;0;0;4363786;0;0;4052303;0;0;4573045;0;0;4190953;0;0;4095132;0;0;4408722;0;0;4320667;0;0;4682958;0;0;4257390;0;0;4119570;0;0;4452118;0;0;4335862;0;0;4530848;0;0;4268732;0;0;4382700;0;0;4596732;0;0;4298732;0;0;4112731;0;0;4208199;0;0;4459517;0;0;4497834;0;0;4550622;0;0;4278680;0;0;4322443;0;0;4304838;0;0;4389906;0;0;4209610;0;0;4790052;0;0;4626079;0;0;4123102;0
4081575;0;0;4291065;0;0;3905857;0;0;4222858;0;0;4084480;0;0;4200247;0;0;4181187;0;0;4194238;0;0;3937960;0;0;4189320;0;0;3950782;0;0;3897958;0;0;3769332;0;0;4148672;0;0;4273569;0;0;4349519;0;0;4077536;0;0;4214817;0;0;3864706;0;0;3758677;0;0;4104332;0;0;4296860;0;0;3888696;0;0;4269993;0;0;3937314;0;0;4481686;0;0;4094448;0;0;4015371;0;0;4089809;0;0;3914457;0;0;4251277;0;0;3987222;0;0;4086284;0;0;3930192;0;0;4451828;0;0;4001398;0;0;4026842;0;0;4216432;0;0;3993329;0;0;4160477;0;0;4100140;0;0;3940487;0;0;4177468;0;0;4164738;0;0;4394191;0;0;4048425;0;0;3988710;0;0;4064932;0;0;3903933;0;0;4090823;0;0;3912746;0;0;4098658;0;0;4288693;0;0;4013346;0;0;3751193;0;0;3966443;0;0;4121371;0;0;4323087;0;0;4292155;0;0;3945424;0;0;4176032;0;0;3871205;0;0;4024702;0;0;4199406;0;0;4556935;0;0;4366831;0;0;4039676;0
4256967;0;0;4369003;0;0;3904685;0;0;4231735;0;0;4326917;0;0;4445476;0;0;4328356;0;0;4283407;0;0;4129207;0;0;4252582;0;0;4134216;0;0;4005786;0;0;4099839;0;0;4434685;0;0;4324515;0;0;4637499;0;0;4414933;0;0;4208003;0;0;4197625;0;0;4119316;0;0;4304061;0;0;4462188;0;0;3755640;0;0;4457460;0;0;4121817;0;0;4466886;0;0;4209666;0;0;4064800;0;0;4139134;0;0;4426226;0;0;4491893;0;0;4245756;0;0;4143914;0;0;4110226;0;0;4683741;0;0;4277808;0;0;3962886;0;0;4551497;0;0;3900411;0;0;4591539;0;0;4277311;0;0;4256525;0;0;4246308;0;0;4342827;0;0;4522353;0;0;4263515;0;0;4010024;0;0;4187313;0;0;4102009;0;0;4635429;0;0;4276292;0;0;4247295;0;0;4511893;0;0;4434158;0;0;3970015;0;0;3918537;0;0;4565076;0;0;4547902;0;0;4732007;0;0;4017951;0;0;4211474;0;0;4330919;0;0;4249715;0;0;4275003;0;0;4361307;0;0;4628245;0;0;4182947;0
4311760;0;0;4532487;0;0;4401609;0;0;4852415;0;0;4608882;0;0;4832133;0;0;4364826;0;0;4521981;0;0;4689307;0;0;4574324;0;0;4562243;0;0;4207002;0;0;4399155;0;0;4978700;0;0;4724211;0;0;4843127;0;0;4550512;0;0;4695744;0;0;4539749;0;0;4300159;0;0;4673977;0;0;4689887;0;0;4557830;0;0;4742823;0;0;4605240;0;0;5005053;0;0;4672947;0;0;4560291;0;0;4349106;0;0;4659081;0;0;4890553;0;0;4514807;0;0;4700048;0;0;4314623;0;0;4805030;0;0;4388889;0;0;4466862;0;0;4774989;0;0;4346619;0;0;4895165;0;0;4630654;0;0;4462102;0;0;4727468;0;0;4757274;0;0;4673758;0;0;4428871;0;0;4352140;0;0;4826374;0;0;4379782;0;0;4552176;0;0;4461127;0;0;4643094;0;0;4887375;0;0;4533068;0;0;4298157;0;0;4403728;0;0;4655379;0;0;4721376;0;0;4877365;0;0;4370763;0;0;4560504;0;0;4761685;0;0;4617169;0;0;4789260;0;0;5030954;0;0;4647797;0;0;4519087;0
4785151;0;0;4982882;0;0;4684539;0;0;4940175;0;0;4982910;0;0;4983246;0;0;4681905;0;0;4992559;0;0;4817859;0;0;5024849;0;0;4777978;0;0;4688672;0;0;4490104;0;0;4997735;0;0;5269439;0;0;5226231;0;0;4923652;0;0;5071535;0;0;4759312;0;0;4646188;0;0;4930066;0;0;5076948;0;0;4562160;0;0;5135739;0;0;4744938;0;0;5368134;0;0;4673214;0;0;4714221;0;0;4561860;0;0;4974625;0;0;5467465;0;0;4810721;0;0;4862857;0;0;4755797;0;0;5259750;0;0;4661410;0;0;4796413;0;0;5234921;0;0;4632033;0;0;5114588;0;0;4827132;0;0;4758561;0;0;4929077;0;0;4988530;0;0;5212338;0;0;4865224;0;0;4880260;0;0;4943585;0;0;4770697;0;0;4936977;0;0;4822017;0;0;4893884;0;0;5060896;0;0;4992425;0;0;4667232;0;0;4715007;0;0;5045933;0;0;5174828;0;0;5223784;0;0;4667589;0;0;4712718;0;0;4811614;0;0;4848306;0;0;5158974;0;0;5328028;0;0;5088617;0;0;4697772;0
3970070;0;0;4164596;0;0;3786885;0;0;3966747;0;0;3975431;0;0;4257349;0;0;4051467;0;0;4148429;0;0;3876404;0;0;3963161;0;0;4162952;0;0;3833925;0;0;3839652;0;0;4350528;0;0;4280775;0;0;4257841;0;0;4129657;0;0;4158244;0;0;4149666;0;0;3965946;0;0;4205422;0;0;3967038;0;0;3903219;0;0;4182118;0;0;4048786;0;0;4292480;0;0;3852890;0;0;3980694;0;0;3911993;0;0;3868336;0;0;4330497;0;0;3973998;0;0;4012126;0;0;3738434;0;0;4260826;0;0;3904086;0;0;3991754;0;0;4354144;0;0;3780688;0;0;4478775;0;0;3966708;0;0;4094455;0;0;4089498;0;0;4059711;0;0;4374579;0;0;4043787;0;0;4107288;0;0;4058864;0;0;3907003;0;0;4384584;0;0;3754243;0;0;4093394;0;0;4262421;0;0;4170008;0;0;3634441;0;0;3967312;0;0;4345051;0;0;4335588;0;0;4056535;0;0;3886789;0;0;3974184;0;0;3861189;0;0;4186273;0;0;4265226;0;0;4350770;0;0;4436952;0;0;4002550;0
4232218;0;0;4469771;0;0;4193420;0;0;4409895;0;0;4421690;0;0;4634244;0;0;4273917;0;0;4397641;0;0;4218122;0;0;4268792;0;0;4496090;0;0;4010005;0;0;3960892;0;0;4535473;0;0;4630318;0;0;4529331;0;0;4505489;0;0;4475989;0;0;4468159;0;0;4058701;0;0;4612539;0;0;4198618;0;0;3867069;0;0;4427449;0;0;4073084;0;0;4481445;0;0;4507723;0;0;4117588;0;0;3964837;0;0;4529589;0;0;4371197;0;0;4175747;0;0;4308281;0;0;4184670;0;0;4537220;0;0;4318603;0;0;4067140;0;0;4266652;0;0;4187444;0;0;4725767;0;0;4434472;0;0;4207663;0;0;4223359;0;0;4124956;0;0;4477415;0;0;4125602;0;0;3987651;0;0;4383148;0;0;3928090;0;0;4324640;0;0;4287867;0;0;4196876;0;0;4444624;0;0;4316082;0;0;3751066;0;0;4189044;0;0;4469910;0;0;4481057;0;0;4565276;0;0;4233717;0;0;4092593;0;0;4237708;0;0;4272547;0;0;4697516;0;0;4582836;0;0;4511601;0;0;4160311;0
4692919;0;0;4892083;0;0;4437255;0;0;4756725;0;0;4655677;0;0;4985724;0;0;4609589;0;0;4791968;0;0;4737083;0;0;4824932;0;0;4532602;0;0;4572020;0;0;4419418;0;0;5064383;0;0;4927230;0;0;4874409;0;0;4839593;0;0;4687142;0;0;4565483;0;0;4429464;0;0;4883194;0;0;4792677;0;0;4522024;0;0;4985107;0;0;4587382;0;0;5088996;0;0;4600562;0;0;4746594;0;0;4502920;0;0;4731002;0;0;4970479;0;0;4773598;0;0;4505801;0;0;4584392;0;0;4993188;0;0;4554916;0;0;4568707;0;0;4831343;0;0;4600635;0;0;4885047;0;0;4571579;0;0;4456217;0;0;4644919;0;0;4712170;0;0;4968072;0;0;4524741;0;0;4609112;0;0;4617117;0;0;4484723;0;0;4764552;0;0;4425715;0;0;4780151;0;0;4876745;0;0;4812177;0;0;4325280;0;0;4701783;0;0;5112622;0;0;5081808;0;0;5029375;0;0;4579025;0;0;4516498;0;0;4654812;0;0;4625255;0;0;4793235;0;0;5058703;0;0;4969657;0;0;4630864;0
4692870;0;0;4778787;0;0;4518045;0;0;4834762;0;0;4865591;0;0;5076080;0;0;4673343;0;0;4901760;0;0;4914612;0;0;4750024;0;0;4641723;0;0;4348933;0;0;4504809;0;0;4879032;0;0;5053224;0;0;5091283;0;0;4715616;0;0;5034786;0;0;4828253;0;0;4361449;0;0;4993958;0;0;4980302;0;0;4493126;0;0;4889612;0;0;4608527;0;0;4934345;0;0;4681769;0;0;4673553;0;0;4519621;0;0;4811847;0;0;4966244;0;0;4731080;0;0;4450267;0;0;4620138;0;0;5225761;0;0;4523234;0;0;4763862;0;0;4924505;0;0;4435948;0;0;5193608;0;0;4686185;0;0;4646319;0;0;4794366;0;0;4748366;0;0;4971751;0;0;4829886;0;0;4666390;0;0;4947338;0;0;4625810;0;0;4870683;0;0;4719926;0;0;4901007;0;0;5001903;0;0;4955470;0;0;4428436;0;0;4431869;0;0;4816226;0;0;5054095;0;0;4914447;0;0;4689235;0;0;4598863;0;0;4856677;0;0;4783978;0;0;4973019;0;0;5114010;0;0;5244720;0;0;4575613;0
4037863;0;0;4270960;0;0;3944762;0;0;4122167;0;0;4084967;0;0;4346539;0;0;3919215;0;0;4196037;0;0;4207400;0;0;3980186;0;0;4184206;0;0;4191500;0;0;3766722;0;0;4163350;0;0;4392613;0;0;4504163;0;0;4176423;0;0;4345180;0;0;4118160;0;0;3957490;0;0;4410253;0;0;4181518;0;0;3776773;0;0;4378390;0;0;4097411;0;0;4474176;0;0;4242619;0;0;4177562;0;0;3892629;0;0;4084461;0;0;4468121;0;0;4038377;0;0;3956233;0;0;4021409;0;0;4534021;0;0;3935961;0;0;4093248;0;0;4208011;0;0;3908080;0;0;4383531;0;0;4105501;0;0;4039195;0;0;4107939;0;0;4226091;0;0;4541018;0;0;4281673;0;0;3966892;0;0;4073847;0;0;4101110;0;0;4283755;0;0;4034646;0;0;4168290;0;0;4385252;0;0;4101884;0;0;4075507;0;0;3877208;0;0;4195863;0;0;4322242;0;0;4420148;0;0;4032485;0;0;4039406;0;0;4129943;0;0;4132776;0;0;4082334;0;0;4158880;0;0;4439826;0;0;4058523;0
4582861;0;0;4653712;0;0;4177998;0;0;4604446;0;0;4632944;0;0;4870411;0;0;4365592;0;0;4750195;0;0;4695203;0;0;4667863;0;0;4703181;0;0;4266683;0;0;4259186;0;0;4946985;0;0;4910396;0;0;4917027;0;0;4765135;0;0;4809601;0;0;4677990;0;0;4289689;0;0;4664579;0;0;4767462;0;0;4299350;0;0;4627994;0;0;4566946;0;0;4895142;0;0;4677616;0;0;4493655;0;0;4420236;0;0;4710289;0;0;4906300;0;0;4595870;0;0;4667723;0;0;4543351;0;0;4816162;0;0;4531085;0;0;4436264;0;0;4707825;0;0;4506874;0;0;4863997;0;0;4705573;0;0;4426112;0;0;4582193;0;0;4722257;0;0;4769002;0;0;4720604;0;0;4590568;0;0;4581226;0;0;4446934;0;0;4807282;0;0;4557424;0;0;4520256;0;0;4883278;0;0;4718485;0;0;4366455;0;0;4398607;0;0;4884920;0;0;4524501;0;0;4963332;0;0;4576167;0;0;4253208;0;0;4405239;0;0;4512699;0;0;4720790;0;0;5037449;0;0;5085757;0;0;4633549;0
4423660;0;0;4519747;0;0;4156575;0;0;4682255;0;0;4529067;0;0;4848079;0;0;4486509;0;0;4641026;0;0;4508724;0;0;4663079;0;0;4619659;0;0;4495692;0;0;4325989;0;0;4787389;0;0;4853695;0;0;4799211;0;0;4677301;0;0;4816043;0;0;4375010;0;0;4172849;0;0;4695657;0;0;4812716;0;0;4448513;0;0;4615720;0;0;4496538;0;0;5189531;0;0;4616965;0;0;4364208;0;0;4448836;0;0;4695304;0;0;4990863;0;0;4404088;0;0;4492369;0;0;4591753;0;0;4915910;0;0;4519926;0;0;4468104;0;0;4804334;0;0;4339931;0;0;4745253;0;0;4420464;0;0;4176861;0;0;4668869;0;0;4785718;0;0;4715241;0;0;4551743;0;0;4361512;0;0;4400456;0;0;4500843;0;0;4772249;0;0;4531472;0;0;4666546;0;0;4878102;0;0;4692248;0;0;4444498;0;0;4459790;0;0;4903812;0;0;4648406;0;0;4821182;0;0;4480967;0;0;4459815;0;0;4513263;0;0;4503984;0;0;4710605;0;0;4731672;0;0;4726120;0;0;4456464;0
4520240;0;0;4612136;0;0;4221187;0;0;4570777;0;0;4713761;0;0;4856223;0;0;4647197;0;0;4868763;0;0;4446706;0;0;4660220;0;0;4464900;0;0;4436900;0;0;4183756;0;0;5037682;0;0;4987528;0;0;4921356;0;0;4807050;0;0;4792263;0;0;4576881;0;0;4223829;0;0;4915136;0;0;4661100;0;0;4326845;0;0;4631172;0;0;4503631;0;0;4880658;0;0;4613400;0;0;4528399;0;0;4278486;0;0;4670075;0;0;4761266;0;0;4444670;0;0;4227380;0;0;4441432;0;0;5005711;0;0;4633653;0;0;4328843;0;0;4755765;0;0;4327516;0;0;4956698;0;0;4652665;0;0;4443455;0;0;4583466;0;0;4569683;0;0;4919219;0;0;4759758;0;0;4352827;0;0;4785545;0;0;4288026;0;0;4632837;0;0;4539763;0;0;4674714;0;0;4798101;0;0;4684601;0;0;4163080;0;0;4401663;0;0;4982816;0;0;4856575;0;0;4927125;0;0;4494399;0;0;4644881;0;0;4697693;0;0;4624998;0;0;4760200;0;0;5073096;0;0;4929982;0;0;4448015;0
4298806;0;0;4597789;0;0;4091444;0;0;4572471;0;0;4509449;0;0;4572017;0;0;4186009;0;0;4562170;0;0;4532814;0;0;4605609;0;0;4399604;0;0;4339034;0;0;4102163;0;0;4706882;0;0;4843461;0;0;4521073;0;0;4384423;0;0;4449798;0;0;4270237;0;0;4272535;0;0;4621139;0;0;4785616;0;0;4188800;0;0;4713391;0;0;4433574;0;0;4652223;0;0;4394874;0;0;4371217;0;0;4224767;0;0;4494141;0;0;4837064;0;0;4310200;0;0;4587215;0;0;4529551;0;0;4838468;0;0;4408065;0;0;4469423;0;0;4576240;0;0;4240890;0;0;4693985;0;0;4403211;0;0;4183784;0;0;4515358;0;0;4473787;0;0;4564274;0;0;4602007;0;0;4209652;0;0;4486308;0;0;4142260;0;0;4494518;0;0;4372435;0;0;4663745;0;0;4630095;0;0;4578941;0;0;4200282;0;0;4169714;0;0;4647150;0;0;4685434;0;0;4618801;0;0;4324082;0;0;4271331;0;0;4418810;0;0;4505283;0;0;4740798;0;0;4759165;0;0;4490477;0;0;4439554;0
4611884;0;0;4887345;0;0;4314542;0;0;4852565;0;0;4629481;0;0;4848013;0;0;4537608;0;0;4799009;0;0;4500721;0;0;4802479;0;0;4690952;0;0;4480810;0;0;4242554;0;0;5039271;0;0;5034356;0;0;5097855;0;0;4749967;0;0;4968208;0;0;4414039;0;0;4419701;0;0;4768849;0;0;4887074;0;0;4318520;0;0;4686476;0;0;4766234;0;0;4990366;0;0;4510920;0;0;4493238;0;0;4537077;0;0;4732457;0;0;5095027;0;0;4890238;0;0;4604646;0;0;4430977;0;0;4844201;0;0;4522670;0;0;4618302;0;0;4805790;0;0;4451605;0;0;4996160;0;0;4605379;0;0;4605126;0;0;4797951;0;0;4736828;0;0;5141262;0;0;4654191;0;0;4558985;0;0;4766731;0;0;4423894;0;0;4814467;0;0;4767921;0;0;4789977;0;0;4998603;0;0;4987352;0;0;4605624;0;0;4569620;0;0;5048166;0;0;5042319;0;0;4763234;0;0;4512005;0;0;4665961;0;0;4709959;0;0;4590277;0;0;4897762;0;0;5018374;0;0;4875459;0;0;4586647;0
4131916;0;0;4279255;0;0;3715194;0;0;4256056;0;0;3815899;0;0;4232792;0;0;4158941;0;0;4438350;0;0;4397209;0;0;4203702;0;0;4213036;0;0;3934208;0;0;4181876;0;0;4404046;0;0;4669539;0;0;4570480;0;0;4413498;0;0;4460759;0;0;4030284;0;0;4118971;0;0;4371544;0;0;4419940;0;0;3977773;0;0;4325281;0;0;4326686;0;0;4422585;0;0;4152081;0;0;4154108;0;0;4062656;0;0;4240490;0;0;4359095;0;0;4215383;0;0;4056121;0;0;3974442;0;0;4530025;0;0;4119590;0;0;4158276;0;0;4285397;0;0;3880477;0;0;4482066;0;0;4100188;0;0;4102368;0;0;4250918;0;0;4225383;0;0;4528825;0;0;4073774;0;0;4203236;0;0;4057470;0;0;4036123;0;0;4363608;0;0;4194756;0;0;4375212;0;0;4412297;0;0;4526160;0;0;4007376;0;0;4094216;0;0;4530263;0;0;4302711;0;0;4172861;0;0;3896445;0;0;4201820;0;0;4174720;0;0;4292264;0;0;4229510;0;0;4534521;0;0;4301433;0;0;4282612;0
4330774;0;0;4444047;0;0;4045330;0;0;4286567;0;0;4363213;0;0;4646959;0;0;4311490;0;0;4355960;0;0;4308694;0;0;4387264;0;0;4298658;0;0;4455061;0;0;4168317;0;0;4680353;0;0;4704101;0;0;4616282;0;0;4429661;0;0;4407117;0;0;4229564;0;0;4177650;0;0;4513143;0;0;4529735;0;0;4083179;0;0;4711132;0;0;4213939;0;0;4623924;0;0;4208323;0;0;4241248;0;0;4162197;0;0;4396584;0;0;4554913;0;0;4377957;0;0;4332788;0;0;4390240;0;0;4800672;0;0;4374691;0;0;4223684;0;0;4410942;0;0;4006039;0;0;4754661;0;0;4308156;0;0;4356419;0;0;4420804;0;0;4441014;0;0;4680979;0;0;4448518;0;0;4114657;0;0;4487237;0;0;4073902;0;0;4645140;0;0;4176608;0;0;4256293;0;0;4576564;0;0;4533320;0;0;4140911;0;0;4025675;0;0;4729272;0;0;4612430;0;0;4654826;0;0;4129712;0;0;4250279;0;0;4217846;0;0;4434740;0;0;4490726;0;0;4655877;0;0;4703071;0;0;4221968;0
4754805;0;0;4959135;0;0;4623346;0;0;5058985;0;0;4725990;0;0;5151564;0;0;4928015;0;0;4843542;0;0;4898582;0;0;4899247;0;0;4829211;0;0;4664032;0;0;4762542;0;0;5031232;0;0;5160408;0;0;5088372;0;0;5034182;0;0;5141790;0;0;4622198;0;0;4536972;0;0;5025116;0;0;5051675;0;0;4697703;0;0;5098156;0;0;4877059;0;0;5441637;0;0;4828693;0;0;4793414;0;0;4641182;0;0;4876786;0;0;5246948;0;0;4952188;0;0;4784332;0;0;4753157;0;0;5331661;0;0;4913453;0;0;4736854;0;0;5027938;0;0;4676269;0;0;5026735;0;0;4759334;0;0;4912537;0;0;4768208;0;0;4994375;0;0;5048568;0;0;4925914;0;0;4602775;0;0;4771312;0;0;4672528;0;0;5040413;0;0;4781633;0;0;5076579;0;0;5239946;0;0;5085325;0;0;4704476;0;0;4645503;0;0;5165294;0;0;5099602;0;0;5281345;0;0;4787608;0;0;4641534;0;0;4927424;0;0;4964255;0;0;4903736;0;0;5013361;0;0;5215340;0;0;5013585;0
4320423;0;0;4376413;0;0;4309635;0;0;4607849;0;0;4244135;0;0;4789732;0;0;4421827;0;0;4593502;0;0;4405567;0;0;4577043;0;0;4487471;0;0;4415763;0;0;4289542;0;0;4793428;0;0;4665455;0;0;4940628;0;0;4474375;0;0;4449129;0;0;4207059;0;0;4275732;0;0;4604638;0;0;4602158;0;0;4404887;0;0;4467156;0;0;4399560;0;0;4872689;0;0;4353907;0;0;4289508;0;0;4320464;0;0;4484144;0;0;4579027;0;0;4349670;0;0;4286894;0;0;4424465;0;0;4985074;0;0;4436776;0;0;4424991;0;0;4639833;0;0;4272006;0;0;4863332;0;0;4461566;0;0;4264577;0;0;4619661;0;0;4566956;0;0;4658473;0;0;4568090;0;0;4437382;0;0;4537764;0;0;4420096;0;0;4659286;0;0;4294140;0;0;4483167;0;0;4808913;0;0;4729488;0;0;4265252;0;0;4247994;0;0;4499563;0;0;4746346;0;0;4851186;0;0;4283059;0;0;4532700;0;0;4416032;0;0;4358920;0;0;4584913;0;0;4816001;0;0;4992511;0;0;4506680;0
4456941;0;0;4649996;0;0;4084248;0;0;4490644;0;0;4370028;0;0;4689575;0;0;4199034;0;0;4554267;0;0;4173188;0;0;4515824;0;0;4388708;0;0;4131532;0;0;4093569;0;0;4724140;0;0;4624501;0;0;4561849;0;0;4430613;0;0;4552212;0;0;4286615;0;0;4151199;0;0;4774771;0;0;4635272;0;0;4092985;0;0;4501306;0;0;4249472;0;0;4780578;0;0;4382172;0;0;4317916;0;0;4217858;0;0;4283155;0;0;4758600;0;0;4543152;0;0;4227350;0;0;4203504;0;0;4572760;0;0;4298872;0;0;4299075;0;0;4460185;0;0;4325428;0;0;4568531;0;0;4557897;0;0;4272423;0;0;4543787;0;0;4493382;0;0;4615373;0;0;4621969;0;0;4232862;0;0;4454540;0;0;4310904;0;0;4691824;0;0;4191650;0;0;4316658;0;0;4646187;0;0;4556630;0;0;4025450;0;0;3878895;0;0;4586541;0;0;4642479;0;0;4574377;0;0;4219619;0;0;4340746;0;0;4316776;0;0;4281221;0;0;4437227;0;0;4599625;0;0;4748485;0;0;4338188;0
4210544;0;0;4275934;0;0;3979639;0;0;4322750;0;0;4177973;0;0;4471233;0;0;4126782;0;0;4419015;0;0;4290563;0;0;4234577;0;0;4077799;0;0;4058282;0;0;4013179;0;0;4407889;0;0;4580270;0;0;4596955;0;0;4430239;0;0;4403786;0;0;4140415;0;0;3941740;0;0;4352443;0;0;4379548;0;0;4015500;0;0;4576439;0;0;4267282;0;0;4538984;0;0;4218967;0;0;4222475;0;0;4035689;0;0;4300644;0;0;4570401;0;0;4176290;0;0;4129928;0;0;4047927;0;0;4562653;0;0;4369813;0;0;4122207;0;0;4462873;0;0;4170989;0;0;4408372;0;0;4227681;0;0;4168452;0;0;4275834;0;0;4383023;0;0;4357381;0;0;4292211;0;0;4209316;0;0;4236233;0;0;4118813;0;0;4233608;0;0;4117254;0;0;4141827;0;0;4692425;0;0;4320006;0;0;4180913;0;0;4094740;0;0;4497373;0;0;4501392;0;0;4494529;0;0;3978365;0;0;4097020;0;0;4121496;0;0;4292224;0;0;4373028;0;0;4712337;0;0;4221740;0;0;3974408;0
3781416;0;0;4014813;0;0;3806719;0;0;4099167;0;0;3932643;0;0;4196926;0;0;3982636;0;0;4397531;0;0;4082511;0;0;4139844;0;0;3971533;0;0;3864931;0;0;4028226;0;0;4160008;0;0;4440438;0;0;4532684;0;0;4144599;0;0;4222111;0;0;4131699;0;0;3726398;0;0;4209621;0;0;4123802;0;0;3851333;0;0;4192239;0;0;4097956;0;0;4399625;0;0;4100869;0;0;3920801;0;0;4010345;0;0;4311455;0;0;4560828;0;0;3905401;0;0;3920925;0;0;4042937;0;0;4340249;0;0;4234843;0;0;3910134;0;0;4190496;0;0;3943526;0;0;4552251;0;0;3944717;0;0;4000611;0;0;4254165;0;0;4260999;0;0;4315771;0;0;4119298;0;0;3858124;0;0;4263495;0;0;3800070;0;0;4221608;0;0;4072339;0;0;4148772;0;0;4424074;0;0;4192603;0;0;3979997;0;0;3765818;0;0;4432946;0;0;4262325;0;0;4161722;0;0;3865587;0;0;3975604;0;0;4298996;0;0;4085493;0;0;4194245;0;0;4241486;0;0;4335267;0;0;4026788;0
4535513;0;0;4620910;0;0;4230741;0;0;4452863;0;0;4382987;0;0;4694528;0;0;4410018;0;0;4520672;0;0;4553032;0;0;4515034;0;0;4405402;0;0;4348830;0;0;4320494;0;0;4776633;0;0;4924129;0;0;4855511;0;0;4655852;0;0;4785409;0;0;4291587;0;0;4251480;0;0;4600076;0;0;4484562;0;0;4254172;0;0;4726650;0;0;4444056;0;0;4962657;0;0;4607579;0;0;4359232;0;0;4320486;0;0;4505025;0;0;4785111;0;0;4675367;0;0;4449923;0;0;4229498;0;0;4859576;0;0;4390702;0;0;4624671;0;0;4630756;0;0;4248992;0;0;4603825;0;0;4485315;0;0;4335288;0;0;4514845;0;0;4512271;0;0;4709211;0;0;4451529;0;0;4391646;0;0;4569226;0;0;4230214;0;0;4706315;0;0;4337362;0;0;4477372;0;0;4698215;0;0;4647569;0;0;4298608;0;0;4254288;0;0;4797509;0;0;4761722;0;0;4711402;0;0;4372635;0;0;4512772;0;0;4652131;0;0;4526076;0;0;4636500;0;0;4825825;0;0;4712101;0;0;4222751;0
4256050;0;0;4572663;0;0;4184228;0;0;4500215;0;0;4409912;0;0;4587182;0;0;4239412;0;0;4630236;0;0;4444570;0;0;4545117;0;0;4678215;0;0;4360828;0;0;4304318;0;0;4721344;0;0;4801577;0;0;4806849;0;0;4513712;0;0;4774686;0;0;4317987;0;0;4227294;0;0;4606251;0;0;4334726;0;0;4488124;0;0;4945993;0;0;4650853;0;0;4850470;0;0;4491526;0;0;4513814;0;0;4213650;0;0;4704920;0;0;4856778;0;0;4547155;0;0;4474554;0;0;4377569;0;0;4839949;0;0;4425840;0;0;4655529;0;0;4562873;0;0;4215063;0;0;4776124;0;0;4525894;0;0;4231576;0;0;4694691;0;0;4369745;0;0;4771197;0;0;4190100;0;0;4389969;0;0;4407545;0;0;4163264;0;0;4690190;0;0;4399323;0;0;4412356;0;0;4637571;0;0;4379415;0;0;4184149;0;0;4350605;0;0;4663378;0;0;4664454;0;0;4877112;0;0;4157354;0;0;4346017;0;0;4539519;0;0;4785254;0;0;4572137;0;0;4885559;0;0;4607747;0;0;4378447;0
4247683;0;0;4213907;0;0;4087866;0;0;4177805;0;0;4194194;0;0;4322886;0;0;4089402;0;0;4274473;0;0;4292289;0;0;4189024;0;0;4132518;0;0;3985134;0;0;4051144;0;0;4658898;0;0;4451810;0;0;4642440;0;0;4353982;0;0;4416480;0;0;4157415;0;0;4127580;0;0;4441170;0;0;4316566;0;0;4107252;0;0;4585665;0;0;4400938;0;0;4584851;0;0;4209293;0;0;4342054;0;0;4059740;0;0;4205993;0;0;4568079;0;0;4253960;0;0;4192320;0;0;4373604;0;0;4459217;0;0;4147925;0;0;4293121;0;0;4322223;0;0;4175376;0;0;4312504;0;0;4275221;0;0;4345644;0;0;4488468;0;0;4227572;0;0;4485988;0;0;4255765;0;0;4132776;0;0;4340999;0;0;4073899;0;0;4269733;0;0;4228953;0;0;4182104;0;0;4479198;0;0;4213266;0;0;4012269;0;0;3882081;0;0;4351627;0;0;4487453;0;0;4482878;0;0;4098873;0;0;4164407;0;0;4214164;0;0;4395120;0;0;4524963;0;0;4732772;0;0;4640494;0;0;4246797;0
4149048;0;0;4409769;0;0;3844683;0;0;4248807;0;0;4329441;0;0;4364718;0;0;3960323;0;0;4627868;0;0;4123934;0;0;4221777;0;0;4239326;0;0;4186162;0;0;4038019;0;0;4536520;0;0;4525769;0;0;4579173;0;0;4515172;0;0;4520782;0;0;4378735;0;0;4134441;0;0;4386248;0;0;4301305;0;0;3933534;0;0;4527504;0;0;4275558;0;0;4745789;0;0;4351870;0;0;4137573;0;0;4313797;0;0;4462857;0;0;4623518;0;0;4232304;0;0;4272620;0;0;4093664;0;0;4537130;0;0;3997581;0;0;4278513;0;0;4343909;0;0;4128208;0;0;4575436;0;0;4355206;0;0;4302702;0;0;4318593;0;0;4203025;0;0;4442364;0;0;4194314;0;0;4149157;0;0;4175538;0;0;4189985;0;0;4432565;0;0;4195972;0;0;4256791;0;0;4668392;0;0;4274623;0;0;4078100;0;0;4242589;0;0;4554158;0;0;4613901;0;0;4349681;0;0;4242429;0;0;4276576;0;0;4227039;0;0;4326362;0;0;4587800;0;0;4586732;0;0;4591306;0;0;4273249;0
4505395;0;0;4419060;0;0;4315228;0;0;4122670;0;0;4374481;0;0;4731899;0;0;4279227;0;0;4472768;0;0;4437195;0;0;4433584;0;0;4345370;0;0;4127088;0;0;4281788;0;0;4603189;0;0;4533452;0;0;4598198;0;0;4439454;0;0;4531390;0;0;4217947;0;0;4269129;0;0;4552602;0;0;4426234;0;0;4200093;0;0;4664877;0;0;4473689;0;0;4630682;0;0;4399077;0;0;4168975;0;0;4224966;0;0;4367451;0;0;4730983;0;0;4422305;0;0;4318273;0;0;4279411;0;0;4709441;0;0;4161598;0;0;4360502;0;0;4554505;0;0;3893700;0;0;4658696;0;0;4344754;0;0;4352649;0;0;4512635;0;0;4390971;0;0;4575505;0;0;4416990;0;0;4179660;0;0;4384568;0;0;4226185;0;0;4441527;0;0;4331968;0;0;4274967;0;0;4524337;0;0;4582700;0;0;4121292;0;0;4322233;0;0;4552132;0;0;4683654;0;0;4741525;0;0;4223391;0;0;4224774;0;0;4313437;0;0;4305466;0;0;4550558;0;0;4557094;0;0;4701506;0;0;4218462;0
4344644;0;0;4503158;0;0;4067383;0;0;4416322;0;0;4274813;0;0;4731585;0;0;4504013;0;0;4475081;0;0;4401533;0;0;4593088;0;0;4160465;0;0;4323085;0;0;4213593;0;0;4769926;0;0;4760860;0;0;4741990;0;0;4678095;0;0;4439573;0;0;4376809;0;0;4355379;0;0;4560510;0;0;4395584;0;0;4126823;0;0;4650792;0;0;4480365;0;0;4925009;0;0;4431002;0;0;4401436;0;0;4338867;0;0;4373490;0;0;4665728;0;0;4379720;0;0;4388830;0;0;4215404;0;0;4696538;0;0;4313514;0;0;4322468;0;0;4441877;0;0;4124909;0;0;4641531;0;0;4420034;0;0;4322146;0;0;4444691;0;0;4652872;0;0;4706526;0;0;4385918;0;0;4371246;0;0;4419302;0;0;4233139;0;0;4493468;0;0;4289409;0;0;4440144;0;0;4627470;0;0;4636665;0;0;4233126;0;0;4297416;0;0;4638724;0;0;4629441;0;0;4457999;0;0;4337497;0;0;4182118;0;0;4329200;0;0;4381798;0;0;4554581;0;0;4838261;0;0;4353369;0;0;4385241;0
4310888;0;0;4438152;0;0;4413760;0;0;4754470;0;0;4711737;0;0;4689109;0;0;4450941;0;0;4721694;0;0;4624943;0;0;4776667;0;0;4527578;0;0;4444751;0;0;4359792;0;0;4911749;0;0;4891373;0;0;4868351;0;0;4698931;0;0;4629111;0;0;4322229;0;0;4208562;0;0;4736222;0;0;4680926;0;0;4279877;0;0;4630158;0;0;4508115;0;0;4803508;0;0;4530958;0;0;4508266;0;0;4339145;0;0;4313667;0;0;4826236;0;0;4515052;0;0;4369835;0;0;4596708;0;0;4926524;0;0;4590008;0;0;4470355;0;0;4598109;0;0;4489349;0;0;4946046;0;0;4677618;0;0;4285837;0;0;4547091;0;0;4705404;0;0;4755792;0;0;4572293;0;0;4296365;0;0;4510632;0;0;4343863;0;0;4780027;0;0;4176557;0;0;4622370;0;0;4669992;0;0;4588810;0;0;4171436;0;0;4154210;0;0;4834775;0;0;4787172;0;0;4853495;0;0;4298584;0;0;4303526;0;0;4594677;0;0;4527499;0;0;4659936;0;0;4831721;0;0;4748843;0;0;4379526;0
4542923;0;0;4709483;0;0;4274427;0;0;4401542;0;0;4560003;0;0;4833138;0;0;4292392;0;0;4649856;0;0;4435116;0;0;4569832;0;0;4679067;0;0;4582289;0;0;4291247;0;0;4853935;0;0;4926429;0;0;5034061;0;0;4595737;0;0;4634614;0;0;4449586;0;0;4123818;0;0;4726347;0;0;4860128;0;0;4274699;0;0;4926191;0;0;4488175;0;0;4660528;0;0;4523237;0;0;4455608;0;0;4146700;0;0;4586049;0;0;4906174;0;0;4470305;0;0;4373137;0;0;4394022;0;0;4914457;0;0;4447279;0;0;4463289;0;0;4755424;0;0;4495505;0;0;4976229;0;0;4590772;0;0;4478372;0;0;4698375;0;0;4534570;0;0;4692864;0;0;4505189;0;0;4453848;0;0;4583053;0;0;4468344;0;0;4758168;0;0;4528338;0;0;4655912;0;0;4920737;0;0;4883316;0;0;4157033;0;0;4456495;0;0;4742185;0;0;4821482;0;0;4777608;0;0;4498447;0;0;4520521;0;0;4535096;0;0;4527847;0;0;4859904;0;0;4899662;0;0;4820508;0;0;4647266;0
4286309;0;0;4465392;0;0;4117986;0;0;4385277;0;0;4259212;0;0;4618661;0;0;4113279;0;0;4401474;0;0;4297524;0;0;4443288;0;0;4241798;0;0;4219474;0;0;4266541;0;0;4738575;0;0;4626700;0;0;4685567;0;0;4474050;0;0;4533306;0;0;4568582;0;0;4107881;0;0;4764179;0;0;4491236;0;0;4296026;0;0;4356177;0;0;4354856;0;0;4762367;0;0;4270778;0;0;4272009;0;0;4268915;0;0;4501203;0;0;4873165;0;0;4565842;0;0;4263104;0;0;4249887;0;0;4782785;0;0;4359140;0;0;4210979;0;0;4544000;0;0;4147436;0;0;4743065;0;0;4336136;0;0;4257150;0;0;4468260;0;0;4407644;0;0;4440744;0;0;4266725;0;0;4299990;0;0;4544997;0;0;4258789;0;0;4414886;0;0;4408528;0;0;4312839;0;0;4660337;0;0;4538824;0;0;4096669;0;0;4303461;0;0;4647242;0;0;4635385;0;0;4473616;0;0;4238241;0;0;4424792;0;0;4431071;0;0;4232561;0;0;4594391;0;0;4742798;0;0;4632847;0;0;4153655;0
4141689;0;0;4310756;0;0;4164242;0;0;4514033;0;0;4103497;0;0;4447944;0;0;4034915;0;0;4328022;0;0;4383037;0;0;4170014;0;0;3994164;0;0;4119358;0;0;4137202;0;0;4563435;0;0;4394108;0;0;4539589;0;0;4359893;0;0;4401561;0;0;4302979;0;0;4080714;0;0;4479567;0;0;4374347;0;0;4020110;0;0;4361976;0;0;4105422;0;0;4541016;0;0;4422078;0;0;4269566;0;0;3985481;0;0;4241014;0;0;4454135;0;0;4248523;0;0;3960281;0;0;4035857;0;0;4294813;0;0;4228275;0;0;4222200;0;0;4314938;0;0;3997644;0;0;4568778;0;0;4268334;0;0;4408321;0;0;4204417;0;0;4256871;0;0;4409557;0;0;4233704;0;0;3992610;0;0;4274054;0;0;4137363;0;0;4422465;0;0;3964409;0;0;4347591;0;0;4567685;0;0;4332507;0;0;3849875;0;0;4085411;0;0;4218380;0;0;4535472;0;0;4458526;0;0;4199539;0;0;4353085;0;0;4230852;0;0;4301426;0;0;4415956;0;0;4482562;0;0;4632851;0;0;4238778;0
4335300;0;0;4474151;0;0;4378753;0;0;4416835;0;0;4556747;0;0;4746980;0;0;4393865;0;0;4437473;0;0;4420437;0;0;4685065;0;0;4419669;0;0;4239138;0;0;4280747;0;0;4743561;0;0;4744179;0;0;4677133;0;0;4535008;0;0;4482902;0;0;4426523;0;0;4056108;0;0;4544161;0;0;4389286;0;0;4090993;0;0;4555171;0;0;4431637;0;0;4734126;0;0;4409509;0;0;4263874;0;0;4013308;0;0;4544536;0;0;4620260;0;0;4297621;0;0;4369541;0;0;4348908;0;0;4833190;0;0;4299575;0;0;4204857;0;0;4427678;0;0;4326680;0;0;4642294;0;0;4596153;0;0;4413722;0;0;4481237;0;0;4389891;0;0;4601873;0;0;4204364;0;0;4244902;0;0;4440401;0;0;4095129;0;0;4606852;0;0;4366849;0;0;4449990;0;0;4801607;0;0;4475021;0;0;4218502;0;0;4144339;0;0;4540568;0;0;4718539;0;0;4618175;0;0;4206927;0;0;4187842;0;0;4429427;0;0;4562048;0;0;4498550;0;0;4592667;0;0;4813137;0;0;4261590;0
4249735;0;0;4386997;0;0;4155559;0;0;4358310;0;0;4240322;0;0;4542917;0;0;4212052;0;0;4364734;0;0;4303303;0;0;4438444;0;0;4077132;0;0;4064138;0;0;4069537;0;0;4709968;0;0;4550756;0;0;4518614;0;0;4464864;0;0;4261134;0;0;4196974;0;0;4099936;0;0;4446974;0;0;4454999;0;0;3907107;0;0;4348011;0;0;4372893;0;0;4386563;0;0;4283128;0;0;4304243;0;0;4097009;0;0;4423864;0;0;4671924;0;0;4232049;0;0;4139302;0;0;4013885;0;0;4611032;0;0;4154224;0;0;4165194;0;0;4396049;0;0;4259155;0;0;4516465;0;0;4427140;0;0;4163621;0;0;4442531;0;0;4267260;0;0;4588129;0;0;4229924;0;0;4188939;0;0;4221662;0;0;4017025;0;0;4508209;0;0;4297336;0;0;4297325;0;0;4620557;0;0;4395374;0;0;4153013;0;0;4152782;0;0;4599839;0;0;4474345;0;0;4398930;0;0;4295651;0;0;4244339;0;0;4405739;0;0;4259910;0;0;4439139;0;0;4716460;0;0;4406609;0;0;4192552;0
4527592;0;0;4910916;0;0;4487663;0;0;4923852;0;0;4900418;0;0;4956696;0;0;4554290;0;0;4742692;0;0;4846200;0;0;4783999;0;0;4787572;0;0;4677669;0;0;4622828;0;0;5014106;0;0;4925601;0;0;5324229;0;0;4952837;0;0;4989560;0;0;4548852;0;0;4772067;0;0;4948373;0;0;4781468;0;0;4697869;0;0;5194755;0;0;4722638;0;0;5067190;0;0;4710378;0;0;4699291;0;0;4649800;0;0;4965245;0;0;5259365;0;0;4761670;0;0;4645094;0;0;4734277;0;0;5213654;0;0;4686708;0;0;4719119;0;0;4916385;0;0;4637825;0;0;5163467;0;0;4739802;0;0;4660558;0;0;4984332;0;0;4886189;0;0;4970350;0;0;4776898;0;0;4549689;0;0;4889084;0;0;4586749;0;0;4927771;0;0;4683091;0;0;4794756;0;0;5103461;0;0;4777866;0;0;4473625;0;0;4469049;0;0;4950385;0;0;4960140;0;0;5003097;0;0;4709848;0;0;4481633;0;0;4688164;0;0;4787819;0;0;4819609;0;0;5213145;0;0;5021445;0;0;4744415;0
4608462;0;0;4680480;0;0;4361454;0;0;4661243;0;0;4760144;0;0;4977296;0;0;4665788;0;0;4933394;0;0;4564112;0;0;4611694;0;0;4523861;0;0;4404691;0;0;4245671;0;0;5006571;0;0;4986206;0;0;4855381;0;0;4745676;0;0;4889444;0;0;4491504;0;0;4575587;0;0;5031258;0;0;4704640;0;0;4300674;0;0;4848341;0;0;4643366;0;0;5082120;0;0;4752181;0;0;4354974;0;0;4647789;0;0;4575161;0;0;4983518;0;0;4666778;0;0;4609808;0;0;4516691;0;0;5158058;0;0;4450119;0;0;4527452;0;0;4918041;0;0;4262544;0;0;4929890;0;0;4781896;0;0;4618602;0;0;4726903;0;0;4701648;0;0;5072836;0;0;4704323;0;0;4414282;0;0;4753479;0;0;4314494;0;0;4924739;0;0;4552017;0;0;4613447;0;0;4917211;0;0;4840908;0;0;4504520;0;0;4400427;0;0;4847873;0;0;5036790;0;0;4881543;0;0;4641241;0;0;4482104;0;0;4626736;0;0;4698552;0;0;4711761;0;0;5014799;0;0;5132491;0;0;4452676;0
4159086;0;0;4409169;0;0;4288421;0;0;4310996;0;0;4461354;0;0;4671840;0;0;4089831;0;0;4319667;0;0;4365547;0;0;4592561;0;0;4333323;0;0;4246317;0;0;4083153;0;0;4561101;0;0;4452487;0;0;4636645;0;0;4363224;0;0;4567520;0;0;4106240;0;0;4017025;0;0;4367146;0;0;4452417;0;0;4295185;0;0;4436013;0;0;4550784;0;0;4530523;0;0;4463073;0;0;4243969;0;0;4174187;0;0;4542647;0;0;4547785;0;0;4299074;0;0;4364961;0;0;4055159;0;0;4695699;0;0;4427958;0;0;4311980;0;0;4330737;0;0;4183856;0;0;4572237;0;0;4323566;0;0;4105952;0;0;4564853;0;0;4341336;0;0;4508021;0;0;4333751;0;0;4157445;0;0;4336621;0;0;4179626;0;0;4595036;0;0;4345195;0;0;4464719;0;0;4620027;0;0;4377129;0;0;4035640;0;0;4269826;0;0;4587649;0;0;4639783;0;0;4612905;0;0;4294670;0;0;4245062;0;0;4330268;0;0;4405619;0;0;4604702;0;0;4618189;0;0;4613731;0;0;4387616;0
4395584;0;0;4281430;0;0;4045372;0;0;4296885;0;0;4387038;0;0;4465574;0;0;4310505;0;0;4435268;0;0;4349234;0;0;4179852;0;0;4058562;0;0;4137517;0;0;3870651;0;0;4708028;0;0;4670431;0;0;4450234;0;0;4375674;0;0;4610526;0;0;3993837;0;0;4103426;0;0;4195005;0;0;4511111;0;0;4058846;0;0;4511267;0;0;4216829;0;0;4368236;0;0;4309250;0;0;4288709;0;0;4069521;0;0;4275148;0;0;4428992;0;0;4319791;0;0;4147936;0;0;4068219;0;0;4607418;0;0;4087470;0;0;4128568;0;0;4532132;0;0;4067007;0;0;4491547;0;0;4240750;0;0;4237186;0;0;4300228;0;0;4340028;0;0;4552823;0;0;4230296;0;0;4027343;0;0;4436176;0;0;4066902;0;0;4403375;0;0;4072409;0;0;4324172;0;0;4600210;0;0;4399778;0;0;3850000;0;0;4103404;0;0;4518273;0;0;4333320;0;0;4281234;0;0;4301230;0;0;4270948;0;0;4326600;0;0;4254776;0;0;4459009;0;0;4689229;0;0;4487805;0;0;4223154;0
4322962;0;0;4411818;0;0;4220264;0;0;4371254;0;0;4363544;0;0;4686181;0;0;4266684;0;0;4664401;0;0;4346319;0;0;4333378;0;0;4377363;0;0;4184893;0;0;4033576;0;0;4683413;0;0;4742060;0;0;4731868;0;0;4484812;0;0;4560928;0;0;4251559;0;0;4231481;0;0;4626594;0;0;4565643;0;0;4176392;0;0;4785410;0;0;4610422;0;0;4756921;0;0;4391328;0;0;4191678;0;0;4202069;0;0;4358764;0;0;4805542;0;0;4384086;0;0;4149102;0;0;4448034;0;0;4739754;0;0;4395870;0;0;4391982;0;0;4652040;0;0;4213914;0;0;4603538;0;0;4565077;0;0;4239478;0;0;4535724;0;0;4409364;0;0;4760304;0;0;4592843;0;0;4356356;0;0;4495330;0;0;4213525;0;0;4580896;0;0;4365357;0;0;4456985;0;0;4742668;0;0;4552084;0;0;4192938;0;0;4053427;0;0;4599270;0;0;4591678;0;0;4672222;0;0;4234549;0;0;4228183;0;0;4416268;0;0;4562792;0;0;4715273;0;0;4686761;0;0;4626219;0;0;4481955;0
4191432;0;0;4618691;0;0;4210876;0;0;4455794;0;0;4374367;0;0;4447974;0;0;4621889;0;0;4514063;0;0;4504642;0;0;4290876;0;0;4494907;0;0;4168569;0;0;4363989;0;0;4579089;0;0;4864993;0;0;4654125;0;0;4548722;0;0;4565218;0;0;4332408;0;0;4059413;0;0;4722781;0;0;4296896;0;0;4035716;0;0;4568789;0;0;4425189;0;0;4766737;0;0;4557252;0;0;4326580;0;0;4300260;0;0;4397641;0;0;4554068;0;0;4444856;0;0;4157472;0;0;4238582;0;0;4432438;0;0;4437177;0;0;4333209;0;0;4458535;0;0;4193634;0;0;4737092;0;0;4393390;0;0;4261322;0;0;4307837;0;0;4410915;0;0;4697444;0;0;4370958;0;0;4114353;0;0;4495104;0;0;4171191;0;0;4552220;0;0;4312638;0;0;4556271;0;0;4611011;0;0;4530416;0;0;4155961;0;0;4107123;0;0;4635097;0;0;4477764;0;0;4451265;0;0;4337998;0;0;4286217;0;0;4563298;0;0;4678633;0;0;4654198;0;0;4555946;0;0;4635271;0;0;4575755;0
4305406;0;0;4253231;0;0;3929848;0;0;4200278;0;0;4158646;0;0;4434136;0;0;4007151;0;0;4532601;0;0;4142370;0;0;4292401;0;0;4223163;0;0;4098790;0;0;3949490;0;0;4417773;0;0;4430813;0;0;4529190;0;0;4208804;0;0;4479234;0;0;4109661;0;0;4129168;0;0;4485699;0;0;4362005;0;0;4119793;0;0;4497459;0;0;4003044;0;0;4773189;0;0;4315934;0;0;4284651;0;0;4179276;0;0;4459399;0;0;4536629;0;0;4180745;0;0;4352174;0;0;4259718;0;0;4459649;0;0;4307478;0;0;4159819;0;0;4500903;0;0;3957329;0;0;4686500;0;0;4255315;0;0;4116947;0;0;4301333;0;0;4414941;0;0;4323236;0;0;4386985;0;0;4264122;0;0;4325704;0;0;4080897;0;0;4353994;0;0;4042598;0;0;4347770;0;0;4375266;0;0;4520356;0;0;4050151;0;0;4087572;0;0;4324939;0;0;4557830;0;0;4416811;0;0;4171050;0;0;4390965;0;0;4208074;0;0;4216515;0;0;4309634;0;0;4636905;0;0;4468847;0;0;4328028;0
4149867;0;0;4430011;0;0;4037785;0;0;4249072;0;0;4321107;0;0;4534919;0;0;4406176;0;0;4511037;0;0;4345137;0;0;4498594;0;0;4280367;0;0;4256824;0;0;4341653;0;0;4673075;0;0;4636839;0;0;4662734;0;0;4293887;0;0;4408433;0;0;4171278;0;0;4009089;0;0;4440447;0;0;4552445;0;0;4106132;0;0;4422745;0;0;4248232;0;0;4685205;0;0;4378325;0;0;4247058;0;0;4164492;0;0;4360103;0;0;4626389;0;0;4533680;0;0;4318651;0;0;4408198;0;0;4877885;0;0;4397190;0;0;4311481;0;0;4508486;0;0;4122910;0;0;4588836;0;0;4444341;0;0;4302587;0;0;4428493;0;0;4464317;0;0;4481040;0;0;4526408;0;0;4215932;0;0;4360967;0;0;4041873;0;0;4369336;0;0;4204776;0;0;4289602;0;0;4460159;0;0;4367798;0;0;4197184;0;0;4144000;0;0;4736617;0;0;4512455;0;0;4429783;0;0;4073425;0;0;4132621;0;0;4293372;0;0;4520574;0;0;4578684;0;0;4531066;0;0;4677743;0;0;4408157;0
4581671;0;0;4590029;0;0;4414068;0;0;4617365;0;0;4596098;0;0;4933517;0;0;4471023;0;0;4648692;0;0;4538414;0;0;4553950;0;0;4620039;0;0;4454155;0;0;4326518;0;0;4917845;0;0;4787273;0;0;4964258;0;0;4704897;0;0;4787532;0;0;4605076;0;0;4364584;0;0;4620776;0;0;4625461;0;0;4489404;0;0;4955578;0;0;4676398;0;0;4829030;0;0;4503704;0;0;4551484;0;0;4482110;0;0;4658847;0;0;5013086;0;0;4501575;0;0;4603404;0;0;4524366;0;0;5175258;0;0;4537118;0;0;4470186;0;0;4847942;0;0;4068302;0;0;5121366;0;0;4521129;0;0;4369963;0;0;4662092;0;0;4548027;0;0;4707630;0;0;4532597;0;0;4433699;0;0;4836403;0;0;4285468;0;0;4805907;0;0;4438734;0;0;4774804;0;0;4967752;0;0;4610636;0;0;4290867;0;0;4486697;0;0;4710175;0;0;4825818;0;0;4795598;0;0;4658576;0;0;4661698;0;0;4648150;0;0;4525148;0;0;4883919;0;0;4952125;0;0;5126522;0;0;4679949;0
4200408;0;0;4300081;0;0;3968875;0;0;4403666;0;0;3987421;0;0;4378881;0;0;4180089;0;0;4416918;0;0;4296857;0;0;4170087;0;0;4068650;0;0;3931804;0;0;4084628;0;0;4548217;0;0;4369073;0;0;4507182;0;0;4218058;0;0;4425386;0;0;4240374;0;0;3973737;0;0;4489315;0;0;4414790;0;0;4081017;0;0;4494826;0;0;4321146;0;0;4555648;0;0;4234999;0;0;4199006;0;0;4218916;0;0;4401748;0;0;4592176;0;0;4318647;0;0;4235169;0;0;4068428;0;0;4577327;0;0;4175019;0;0;4191864;0;0;4553190;0;0;3847220;0;0;4602580;0;0;4419104;0;0;4167087;0;0;4383850;0;0;4158585;0;0;4452518;0;0;4388722;0;0;4179216;0;0;4392196;0;0;4062311;0;0;4348992;0;0;4123656;0;0;4206597;0;0;4573253;0;0;4735064;0;0;3995172;0;0;3984662;0;0;4318623;0;0;4568354;0;0;4436116;0;0;4183718;0;0;4188257;0;0;4454964;0;0;4358801;0;0;4351376;0;0;4490420;0;0;4590092;0;0;4279637;0
4567875;0;0;4471078;0;0;4273149;0;0;4490548;0;0;4456492;0;0;4665306;0;0;4314788;0;0;4626460;0;0;4506425;0;0;4474152;0;0;4395147;0;0;4367488;0;0;4323400;0;0;4690388;0;0;4647101;0;0;4695772;0;0;4529906;0;0;4574157;0;0;4359533;0;0;4338600;0;0;4682287;0;0;4702387;0;0;4369235;0;0;4627552;0;0;4663451;0;0;4629600;0;0;4474580;0;0;4303117;0;0;4421117;0;0;4701154;0;0;4736816;0;0;4460396;0;0;4374897;0;0;4332897;0;0;4856696;0;0;4404441;0;0;4429544;0;0;4698868;0;0;4170520;0;0;4745491;0;0;4484340;0;0;4288094;0;0;4656999;0;0;4488996;0;0;4481197;0;0;4414836;0;0;4231950;0;0;4522949;0;0;4314078;0;0;4657680;0;0;4449601;0;0;4575249;0;0;4638767;0;0;4604922;0;0;4324711;0;0;4211598;0;0;4693982;0;0;4883731;0;0;4676797;0;0;4302284;0;0;4773363;0;0;4498956;0;0;4474230;0;0;4820017;0;0;4801706;0;0;4767859;0;0;4650784;0
4539537;0;0;4471093;0;0;4319375;0;0;4729257;0;0;4526723;0;0;4752690;0;0;4417799;0;0;4609019;0;0;4703171;0;0;4655300;0;0;4571017;0;0;4440248;0;0;4325041;0;0;4684519;0;0;4856892;0;0;5243841;0;0;4589717;0;0;4781650;0;0;4534484;0;0;4481721;0;0;4788765;0;0;4748696;0;0;4170840;0;0;4794216;0;0;4567765;0;0;4875602;0;0;4477125;0;0;4344092;0;0;4452422;0;0;4685462;0;0;5090428;0;0;4449998;0;0;4422909;0;0;4557399;0;0;4874619;0;0;4539323;0;0;4535730;0;0;4808381;0;0;4147873;0;0;4892634;0;0;4738222;0;0;4549168;0;0;4528399;0;0;4616511;0;0;4900985;0;0;4623406;0;0;4398682;0;0;4809908;0;0;4474354;0;0;4719007;0;0;4404373;0;0;4582173;0;0;4913681;0;0;4982448;0;0;4347952;0;0;4456668;0;0;4864003;0;0;4806930;0;0;4943208;0;0;4502624;0;0;4460828;0;0;4453470;0;0;4664322;0;0;4682601;0;0;5089020;0;0;4828290;0;0;4483668;0
4220035;0;0;4243606;0;0;3935908;0;0;4403309;0;0;4371878;0;0;4358470;0;0;4084343;0;0;4323270;0;0;4191753;0;0;4281901;0;0;4404769;0;0;4026324;0;0;4048937;0;0;4563743;0;0;4454646;0;0;4589882;0;0;4356552;0;0;4519424;0;0;4124112;0;0;4181316;0;0;4204359;0;0;4220890;0;0;3997924;0;0;4301517;0;0;4141030;0;0;4677435;0;0;4173677;0;0;4266335;0;0;4053675;0;0;4361977;0;0;4443835;0;0;4375908;0;0;4184820;0;0;4265847;0;0;4343251;0;0;4274434;0;0;4287474;0;0;4342012;0;0;3965417;0;0;4525739;0;0;3999094;0;0;4268472;0;0;4276689;0;0;4402506;0;0;4594191;0;0;4223222;0;0;4216707;0;0;4131760;0;0;4004366;0;0;4633780;0;0;4140614;0;0;4363188;0;0;4438832;0;0;4470300;0;0;4319772;0;0;4236621;0;0;4388157;0;0;4383262;0;0;4557492;0;0;4191349;0;0;4263180;0;0;3953790;0;0;4333851;0;0;4519201;0;0;4655178;0;0;4502905;0;0;4435165;0
4241512;0;0;4483275;0;0;4242905;0;0;4381748;0;0;4202434;0;0;4447441;0;0;4173560;0;0;4520092;0;0;4102340;0;0;4096564;0;0;4090300;0;0;4016335;0;0;4128922;0;0;4374845;0;0;4456168;0;0;4363057;0;0;4412177;0;0;4545823;0;0;4257503;0;0;4147603;0;0;4507620;0;0;4386593;0;0;3912194;0;0;4322328;0;0;4200481;0;0;4610307;0;0;4319641;0;0;4222484;0;0;3981075;0;0;4265545;0;0;4666993;0;0;4283377;0;0;4001249;0;0;4017096;0;0;4647314;0;0;4022712;0;0;4332298;0;0;4353858;0;0;4054176;0;0;4560949;0;0;4384388;0;0;4050251;0;0;4535713;0;0;4305344;0;0;4545719;0;0;4390658;0;0;4234523;0;0;4404740;0;0;4170197;0;0;4522022;0;0;4131237;0;0;4354633;0;0;4581251;0;0;4376395;0;0;3939516;0;0;3997896;0;0;4421462;0;0;4422881;0;0;4481572;0;0;4117906;0;0;4263147;0;0;4247815;0;0;4255168;0;0;4500340;0;0;4528850;0;0;4628565;0;0;4388458;0
4315942;0;0;4451209;0;0;4104037;0;0;4488708;0;0;4277146;0;0;4480723;0;0;4359714;0;0;4481947;0;0;4294520;0;0;4513997;0;0;4491325;0;0;4292373;0;0;4145625;0;0;4784228;0;0;4699772;0;0;4820452;0;0;4551402;0;0;4684384;0;0;4147776;0;0;4058250;0;0;4501004;0;0;4465132;0;0;4250306;0;0;4703427;0;0;4550449;0;0;4557342;0;0;4288943;0;0;4122755;0;0;4211024;0;0;4334328;0;0;4597762;0;0;4280053;0;0;4332918;0;0;4347702;0;0;4806247;0;0;4293842;0;0;4370148;0;0;4474907;0;0;4153838;0;0;4500393;0;0;4493401;0;0;4103107;0;0;4384861;0;0;4460753;0;0;4637506;0;0;4323430;0;0;4257685;0;0;4365774;0;0;4279798;0;0;4564881;0;0;4269663;0;0;4572560;0;0;4585983;0;0;4560584;0;0;4202702;0;0;4373187;0;0;4547936;0;0;4369404;0;0;4692789;0;0;4284282;0;0;4446205;0;0;4342336;0;0;4222396;0;0;4563169;0;0;4710000;0;0;4479103;0;0;4355405;0
4297919;0;0;4370431;0;0;3968669;0;0;4689162;0;0;4475741;0;0;4641484;0;0;4371158;0;0;4554605;0;0;4333104;0;0;4475210;0;0;4312456;0;0;4276053;0;0;4232854;0;0;4853797;0;0;4475790;0;0;4870037;0;0;4354701;0;0;4593175;0;0;4540700;0;0;4016215;0;0;4624365;0;0;4603361;0;0;4021032;0;0;4560262;0;0;4179280;0;0;4678842;0;0;4200828;0;0;4235091;0;0;4151843;0;0;4620006;0;0;4612034;0;0;4416461;0;0;4331042;0;0;4449215;0;0;4772825;0;0;4377405;0;0;4264752;0;0;4671950;0;0;4372556;0;0;4824762;0;0;4414310;0;0;4324561;0;0;4543175;0;0;4550330;0;0;4686415;0;0;4391151;0;0;4430719;0;0;4451414;0;0;4223565;0;0;4389112;0;0;4438377;0;0;4420259;0;0;4618188;0;0;4584040;0;0;4233415;0;0;4257534;0;0;4620420;0;0;4680941;0;0;4650285;0;0;4383314;0;0;4389451;0;0;4427051;0;0;4469208;0;0;4566381;0;0;4803741;0;0;4765301;0;0;4369850;0
4287177;0;0;4631986;0;0;4130518;0;0;4554650;0;0;4340421;0;0;4586749;0;0;4314682;0;0;4505405;0;0;4340436;0;0;4498187;0;0;4253961;0;0;4191829;0;0;4161995;0;0;4602145;0;0;4716305;0;0;4850261;0;0;4556573;0;0;4755247;0;0;4364337;0;0;4416692;0;0;4660340;0;0;4726728;0;0;4168192;0;0;4639468;0;0;4238053;0;0;4873876;0;0;4293050;0;0;4256715;0;0;4520791;0;0;4604850;0;0;4788023;0;0;4355512;0;0;4236062;0;0;4232720;0;0;4782988;0;0;4334839;0;0;4504299;0;0;4626230;0;0;4121741;0;0;4770316;0;0;4411622;0;0;4195631;0;0;4658079;0;0;4456830;0;0;4737417;0;0;4582910;0;0;4200671;0;0;4689273;0;0;4519826;0;0;4538216;0;0;4412634;0;0;4361734;0;0;4701521;0;0;4659755;0;0;4478879;0;0;4402237;0;0;4791395;0;0;4797823;0;0;4662205;0;0;4492547;0;0;4435352;0;0;4484652;0;0;4490463;0;0;4666262;0;0;4771249;0;0;4977032;0;0;4314426;0
4654199;0;0;4754325;0;0;4298376;0;0;4801900;0;0;4802674;0;0;4820540;0;0;4388717;0;0;4637607;0;0;4616894;0;0;4669156;0;0;4725798;0;0;4398473;0;0;4216555;0;0;4891549;0;0;4728254;0;0;4919095;0;0;4519566;0;0;4798518;0;0;4453859;0;0;4083307;0;0;4931991;0;0;4714306;0;0;4414955;0;0;4758538;0;0;4586527;0;0;4963978;0;0;4388231;0;0;4602628;0;0;4219312;0;0;4590644;0;0;4893858;0;0;4567034;0;0;4516420;0;0;4303468;0;0;4902098;0;0;4474658;0;0;4766407;0;0;4673116;0;0;4295638;0;0;4851261;0;0;4706328;0;0;4476701;0;0;4572259;0;0;4470584;0;0;4860512;0;0;4383101;0;0;4430283;0;0;4675414;0;0;4526037;0;0;4776660;0;0;4429610;0;0;4859945;0;0;5030414;0;0;4579404;0;0;4403857;0;0;4416398;0;0;4810003;0;0;4776857;0;0;5072140;0;0;4580637;0;0;4462528;0;0;4478554;0;0;4755634;0;0;4772502;0;0;4962175;0;0;4757329;0;0;4427128;0
4242371;0;0;4320946;0;0;4034195;0;0;4387744;0;0;4497661;0;0;4660793;0;0;4431332;0;0;4541741;0;0;4379719;0;0;4492242;0;0;4197224;0;0;4117827;0;0;4149118;0;0;4847094;0;0;4598392;0;0;4730856;0;0;4677626;0;0;4369736;0;0;4200934;0;0;4271973;0;0;4471629;0;0;4574392;0;0;4220864;0;0;4564258;0;0;4284494;0;0;4992713;0;0;4305760;0;0;4322233;0;0;4049450;0;0;4474608;0;0;4643017;0;0;4303772;0;0;4318662;0;0;4116670;0;0;4711094;0;0;4429164;0;0;4294378;0;0;4618001;0;0;4298681;0;0;4723819;0;0;4457290;0;0;4215354;0;0;4351730;0;0;4380803;0;0;4646144;0;0;4308019;0;0;4418262;0;0;4330176;0;0;4035915;0;0;4414800;0;0;4333898;0;0;4288140;0;0;4510169;0;0;4518692;0;0;4266872;0;0;4145720;0;0;4392694;0;0;4498905;0;0;4520122;0;0;4228230;0;0;4407304;0;0;4417557;0;0;4478198;0;0;4372034;0;0;4894845;0;0;4509721;0;0;4300298;0
4398191;0;0;4641753;0;0;4531708;0;0;4648059;0;0;4603215;0;0;5000369;0;0;4344270;0;0;4837427;0;0;4487584;0;0;4667391;0;0;4596031;0;0;4569487;0;0;4341164;0;0;5149907;0;0;5096008;0;0;5074048;0;0;4545179;0;0;4737911;0;0;4490991;0;0;4293561;0;0;4733907;0;0;4878284;0;0;4435162;0;0;4800895;0;0;4409901;0;0;5024304;0;0;4594746;0;0;4474013;0;0;4271959;0;0;4619894;0;0;5094865;0;0;4566479;0;0;4626658;0;0;4386777;0;0;4799155;0;0;4639317;0;0;4596342;0;0;4787766;0;0;4440322;0;0;5011733;0;0;4882284;0;0;4633638;0;0;4899053;0;0;4680498;0;0;5008227;0;0;4718265;0;0;4454456;0;0;4879319;0;0;4467927;0;0;4902929;0;0;4598957;0;0;4452212;0;0;4900740;0;0;4769557;0;0;4336268;0;0;4094098;0;0;4730837;0;0;5009017;0;0;4831508;0;0;4427715;0;0;4503779;0;0;4509539;0;0;4662611;0;0;4788881;0;0;5060921;0;0;4874610;0;0;4398054;0
4293935;0;0;4382384;0;0;4127206;0;0;4354382;0;0;4265835;0;0;4417625;0;0;3988580;0;0;4479538;0;0;4227603;0;0;4336853;0;0;4217329;0;0;4146944;0;0;4220401;0;0;4498882;0;0;4440643;0;0;4720992;0;0;4275091;0;0;4511257;0;0;4169463;0;0;4070777;0;0;4287624;0;0;4450661;0;0;4082775;0;0;4528077;0;0;4311618;0;0;4735589;0;0;4225927;0;0;4112559;0;0;4010641;0;0;4229450;0;0;4644233;0;0;4370271;0;0;4351343;0;0;4186783;0;0;4543742;0;0;4280621;0;0;4149405;0;0;4573611;0;0;4111095;0;0;4384669;0;0;4271252;0;0;4210911;0;0;4614215;0;0;4405985;0;0;4612340;0;0;4219680;0;0;4371285;0;0;4380252;0;0;4196485;0;0;4393731;0;0;4286292;0;0;4292622;0;0;4438796;0;0;4445227;0;0;4113600;0;0;4061880;0;0;4479694;0;0;4534167;0;0;4559429;0;0;3986027;0;0;4267781;0;0;4311304;0;0;4121064;0;0;4416591;0;0;4674312;0;0;4525635;0;0;4365918;0
4178021;0;0;4727670;0;0;4391359;0;0;4503896;0;0;4565985;0;0;4591022;0;0;4248682;0;0;4818219;0;0;4716300;0;0;4506403;0;0;4605348;0;0;4342195;0;0;4230980;0;0;4660594;0;0;4810990;0;0;4948169;0;0;4513700;0;0;4824966;0;0;4554857;0;0;4217334;0;0;4668997;0;0;4607020;0;0;4233771;0;0;4828540;0;0;4453989;0;0;4785203;0;0;4510650;0;0;4415020;0;0;4412523;0;0;4576854;0;0;4850391;0;0;4588608;0;0;4427163;0;0;4347951;0;0;4714771;0;0;4576606;0;0;4605547;0;0;4619126;0;0;4185643;0;0;4860953;0;0;4508951;0;0;4288624;0;0;4755731;0;0;4536691;0;0;4906721;0;0;4532431;0;0;4479819;0;0;4523293;0;0;4351906;0;0;4568935;0;0;4331451;0;0;4446556;0;0;4594755;0;0;4617725;0;0;4083587;0;0;4198190;0;0;4686522;0;0;4672192;0;0;4714426;0;0;4494588;0;0;4323500;0;0;4616794;0;0;4651243;0;0;4718280;0;0;4909629;0;0;4717702;0;0;4412047;0
4265778;0;0;4359390;0;0;3981167;0;0;4399451;0;0;4238588;0;0;4489254;0;0;4169026;0;0;4412753;0;0;4180763;0;0;4254354;0;0;4138018;0;0;4113058;0;0;4063650;0;0;4496479;0;0;4735959;0;0;4715236;0;0;4341186;0;0;4399897;0;0;4175638;0;0;4008361;0;0;4506983;0;0;4452670;0;0;3977235;0;0;4413710;0;0;4352112;0;0;4729595;0;0;4299957;0;0;4136246;0;0;4325646;0;0;4356917;0;0;4731563;0;0;4354904;0;0;4293332;0;0;4267845;0;0;4612580;0;0;4362550;0;0;4429107;0;0;4501214;0;0;3897817;0;0;4538864;0;0;4333725;0;0;4286017;0;0;4241613;0;0;4382596;0;0;4448193;0;0;4313594;0;0;4070596;0;0;4355852;0;0;4117825;0;0;4493114;0;0;4336570;0;0;4298491;0;0;4590136;0;0;4440970;0;0;4288520;0;0;4137908;0;0;4641079;0;0;4793357;0;0;4497666;0;0;4143877;0;0;4204093;0;0;4384939;0;0;4385385;0;0;4537500;0;0;4665053;0;0;4568635;0;0;4153511;0
4381912;0;0;4513971;0;0;4111350;0;0;4547506;0;0;4393441;0;0;4532556;0;0;4428372;0;0;4518264;0;0;4461588;0;0;4472881;0;0;4525528;0;0;4186659;0;0;4233224;0;0;4554987;0;0;4673509;0;0;4784478;0;0;4549232;0;0;4563631;0;0;4407520;0;0;4116412;0;0;4640038;0;0;4621921;0;0;4422009;0;0;4801745;0;0;4280504;0;0;4940717;0;0;4379241;0;0;4164325;0;0;4418275;0;0;4644488;0;0;4580144;0;0;4130415;0;0;4266387;0;0;4376339;0;0;4778444;0;0;4193132;0;0;4342321;0;0;4686179;0;0;4088860;0;0;4756802;0;0;4480625;0;0;4469488;0;0;4562486;0;0;4436303;0;0;4783468;0;0;4631530;0;0;4318725;0;0;4592220;0;0;4289288;0;0;4516838;0;0;4281779;0;0;4375572;0;0;4601553;0;0;4490412;0;0;4223460;0;0;4194621;0;0;4543558;0;0;4677689;0;0;4600501;0;0;4380159;0;0;4343604;0;0;4467378;0;0;4680732;0;0;4500535;0;0;4728164;0;0;4733075;0;0;4162426;0
4363960;0;0;4469327;0;0;4179532;0;0;4485173;0;0;4299794;0;0;4554570;0;0;4177558;0;0;4578796;0;0;4315925;0;0;4456291;0;0;4348468;0;0;4315239;0;0;4149380;0;0;4695157;0;0;4914855;0;0;4811298;0;0;4631212;0;0;4617950;0;0;4212354;0;0;4044416;0;0;4585022;0;0;4536841;0;0;4201628;0;0;4607638;0;0;4490399;0;0;4901773;0;0;4405301;0;0;4273168;0;0;4089784;0;0;4325374;0;0;4655733;0;0;4350176;0;0;4265088;0;0;4051746;0;0;4661877;0;0;4306661;0;0;4266668;0;0;4460203;0;0;4276548;0;0;4622601;0;0;4498672;0;0;4449318;0;0;4311108;0;0;4565367;0;0;4549598;0;0;4532298;0;0;4249406;0;0;4452306;0;0;4321856;0;0;4537700;0;0;4188172;0;0;4490328;0;0;4627085;0;0;4507681;0;0;4124513;0;0;4141677;0;0;4562992;0;0;4617292;0;0;4422439;0;0;4308740;0;0;4293397;0;0;4341544;0;0;4306475;0;0;4540938;0;0;4823926;0;0;4666392;0;0;4290257;0
4363453;0;0;4473836;0;0;4018061;0;0;4451228;0;0;4262506;0;0;4755703;0;0;4055869;0;0;4627755;0;0;4392100;0;0;4445738;0;0;4499696;0;0;4210176;0;0;3964110;0;0;4684313;0;0;4520706;0;0;4586210;0;0;4348556;0;0;4551881;0;0;4330022;0;0;4307382;0;0;4479362;0;0;4486087;0;0;4288667;0;0;4609563;0;0;4349683;0;0;4702264;0;0;4126715;0;0;4407874;0;0;4119437;0;0;4231116;0;0;4780785;0;0;4411719;0;0;4346164;0;0;4427104;0;0;4787585;0;0;4326600;0;0;4236656;0;0;4671278;0;0;4260212;0;0;4580328;0;0;4232158;0;0;4342901;0;0;4419173;0;0;4330988;0;0;4656436;0;0;4384295;0;0;4277719;0;0;4470211;0;0;4094018;0;0;4693583;0;0;4369886;0;0;4222694;0;0;4803870;0;0;4508522;0;0;4147566;0;0;4110913;0;0;4531622;0;0;4809544;0;0;4586607;0;0;4313074;0;0;4328191;0;0;4297701;0;0;4428873;0;0;4600926;0;0;4670015;0;0;4596526;0;0;4341928;0
4365099;0;0;4284817;0;0;3948534;0;0;4364655;0;0;4432665;0;0;4585545;0;0;4297586;0;0;4441510;0;0;4288029;0;0;4287261;0;0;4275837;0;0;4024408;0;0;4054048;0;0;4585439;0;0;4660131;0;0;4596988;0;0;4349999;0;0;4741426;0;0;4148852;0;0;4240763;0;0;4489516;0;0;4363582;0;0;4102058;0;0;4558626;0;0;4132732;0;0;4650405;0;0;4406986;0;0;4207472;0;0;4149285;0;0;4376954;0;0;4611365;0;0;4317177;0;0;4160804;0;0;4103929;0;0;4592471;0;0;4282323;0;0;4422226;0;0;4597391;0;0;4302182;0;0;4432555;0;0;4357904;0;0;4324772;0;0;4372913;0;0;4316696;0;0;4625620;0;0;4251255;0;0;4276857;0;0;4637024;0;0;4259907;0;0;4313713;0;0;4186326;0;0;4258296;0;0;4585591;0;0;4568920;0;0;4021462;0;0;4176588;0;0;4451423;0;0;4603708;0;0;4554757;0;0;4268839;0;0;4248072;0;0;4284268;0;0;4392592;0;0;4463550;0;0;4805390;0;0;4542130;0;0;4265382;0
4406609;0;0;4665622;0;0;4416168;0;0;4855766;0;0;4521073;0;0;4984896;0;0;4459826;0;0;4690488;0;0;4513159;0;0;4675189;0;0;4593538;0;0;4425100;0;0;4429119;0;0;4837585;0;0;4763529;0;0;5008097;0;0;4686060;0;0;4717898;0;0;4709907;0;0;4375910;0;0;4698155;0;0;4719437;0;0;4341300;0;0;4695188;0;0;4571812;0;0;5044456;0;0;4729128;0;0;4522721;0;0;4393685;0;0;4646627;0;0;5030025;0;0;4651796;0;0;4582514;0;0;4488346;0;0;4945533;0;0;4474083;0;0;4422739;0;0;4772601;0;0;4388081;0;0;5038351;0;0;4543406;0;0;4464070;0;0;4836205;0;0;4732284;0;0;4868908;0;0;4629242;0;0;4378905;0;0;4777424;0;0;4404572;0;0;4860974;0;0;4385214;0;0;4602508;0;0;5002088;0;0;4759505;0;0;4503698;0;0;4355501;0;0;4866952;0;0;4928362;0;0;4733087;0;0;4599666;0;0;4428401;0;0;4584422;0;0;4690115;0;0;4751556;0;0;4930153;0;0;4981917;0;0;4449227;0
3637237;0;0;3988941;0;0;3555269;0;0;3901745;0;0;3923456;0;0;4179123;0;0;3780515;0;0;4052378;0;0;3963498;0;0;3871637;0;0;3885913;0;0;3952143;0;0;3620014;0;0;4297768;0;0;4001201;0;0;4245193;0;0;3855495;0;0;4092532;0;0;3975318;0;0;3586659;0;0;4053155;0;0;3951920;0;0;3716916;0;0;4150899;0;0;3879214;0;0;4186388;0;0;3874605;0;0;3704495;0;0;3760935;0;0;4193109;0;0;4391283;0;0;3822208;0;0;3969454;0;0;3949290;0;0;4227171;0;0;4070311;0;0;3925486;0;0;4274304;0;0;3808351;0;0;4410352;0;0;4025554;0;0;3861081;0;0;3991650;0;0;3897522;0;0;4023397;0;0;3927379;0;0;3912726;0;0;4069536;0;0;3714439;0;0;4092604;0;0;4006175;0;0;3631305;0;0;4312336;0;0;4104993;0;0;3730749;0;0;3897473;0;0;4074242;0;0;4245247;0;0;4146014;0;0;3804845;0;0;3976847;0;0;3945634;0;0;4088922;0;0;4268806;0;0;4315393;0;0;4106450;0;0;3888357;0
4117850;0;0;4359569;0;0;4110700;0;0;4298782;0;0;4189700;0;0;4342950;0;0;4054229;0;0;4590394;0;0;4461047;0;0;4343494;0;0;4243247;0;0;4225082;0;0;3996947;0;0;4634768;0;0;4545979;0;0;4689106;0;0;4372648;0;0;4454466;0;0;4319522;0;0;3938864;0;0;4571163;0;0;4399243;0;0;4040732;0;0;4581250;0;0;4245593;0;0;4619353;0;0;4206056;0;0;4241342;0;0;4187429;0;0;4379317;0;0;4592009;0;0;4151812;0;0;4244524;0;0;4136855;0;0;4549825;0;0;4157445;0;0;4221291;0;0;4481111;0;0;4224219;0;0;4735777;0;0;4269772;0;0;4250663;0;0;4364545;0;0;4252535;0;0;4669801;0;0;4204308;0;0;4269894;0;0;4304375;0;0;4219091;0;0;4329020;0;0;4148516;0;0;4205042;0;0;4630503;0;0;4373934;0;0;4031120;0;0;4218272;0;0;4621920;0;0;4595210;0;0;4560558;0;0;4140069;0;0;4197548;0;0;4358092;0;0;4286272;0;0;4435889;0;0;4584866;0;0;4366832;0;0;4232184;0
4700467;0;0;4680928;0;0;4545081;0;0;4805260;0;0;4792713;0;0;4929239;0;0;4478795;0;0;4860852;0;0;4672846;0;0;4645227;0;0;4400813;0;0;4448117;0;0;4465934;0;0;4813905;0;0;4733682;0;0;5098621;0;0;4642278;0;0;5034179;0;0;4664796;0;0;4506914;0;0;4673436;0;0;4709255;0;0;4491858;0;0;4829089;0;0;4602635;0;0;4881771;0;0;4856643;0;0;4576422;0;0;4428371;0;0;4898164;0;0;5074906;0;0;4765914;0;0;4630752;0;0;4500613;0;0;5094593;0;0;4717339;0;0;4379549;0;0;4860680;0;0;4616912;0;0;4776065;0;0;4869036;0;0;4375813;0;0;5086539;0;0;4769807;0;0;5082918;0;0;4831698;0;0;4377486;0;0;4857779;0;0;4557909;0;0;4913510;0;0;4535535;0;0;4584874;0;0;4922651;0;0;4422359;0;0;4470021;0;0;4355554;0;0;4834599;0;0;5124145;0;0;4823295;0;0;4585960;0;0;4692675;0;0;4701690;0;0;4671355;0;0;4916651;0;0;4971866;0;0;5245301;0;0;4486036;0
4112932;0;0;4396657;0;0;4240392;0;0;4530209;0;0;4468109;0;0;4626370;0;0;4299223;0;0;4452426;0;0;4442401;0;0;4579229;0;0;4311014;0;0;4119198;0;0;4179628;0;0;4746989;0;0;4718518;0;0;4667313;0;0;4548419;0;0;4571336;0;0;4336071;0;0;4040806;0;0;4511963;0;0;4482226;0;0;4337860;0;0;4571361;0;0;4403306;0;0;4769219;0;0;4298110;0;0;4122940;0;0;4085435;0;0;4496692;0;0;4722935;0;0;4312127;0;0;4497894;0;0;4305538;0;0;4811368;0;0;4257078;0;0;4494351;0;0;4495719;0;0;4094799;0;0;4631652;0;0;4469272;0;0;4319353;0;0;4450106;0;0;4420136;0;0;4449370;0;0;4343707;0;0;4284231;0;0;4496784;0;0;4129942;0;0;4525667;0;0;4208142;0;0;4438891;0;0;4463762;0;0;4604916;0;0;4443662;0;0;4044468;0;0;4612369;0;0;4731540;0;0;4603003;0;0;4261501;0;0;4208458;0;0;4383701;0;0;4431355;0;0;4373428;0;0;4625449;0;0;4519079;0;0;4297169;0
4456765;0;0;4451344;0;0;4062366;0;0;4424628;0;0;4444079;0;0;4358576;0;0;4139139;0;0;4457935;0;0;4426912;0;0;4505527;0;0;4214629;0;0;4253994;0;0;4158710;0;0;4619724;0;0;4693661;0;0;4644181;0;0;4465894;0;0;4508937;0;0;4307862;0;0;4124168;0;0;4394476;0;0;4231459;0;0;4125670;0;0;4444410;0;0;4362160;0;0;4605835;0;0;4246266;0;0;4481815;0;0;4123361;0;0;4407167;0;0;4594562;0;0;4533907;0;0;4253793;0;0;4157368;0;0;4630300;0;0;4230442;0;0;4386954;0;0;4298751;0;0;4115828;0;0;4611535;0;0;4350071;0;0;4222065;0;0;4410707;0;0;4322950;0;0;4358870;0;0;4119792;0;0;4248767;0;0;4473277;0;0;4154133;0;0;4253815;0;0;4263970;0;0;4396970;0;0;4658549;0;0;4607233;0;0;4182624;0;0;4284477;0;0;4645825;0;0;4556427;0;0;4491026;0;0;4324445;0;0;4341831;0;0;4207617;0;0;4462890;0;0;4359530;0;0;4720850;0;0;4441095;0;0;4331247;0
4043891;0;0;4198651;0;0;3813351;0;0;4294486;0;0;4226841;0;0;4307978;0;0;4069006;0;0;4149990;0;0;4178895;0;0;4145424;0;0;4144126;0;0;3998091;0;0;3833458;0;0;4257074;0;0;4259371;0;0;4433348;0;0;4265065;0;0;4364212;0;0;4007421;0;0;3837210;0;0;4438439;0;0;4403938;0;0;3944613;0;0;4385613;0;0;4253116;0;0;4600730;0;0;4001533;0;0;4022662;0;0;4131831;0;0;4561827;0;0;4556238;0;0;4055687;0;0;3898624;0;0;4251205;0;0;4679372;0;0;4177677;0;0;4011711;0;0;4390639;0;0;4003118;0;0;4628219;0;0;4270628;0;0;4023075;0;0;4315814;0;0;4215907;0;0;4325247;0;0;4347498;0;0;4239920;0;0;4387476;0;0;3788198;0;0;4221305;0;0;4128719;0;0;4344877;0;0;4459946;0;0;4401619;0;0;3816925;0;0;4100994;0;0;4457983;0;0;4436614;0;0;4532061;0;0;3934109;0;0;4053245;0;0;4301247;0;0;4506324;0;0;4459486;0;0;4658416;0;0;4375639;0;0;4052508;0
4428792;0;0;4590400;0;0;4255624;0;0;4682068;0;0;4494099;0;0;4795514;0;0;4440585;0;0;4631507;0;0;4478825;0;0;4523077;0;0;4451798;0;0;4434085;0;0;4288586;0;0;4868796;0;0;4829096;0;0;4824618;0;0;4688055;0;0;4652436;0;0;4473845;0;0;4260092;0;0;4738201;0;0;4554946;0;0;4401557;0;0;4729980;0;0;4656465;0;0;4891043;0;0;4423032;0;0;4507313;0;0;4473259;0;0;4614035;0;0;4994598;0;0;4467581;0;0;4487486;0;0;4516754;0;0;5008570;0;0;4553012;0;0;4462539;0;0;4472597;0;0;4211269;0;0;4760602;0;0;4480925;0;0;4191890;0;0;4799606;0;0;4578393;0;0;4795043;0;0;4477827;0;0;4417292;0;0;4660004;0;0;4346375;0;0;4791696;0;0;4553676;0;0;4386408;0;0;4958589;0;0;4541243;0;0;4430037;0;0;4397235;0;0;4823946;0;0;4802854;0;0;4802052;0;0;4470547;0;0;4266630;0;0;4516628;0;0;4697890;0;0;4552833;0;0;4965223;0;0;4739945;0;0;4374288;0
4412863;0;0;4601141;0;0;4350858;0;0;4559582;0;0;4493236;0;0;4776558;0;0;4264275;0;0;4428572;0;0;4322828;0;0;4632990;0;0;4375335;0;0;4248584;0;0;4377713;0;0;4903855;0;0;4886149;0;0;4904060;0;0;4423752;0;0;4681426;0;0;4443268;0;0;4319090;0;0;4489305;0;0;4680996;0;0;4106175;0;0;4611789;0;0;4343403;0;0;4785661;0;0;4324186;0;0;4541761;0;0;4334781;0;0;4602555;0;0;4877161;0;0;4478559;0;0;4288558;0;0;4432162;0;0;4858104;0;0;4318723;0;0;4318609;0;0;4605434;0;0;4505622;0;0;4661881;0;0;4630276;0;0;4296124;0;0;4469079;0;0;4504984;0;0;4560906;0;0;4400023;0;0;4453737;0;0;4577492;0;0;4221652;0;0;4598254;0;0;4444396;0;0;4419418;0;0;4970978;0;0;4280075;0;0;4094763;0;0;4218641;0;0;4611985;0;0;4623070;0;0;4775202;0;0;4286915;0;0;4326711;0;0;4374329;0;0;4480456;0;0;4554082;0;0;4813308;0;0;4979812;0;0;4413854;0
3768138;0;0;4155637;0;0;3861212;0;0;4249037;0;0;3977557;0;0;4304238;0;0;3916154;0;0;4221387;0;0;3904156;0;0;4024988;0;0;4087599;0;0;3948264;0;0;3720364;0;0;4332965;0;0;4246556;0;0;4352392;0;0;4164279;0;0;4128068;0;0;3905522;0;0;3943804;0;0;4199416;0;0;4136080;0;0;3834708;0;0;4262880;0;0;4175160;0;0;4402443;0;0;3924282;0;0;3904406;0;0;3866433;0;0;4204801;0;0;4564986;0;0;3936624;0;0;3788756;0;0;4048119;0;0;4327780;0;0;3875622;0;0;3987607;0;0;4035151;0;0;4065247;0;0;4322471;0;0;3996540;0;0;3866533;0;0;4036990;0;0;3969883;0;0;4416602;0;0;3894895;0;0;3914608;0;0;4118134;0;0;3884886;0;0;4173555;0;0;4006556;0;0;4148983;0;0;4203380;0;0;4043767;0;0;4011474;0;0;4030221;0;0;4056723;0;0;4253997;0;0;4132530;0;0;4014073;0;0;4091044;0;0;4005095;0;0;4052478;0;0;4073424;0;0;4590523;0;0;4427485;0;0;3990260;0
4335624;0;0;4479570;0;0;4050159;0;0;4284804;0;0;4215233;0;0;4325531;0;0;4172715;0;0;4647203;0;0;4470276;0;0;4255755;0;0;4068808;0;0;3954370;0;0;4145347;0;0;4468130;0;0;4699497;0;0;4779345;0;0;4548670;0;0;4536961;0;0;4319278;0;0;4120374;0;0;4563999;0;0;4428676;0;0;4077620;0;0;4450370;0;0;4071719;0;0;4629642;0;0;4434979;0;0;4206808;0;0;4086541;0;0;4375069;0;0;4556700;0;0;4372634;0;0;4059553;0;0;4057668;0;0;4711271;0;0;4279735;0;0;4246618;0;0;4342013;0;0;4014575;0;0;4704835;0;0;4390310;0;0;4236771;0;0;4547815;0;0;4400143;0;0;4566520;0;0;4302891;0;0;4285778;0;0;4284803;0;0;4154484;0;0;4372508;0;0;4264896;0;0;4330365;0;0;4620355;0;0;4513595;0;0;3972723;0;0;3989233;0;0;4456430;0;0;4454386;0;0;4383358;0;0;4085456;0;0;4213943;0;0;4279643;0;0;4260467;0;0;4328092;0;0;4570480;0;0;4750912;0;0;4183911;0
4036146;0;0;4129798;0;0;3946923;0;0;4260590;0;0;4123215;0;0;4323241;0;0;4085170;0;0;4159570;0;0;3988254;0;0;3917386;0;0;4042758;0;0;4017148;0;0;3850916;0;0;4220355;0;0;4287832;0;0;4245029;0;0;4159476;0;0;4178044;0;0;4094294;0;0;3897576;0;0;4196136;0;0;4281039;0;0;3772230;0;0;4378908;0;0;3894665;0;0;4395607;0;0;4270198;0;0;4000282;0;0;3880357;0;0;4292277;0;0;4374149;0;0;3942724;0;0;4072922;0;0;4070167;0;0;4545427;0;0;3897108;0;0;4053834;0;0;4347396;0;0;3779888;0;0;4349700;0;0;4086182;0;0;3829768;0;0;3988078;0;0;4147018;0;0;4215899;0;0;4106180;0;0;3875940;0;0;4044865;0;0;3829285;0;0;4070877;0;0;3783996;0;0;4121084;0;0;4276388;0;0;4045204;0;0;3722081;0;0;3852725;0;0;4271638;0;0;4304007;0;0;4470308;0;0;3895986;0;0;4153285;0;0;3936882;0;0;4102801;0;0;4290537;0;0;4457321;0;0;4275457;0;0;4158679;0
4503684;0;0;4527062;0;0;4259465;0;0;4642084;0;0;4519497;0;0;4847000;0;0;4437809;0;0;4732711;0;0;4557720;0;0;4469487;0;0;4483961;0;0;4584474;0;0;4412032;0;0;4832665;0;0;4644410;0;0;4686107;0;0;4638985;0;0;4713451;0;0;4375151;0;0;4231186;0;0;4683117;0;0;4657077;0;0;4264765;0;0;4792606;0;0;4414968;0;0;4972489;0;0;4594642;0;0;4540994;0;0;4144988;0;0;4556880;0;0;4782341;0;0;4480654;0;0;4379603;0;0;4643237;0;0;4756650;0;0;4475177;0;0;4387511;0;0;4687229;0;0;4325534;0;0;4710460;0;0;4333441;0;0;4367103;0;0;4690804;0;0;4631731;0;0;4957393;0;0;4471195;0;0;4345348;0;0;4611590;0;0;4389378;0;0;4535072;0;0;4413856;0;0;4564068;0;0;4761171;0;0;4689418;0;0;4074862;0;0;4388625;0;0;4826727;0;0;4657694;0;0;4709992;0;0;4496902;0;0;4438703;0;0;4316390;0;0;4372802;0;0;4554506;0;0;4842842;0;0;4782362;0;0;4520897;0
4142600;0;0;4300959;0;0;3797985;0;0;4518330;0;0;4166949;0;0;4404286;0;0;3873945;0;0;4353042;0;0;4266923;0;0;4336932;0;0;4281828;0;0;3930896;0;0;4054295;0;0;4462812;0;0;4370047;0;0;4598210;0;0;4261398;0;0;4419573;0;0;4137068;0;0;3943642;0;0;4460732;0;0;4239540;0;0;3863114;0;0;4357542;0;0;4307416;0;0;4633977;0;0;4127164;0;0;4026321;0;0;4161761;0;0;4249475;0;0;4451702;0;0;4224705;0;0;4010234;0;0;4166249;0;0;4258853;0;0;3955860;0;0;4108020;0;0;4313168;0;0;3787176;0;0;4548009;0;0;4261380;0;0;4224740;0;0;4224995;0;0;4140088;0;0;4406069;0;0;4299386;0;0;4122124;0;0;4233452;0;0;3955183;0;0;4476375;0;0;4081458;0;0;4176055;0;0;4553806;0;0;4241518;0;0;3976944;0;0;3850140;0;0;4455611;0;0;4518006;0;0;4590962;0;0;4214334;0;0;4163868;0;0;4300610;0;0;4397242;0;0;4280401;0;0;4498758;0;0;4485189;0;0;4199964;0
4707124;0;0;4635497;0;0;4614329;0;0;4813679;0;0;4669961;0;0;4937125;0;0;4536227;0;0;4938326;0;0;4919923;0;0;4847591;0;0;4825087;0;0;4620409;0;0;4420583;0;0;5093388;0;0;4974332;0;0;5143518;0;0;4953098;0;0;4897984;0;0;4805429;0;0;4440781;0;0;5197478;0;0;4859844;0;0;4499772;0;0;4901136;0;0;4781683;0;0;5136227;0;0;4677654;0;0;4685603;0;0;4266880;0;0;4696804;0;0;5069406;0;0;4540136;0;0;4748246;0;0;4510301;0;0;4969749;0;0;4566816;0;0;4785872;0;0;4742224;0;0;4309011;0;0;5147720;0;0;4889224;0;0;4734556;0;0;4668824;0;0;4794930;0;0;4901199;0;0;4690073;0;0;4624868;0;0;4886632;0;0;4615062;0;0;5034732;0;0;4637481;0;0;4740129;0;0;4989416;0;0;4810528;0;0;4573071;0;0;4483996;0;0;4725235;0;0;4900562;0;0;5091062;0;0;4798789;0;0;4630884;0;0;4596477;0;0;4511512;0;0;4929865;0;0;5216206;0;0;4978283;0;0;4559594;0
4490547;0;0;4715243;0;0;4212579;0;0;4580900;0;0;4429874;0;0;4814698;0;0;4494523;0;0;4812617;0;0;4669445;0;0;4617278;0;0;4512584;0;0;4180304;0;0;4331533;0;0;5045164;0;0;4723859;0;0;4945685;0;0;4764067;0;0;4787131;0;0;4453083;0;0;4306479;0;0;4790630;0;0;4814156;0;0;4347603;0;0;4648255;0;0;4611140;0;0;4808944;0;0;4358019;0;0;4558739;0;0;4287219;0;0;4381381;0;0;4882476;0;0;4627223;0;0;4594752;0;0;4314794;0;0;4886435;0;0;4448437;0;0;4555262;0;0;4705843;0;0;4227318;0;0;4698012;0;0;4848703;0;0;4475814;0;0;4640127;0;0;4433387;0;0;4729435;0;0;4567590;0;0;4435641;0;0;4520766;0;0;4318914;0;0;4799443;0;0;4366325;0;0;4639898;0;0;4860230;0;0;4684486;0;0;4475165;0;0;4108546;0;0;4799514;0;0;4780013;0;0;4881573;0;0;4543642;0;0;4292953;0;0;4561709;0;0;4508770;0;0;4740960;0;0;4931008;0;0;4867823;0;0;4385022;0
4741074;0;0;4802121;0;0;4423569;0;0;4843853;0;0;4742046;0;0;4718908;0;0;4490732;0;0;4828560;0;0;4743406;0;0;4665307;0;0;4680798;0;0;4533972;0;0;4662518;0;0;4982777;0;0;4971042;0;0;5137154;0;0;4871961;0;0;4944152;0;0;4754424;0;0;4209496;0;0;4996061;0;0;4703831;0;0;4571993;0;0;5064442;0;0;4649073;0;0;4932466;0;0;4756770;0;0;4626610;0;0;4442137;0;0;4898071;0;0;4998220;0;0;4704225;0;0;4529843;0;0;4283591;0;0;5093766;0;0;4678357;0;0;4816109;0;0;4715855;0;0;4426411;0;0;5000113;0;0;4663327;0;0;4578721;0;0;4926729;0;0;4695246;0;0;5097686;0;0;4628987;0;0;4701039;0;0;4794897;0;0;4559205;0;0;4739879;0;0;4578423;0;0;4677337;0;0;4672859;0;0;4738216;0;0;4327380;0;0;4488052;0;0;5060168;0;0;4975470;0;0;5076532;0;0;4510140;0;0;4763433;0;0;4519816;0;0;4662824;0;0;4782170;0;0;5274012;0;0;4981680;0;0;4731004;0
4677878;0;0;4879308;0;0;4477639;0;0;4783004;0;0;4733456;0;0;4994327;0;0;4677062;0;0;4938816;0;0;4780222;0;0;4752798;0;0;4556499;0;0;4518220;0;0;4522967;0;0;4980784;0;0;4910212;0;0;4788851;0;0;4966328;0;0;4860170;0;0;4565401;0;0;4596502;0;0;4998637;0;0;4814315;0;0;4478133;0;0;4957852;0;0;4712103;0;0;4981423;0;0;4771636;0;0;4624315;0;0;4304243;0;0;4948634;0;0;4926332;0;0;4831184;0;0;4518750;0;0;4461585;0;0;4951564;0;0;4565945;0;0;4882573;0;0;4728955;0;0;4611837;0;0;5054799;0;0;4735524;0;0;4490656;0;0;4767700;0;0;4889921;0;0;5023141;0;0;4706709;0;0;4591508;0;0;4851366;0;0;4601170;0;0;4854711;0;0;4513302;0;0;4636103;0;0;4994127;0;0;5007912;0;0;4447484;0;0;4607254;0;0;4869754;0;0;4909175;0;0;5047401;0;0;4449620;0;0;4575032;0;0;4615464;0;0;4593154;0;0;4962722;0;0;5111421;0;0;4932368;0;0;4828560;0
3936143;0;0;4140182;0;0;3818951;0;0;4179858;0;0;4138390;0;0;4440747;0;0;3857942;0;0;4260408;0;0;3980961;0;0;4060967;0;0;4029164;0;0;3955856;0;0;3832612;0;0;4329963;0;0;4153345;0;0;4268787;0;0;4139947;0;0;4199883;0;0;4164839;0;0;3831773;0;0;4188306;0;0;4127024;0;0;3909044;0;0;4147573;0;0;4049320;0;0;4367215;0;0;4131474;0;0;4075484;0;0;3856088;0;0;4174170;0;0;4305148;0;0;4191706;0;0;3992915;0;0;3888764;0;0;4295162;0;0;3910085;0;0;4046873;0;0;4139852;0;0;3822453;0;0;4286399;0;0;4157467;0;0;3850930;0;0;4324310;0;0;4120330;0;0;4376001;0;0;4051792;0;0;4116275;0;0;4223693;0;0;3990004;0;0;4301611;0;0;4095540;0;0;4146324;0;0;4151288;0;0;4084813;0;0;3896775;0;0;3771443;0;0;4253837;0;0;4354323;0;0;4305078;0;0;3880756;0;0;3887936;0;0;4158693;0;0;4180157;0;0;4314273;0;0;4430672;0;0;4215660;0;0;3977571;0
4531706;0;0;4733855;0;0;4361507;0;0;4746664;0;0;4752906;0;0;5014628;0;0;4669843;0;0;4938972;0;0;4635512;0;0;4780857;0;0;4597272;0;0;4514577;0;0;4231331;0;0;5011782;0;0;4745124;0;0;4733481;0;0;4654466;0;0;4805080;0;0;4513550;0;0;4260210;0;0;5023032;0;0;4925661;0;0;4614157;0;0;4861547;0;0;4668684;0;0;5026517;0;0;4640496;0;0;4518220;0;0;4465156;0;0;4777245;0;0;4772085;0;0;4679723;0;0;4468469;0;0;4415416;0;0;4944264;0;0;4376477;0;0;4591963;0;0;4898707;0;0;4524598;0;0;5185451;0;0;4657452;0;0;4600302;0;0;4772517;0;0;4540979;0;0;4954963;0;0;4704770;0;0;4492697;0;0;4959892;0;0;4418547;0;0;4685571;0;0;4674663;0;0;4776205;0;0;4791508;0;0;4698418;0;0;4228753;0;0;4622602;0;0;4939563;0;0;4995669;0;0;4985822;0;0;4478449;0;0;4479296;0;0;4552754;0;0;4942943;0;0;4920569;0;0;4994420;0;0;4993666;0;0;4831154;0
4048873;0;0;4282948;0;0;4031101;0;0;4324064;0;0;3964151;0;0;4307265;0;0;3909913;0;0;4456852;0;0;4364549;0;0;4310480;0;0;4012915;0;0;4078691;0;0;4118872;0;0;4402670;0;0;4332933;0;0;4648295;0;0;4079122;0;0;4314863;0;0;4146429;0;0;3801453;0;0;4526946;0;0;4217683;0;0;4047771;0;0;4510333;0;0;3980308;0;0;4602338;0;0;4168201;0;0;4193523;0;0;4051963;0;0;4223314;0;0;4359443;0;0;4188946;0;0;4090099;0;0;4112491;0;0;4494738;0;0;4201727;0;0;4264075;0;0;4566373;0;0;4010251;0;0;4621552;0;0;4261725;0;0;4107629;0;0;4245722;0;0;4169692;0;0;4370626;0;0;4256267;0;0;4136553;0;0;4286124;0;0;3937683;0;0;4319477;0;0;4062098;0;0;4329632;0;0;4580490;0;0;4362329;0;0;3971657;0;0;3936382;0;0;4336690;0;0;4566991;0;0;4335674;0;0;4336213;0;0;4293327;0;0;4283246;0;0;4332637;0;0;4377659;0;0;4578642;0;0;4542783;0;0;4304971;0
4219254;0;0;4660042;0;0;4128047;0;0;4495700;0;0;4375374;0;0;4547851;0;0;4265012;0;0;4499727;0;0;4621505;0;0;4608461;0;0;4400765;0;0;4041898;0;0;4180666;0;0;4621705;0;0;4436825;0;0;4768271;0;0;4469317;0;0;4587004;0;0;4412728;0;0;4113184;0;0;4696152;0;0;4555783;0;0;4302702;0;0;4486177;0;0;4390558;0;0;4796839;0;0;4238030;0;0;4391111;0;0;4368818;0;0;4531673;0;0;4737802;0;0;4564968;0;0;4464761;0;0;4338779;0;0;4821954;0;0;4334873;0;0;4411328;0;0;4537599;0;0;4086927;0;0;4883003;0;0;4636336;0;0;4163027;0;0;4559497;0;0;4280267;0;0;4515700;0;0;4473869;0;0;4447555;0;0;4516590;0;0;4246441;0;0;4623998;0;0;4317489;0;0;4427428;0;0;4668496;0;0;4395455;0;0;4221149;0;0;4194309;0;0;4460312;0;0;4514650;0;0;4720650;0;0;4219843;0;0;4133502;0;0;4392403;0;0;4545426;0;0;4609684;0;0;4802212;0;0;4688456;0;0;4282594;0
4661842;0;0;4876148;0;0;4451362;0;0;4735857;0;0;4858772;0;0;4935159;0;0;4759240;0;0;4730202;0;0;4738162;0;0;4667992;0;0;4491796;0;0;4392556;0;0;4456850;0;0;4881801;0;0;4830250;0;0;4911444;0;0;4822210;0;0;4874688;0;0;4540585;0;0;4669163;0;0;5050237;0;0;4999056;0;0;4465383;0;0;5038941;0;0;4562585;0;0;4930459;0;0;4665603;0;0;4485496;0;0;4688514;0;0;4899814;0;0;4980387;0;0;4745137;0;0;4589209;0;0;4741382;0;0;5152551;0;0;4504090;0;0;4838273;0;0;4944125;0;0;4401234;0;0;4947008;0;0;4824334;0;0;4664887;0;0;4857192;0;0;4683568;0;0;4895752;0;0;4740923;0;0;4452506;0;0;4833289;0;0;4445288;0;0;4687870;0;0;4491995;0;0;4596182;0;0;4897036;0;0;4867565;0;0;4226828;0;0;4498557;0;0;4936734;0;0;5157480;0;0;4865559;0;0;4548568;0;0;4662640;0;0;4542280;0;0;4834560;0;0;4887675;0;0;5018356;0;0;5035678;0;0;4589777;0
4229835;0;0;4444412;0;0;4165174;0;0;4584745;0;0;4342952;0;0;4509416;0;0;4233550;0;0;4497653;0;0;4311928;0;0;4580746;0;0;4354965;0;0;3904369;0;0;4116140;0;0;4451432;0;0;4678489;0;0;4472669;0;0;4441988;0;0;4562470;0;0;4485935;0;0;4067066;0;0;4623600;0;0;4450717;0;0;4261662;0;0;4666956;0;0;4276915;0;0;4750913;0;0;4285136;0;0;4470393;0;0;3982916;0;0;4505039;0;0;4843498;0;0;4392537;0;0;4192511;0;0;4095072;0;0;4482302;0;0;4221947;0;0;4457055;0;0;4524447;0;0;3979001;0;0;4724786;0;0;4296921;0;0;4202562;0;0;4463096;0;0;4358712;0;0;4741771;0;0;4303758;0;0;4059942;0;0;4530778;0;0;4287084;0;0;4372437;0;0;4298791;0;0;4293218;0;0;4612884;0;0;4531343;0;0;3911311;0;0;3939910;0;0;4763444;0;0;4651616;0;0;4803713;0;0;4168394;0;0;4027255;0;0;4251484;0;0;4305071;0;0;4554626;0;0;4765384;0;0;4510279;0;0;4402706;0
4493303;0;0;4779066;0;0;4425383;0;0;4577671;0;0;4485101;0;0;4624662;0;0;4437401;0;0;4771287;0;0;4657175;0;0;4476902;0;0;4375817;0;0;4388362;0;0;4321239;0;0;4810816;0;0;4877743;0;0;4860705;0;0;4567902;0;0;4873479;0;0;4496171;0;0;4340887;0;0;5003880;0;0;4798945;0;0;4068398;0;0;4910518;0;0;4531894;0;0;4858566;0;0;4529315;0;0;4507783;0;0;4316272;0;0;4659594;0;0;5096857;0;0;4952055;0;0;4266614;0;0;4206684;0;0;5057301;0;0;4515339;0;0;4515673;0;0;4840388;0;0;4280922;0;0;4895236;0;0;4630355;0;0;4275943;0;0;4701071;0;0;4510772;0;0;4813540;0;0;4476636;0;0;4433557;0;0;4683442;0;0;4333659;0;0;4652916;0;0;4444805;0;0;4705324;0;0;5211827;0;0;4838309;0;0;4406324;0;0;4467575;0;0;4728567;0;0;4768021;0;0;4881022;0;0;4389994;0;0;4588418;0;0;4700486;0;0;4591242;0;0;4745152;0;0;4934790;0;0;4750517;0;0;4647742;0
4552082;0;0;4598499;0;0;4466295;0;0;4698235;0;0;4570313;0;0;4800542;0;0;4308076;0;0;4633001;0;0;4542691;0;0;4681353;0;0;4515444;0;0;4628977;0;0;4239699;0;0;4899808;0;0;5008726;0;0;4973826;0;0;4599717;0;0;4627446;0;0;4437891;0;0;4334216;0;0;4907045;0;0;4807932;0;0;4553500;0;0;4946220;0;0;4569021;0;0;5075594;0;0;4499042;0;0;4479593;0;0;4377214;0;0;4628390;0;0;4933260;0;0;4563582;0;0;4559533;0;0;4501623;0;0;4877591;0;0;4596929;0;0;4647978;0;0;4827132;0;0;4264386;0;0;4889039;0;0;4662529;0;0;4443364;0;0;4799929;0;0;4707397;0;0;4892063;0;0;4633756;0;0;4363214;0;0;4729448;0;0;4578410;0;0;4785487;0;0;4444954;0;0;4525755;0;0;4791674;0;0;4777880;0;0;4406776;0;0;4451918;0;0;4755935;0;0;5002425;0;0;4955068;0;0;4522560;0;0;4498974;0;0;4602172;0;0;4585143;0;0;4721287;0;0;4944614;0;0;4871162;0;0;4467214;0
4001410;0;0;4174684;0;0;3831536;0;0;4180402;0;0;4189833;0;0;4398967;0;0;4167226;0;0;4313506;0;0;4314713;0;0;4081132;0;0;4375534;0;0;4132092;0;0;4132816;0;0;4376471;0;0;4278760;0;0;4338265;0;0;4329420;0;0;4440587;0;0;4123339;0;0;3931855;0;0;4267400;0;0;4355093;0;0;3920654;0;0;4374916;0;0;3990954;0;0;4586741;0;0;4240494;0;0;3985095;0;0;3888018;0;0;4207714;0;0;4446532;0;0;4083950;0;0;4036871;0;0;3976311;0;0;4635970;0;0;4001185;0;0;4123888;0;0;4101319;0;0;3854722;0;0;4732621;0;0;4150037;0;0;4107057;0;0;4123548;0;0;4062805;0;0;4430252;0;0;4100709;0;0;4094565;0;0;4099248;0;0;3944151;0;0;4209394;0;0;4194590;0;0;4320758;0;0;4386160;0;0;4200642;0;0;3981328;0;0;4085854;0;0;4224811;0;0;4379088;0;0;4538479;0;0;4191670;0;0;4195216;0;0;4360908;0;0;4370261;0;0;4257365;0;0;4536874;0;0;4511821;0;0;4160408;0
4000611;0;0;4284448;0;0;3900382;0;0;4330864;0;0;4034183;0;0;4463382;0;0;4144274;0;0;4210871;0;0;4076231;0;0;4169004;0;0;4088057;0;0;3845824;0;0;3950669;0;0;4204044;0;0;4494434;0;0;4524433;0;0;4364888;0;0;4472585;0;0;3969046;0;0;4054161;0;0;4435231;0;0;4296269;0;0;3879067;0;0;4183061;0;0;4148108;0;0;4456058;0;0;4217804;0;0;4024439;0;0;4104516;0;0;4280111;0;0;4393311;0;0;4249644;0;0;3938307;0;0;4194757;0;0;4460477;0;0;4138675;0;0;3969903;0;0;4151729;0;0;3841712;0;0;4295738;0;0;4142716;0;0;3975952;0;0;4075013;0;0;4240810;0;0;4374018;0;0;4188980;0;0;3959825;0;0;4185753;0;0;4174602;0;0;4311789;0;0;3882530;0;0;4096719;0;0;4550118;0;0;4274465;0;0;3902688;0;0;4089379;0;0;4320579;0;0;4132261;0;0;4193794;0;0;4004108;0;0;4011122;0;0;3976962;0;0;4125283;0;0;4381232;0;0;4423080;0;0;4351813;0;0;4198414;0
4504097;0;0;4581674;0;0;4439060;0;0;4529721;0;0;4578139;0;0;4896604;0;0;4493610;0;0;4823523;0;0;4497911;0;0;4849657;0;0;4319973;0;0;4422463;0;0;4466918;0;0;4982110;0;0;4827988;0;0;5033750;0;0;4707496;0;0;4706694;0;0;4540267;0;0;4375193;0;0;4762445;0;0;4703579;0;0;4308529;0;0;4686924;0;0;4478698;0;0;5018161;0;0;4590244;0;0;4380873;0;0;4336404;0;0;4750129;0;0;4928847;0;0;4478700;0;0;4274751;0;0;4360449;0;0;4668851;0;0;4468099;0;0;4463499;0;0;4783299;0;0;4470371;0;0;4921430;0;0;4690487;0;0;4465281;0;0;4654862;0;0;4584369;0;0;4860729;0;0;4565118;0;0;4412511;0;0;4766698;0;0;4483610;0;0;4874672;0;0;4523414;0;0;4369769;0;0;4715643;0;0;4704275;0;0;4332088;0;0;4421552;0;0;4881150;0;0;4788773;0;0;4742874;0;0;4480927;0;0;4290743;0;0;4583538;0;0;4564541;0;0;4811894;0;0;4846449;0;0;4890279;0;0;4357101;0
4135925;0;0;4308653;0;0;3952488;0;0;4330634;0;0;4299999;0;0;4570105;0;0;4074402;0;0;4309209;0;0;4142810;0;0;4168098;0;0;4046179;0;0;3917879;0;0;3961495;0;0;4438841;0;0;4430283;0;0;4556113;0;0;4171627;0;0;4420474;0;0;4183501;0;0;4044466;0;0;4353137;0;0;4273083;0;0;3991112;0;0;4506478;0;0;4250156;0;0;4360259;0;0;4189172;0;0;4060768;0;0;4214875;0;0;4309320;0;0;4464562;0;0;4251626;0;0;4337408;0;0;4277365;0;0;4442430;0;0;4148245;0;0;4244041;0;0;4538560;0;0;4105202;0;0;4753080;0;0;4223330;0;0;4122971;0;0;4140660;0;0;4213062;0;0;4352798;0;0;4048216;0;0;4112096;0;0;4188094;0;0;4036132;0;0;4344988;0;0;4002852;0;0;4271313;0;0;4526068;0;0;4265219;0;0;3748048;0;0;4084801;0;0;4411029;0;0;4411556;0;0;4227618;0;0;4047140;0;0;4053826;0;0;4157844;0;0;4228786;0;0;4519336;0;0;4736562;0;0;4412756;0;0;4256059;0
4091010;0;0;4229092;0;0;3939264;0;0;4398911;0;0;4281322;0;0;4356685;0;0;4009552;0;0;4418238;0;0;4145723;0;0;4192475;0;0;4178686;0;0;4208300;0;0;4076725;0;0;4489023;0;0;4424238;0;0;4638292;0;0;4293188;0;0;4320055;0;0;4083468;0;0;4028013;0;0;4235106;0;0;4395884;0;0;4144169;0;0;4396780;0;0;4147795;0;0;4680089;0;0;4419096;0;0;4201181;0;0;4055362;0;0;4574288;0;0;4670615;0;0;4315727;0;0;4177202;0;0;4042207;0;0;4609854;0;0;4227218;0;0;4205223;0;0;4272460;0;0;4088355;0;0;4444202;0;0;4187107;0;0;4259068;0;0;4403073;0;0;4328031;0;0;4665026;0;0;4217624;0;0;4290333;0;0;4152447;0;0;4074777;0;0;4354481;0;0;4167546;0;0;4150791;0;0;4639312;0;0;4091085;0;0;3993059;0;0;4169683;0;0;4524811;0;0;4393359;0;0;4544464;0;0;4104212;0;0;4241113;0;0;4003746;0;0;4329820;0;0;4275037;0;0;4654686;0;0;4537179;0;0;3947197;0
4344606;0;0;4645934;0;0;4313383;0;0;4410019;0;0;4595322;0;0;4492964;0;0;4235234;0;0;4470103;0;0;4524784;0;0;4539770;0;0;4329586;0;0;4309503;0;0;4260640;0;0;4668269;0;0;4699433;0;0;4585300;0;0;4779225;0;0;4602981;0;0;4380168;0;0;4499345;0;0;4471986;0;0;4643790;0;0;4270639;0;0;4612351;0;0;4558578;0;0;4890536;0;0;4439610;0;0;4351213;0;0;4192309;0;0;4517577;0;0;4680222;0;0;4440348;0;0;4359700;0;0;4358359;0;0;4723664;0;0;4368512;0;0;4460551;0;0;4435159;0;0;4133499;0;0;4693616;0;0;4525171;0;0;4516369;0;0;4477544;0;0;4326724;0;0;4582991;0;0;4546304;0;0;4211573;0;0;4425310;0;0;4346966;0;0;4682846;0;0;4336838;0;0;4472305;0;0;4534665;0;0;4613817;0;0;4281575;0;0;4229375;0;0;4501167;0;0;4919409;0;0;4739500;0;0;4219757;0;0;4388540;0;0;4411504;0;0;4575717;0;0;4595540;0;0;4808432;0;0;4606177;0;0;4407184;0
4339999;0;0;4561885;0;0;4288212;0;0;4449598;0;0;4457008;0;0;4620830;0;0;4151569;0;0;4429578;0;0;4361622;0;0;4653145;0;0;4421983;0;0;4242130;0;0;4235541;0;0;5003770;0;0;4754843;0;0;4943127;0;0;4444343;0;0;4590432;0;0;4286636;0;0;4199564;0;0;4640771;0;0;4739547;0;0;4192754;0;0;4668734;0;0;4520290;0;0;4604626;0;0;4369015;0;0;4385351;0;0;4265482;0;0;4283155;0;0;4864208;0;0;4240056;0;0;4355125;0;0;4257426;0;0;4739235;0;0;4287040;0;0;4385128;0;0;4508982;0;0;4074473;0;0;4692415;0;0;4736673;0;0;4566772;0;0;4601455;0;0;4599036;0;0;4762517;0;0;4441283;0;0;4393838;0;0;4571879;0;0;4380539;0;0;4772071;0;0;4406155;0;0;4426680;0;0;4855159;0;0;4627136;0;0;4209748;0;0;4156471;0;0;4685158;0;0;4907582;0;0;4636428;0;0;4425964;0;0;4432853;0;0;4403731;0;0;4457285;0;0;4598686;0;0;4663031;0;0;4626843;0;0;4429135;0
4574447;0;0;4577685;0;0;4281168;0;0;4594068;0;0;4646008;0;0;4741697;0;0;4387349;0;0;4699193;0;0;4497206;0;0;4475910;0;0;4449671;0;0;4464260;0;0;4463714;0;0;4701443;0;0;5000690;0;0;4833869;0;0;4466033;0;0;4786750;0;0;4567029;0;0;4283007;0;0;4727093;0;0;4497656;0;0;4236358;0;0;4767959;0;0;4517440;0;0;4924236;0;0;4408927;0;0;4648161;0;0;4406037;0;0;4645731;0;0;4919882;0;0;4764895;0;0;4751939;0;0;4562643;0;0;4766565;0;0;4553126;0;0;4489338;0;0;4643620;0;0;4114206;0;0;4863128;0;0;4718948;0;0;4567722;0;0;4599351;0;0;4815627;0;0;4648605;0;0;4420421;0;0;4313251;0;0;4563526;0;0;4418590;0;0;4752833;0;0;4452329;0;0;4612250;0;0;5044714;0;0;4638658;0;0;4367398;0;0;4072306;0;0;4892790;0;0;4650767;0;0;4784589;0;0;4394441;0;0;4321723;0;0;4492004;0;0;4800942;0;0;4859740;0;0;4875773;0;0;4805579;0;0;4414583;0
4176979;0;0;4320002;0;0;4199791;0;0;4447644;0;0;4320084;0;0;4594611;0;0;4195416;0;0;4287113;0;0;4105361;0;0;4450259;0;0;4266026;0;0;4263943;0;0;4149609;0;0;4557469;0;0;4421676;0;0;4527150;0;0;4380760;0;0;4409393;0;0;4229057;0;0;3999398;0;0;4525949;0;0;4399152;0;0;4011374;0;0;4558748;0;0;4217536;0;0;4558897;0;0;4318044;0;0;4268456;0;0;4292334;0;0;4220791;0;0;4495540;0;0;4371005;0;0;4300613;0;0;4264819;0;0;4695650;0;0;4319873;0;0;4122254;0;0;4346613;0;0;4034883;0;0;4440627;0;0;4396370;0;0;3970380;0;0;4326549;0;0;4144752;0;0;4583325;0;0;4095491;0;0;4008991;0;0;4667441;0;0;4133928;0;0;4247309;0;0;4006403;0;0;4280938;0;0;4517856;0;0;4372997;0;0;4020848;0;0;4007659;0;0;4339246;0;0;4514258;0;0;4507837;0;0;4312630;0;0;4333240;0;0;4328373;0;0;4267056;0;0;4345604;0;0;4680373;0;0;4351555;0;0;4083350;0
4021325;0;0;4168277;0;0;4033585;0;0;4325314;0;0;4138552;0;0;4380902;0;0;4066799;0;0;4229865;0;0;4133178;0;0;4236734;0;0;4059705;0;0;3959408;0;0;3802761;0;0;4519692;0;0;4416165;0;0;4493914;0;0;4135250;0;0;4136209;0;0;3999631;0;0;3911396;0;0;4280527;0;0;4197101;0;0;3877169;0;0;4362785;0;0;4196719;0;0;4411701;0;0;4113060;0;0;4163214;0;0;3921458;0;0;4327742;0;0;4452901;0;0;4289278;0;0;4119233;0;0;3875116;0;0;4428343;0;0;4169272;0;0;4210067;0;0;4089477;0;0;3833405;0;0;4526091;0;0;4122891;0;0;4080115;0;0;4179466;0;0;4137698;0;0;4276047;0;0;4127763;0;0;3827979;0;0;4334820;0;0;3874623;0;0;4381315;0;0;4018371;0;0;4246049;0;0;4371451;0;0;4198579;0;0;4009108;0;0;3864636;0;0;4341807;0;0;4445245;0;0;4428650;0;0;4179898;0;0;4050028;0;0;4081435;0;0;4197127;0;0;4286202;0;0;4435965;0;0;4318714;0;0;4047174;0
4324240;0;0;4359368;0;0;3957505;0;0;4340933;0;0;4501060;0;0;4484190;0;0;4152406;0;0;4398958;0;0;4417767;0;0;4294504;0;0;4315228;0;0;4015593;0;0;3965080;0;0;4539402;0;0;4569375;0;0;4640600;0;0;4433457;0;0;4597896;0;0;4305025;0;0;4068242;0;0;4555789;0;0;4369495;0;0;4130480;0;0;4634944;0;0;4240646;0;0;4528870;0;0;4285859;0;0;4122607;0;0;3987375;0;0;4238932;0;0;4606473;0;0;4226252;0;0;4137875;0;0;4067222;0;0;4729899;0;0;4286943;0;0;4068333;0;0;4461332;0;0;3921867;0;0;4613056;0;0;4333598;0;0;4021576;0;0;4424247;0;0;4245457;0;0;4512403;0;0;4128094;0;0;4128374;0;0;4416782;0;0;3904701;0;0;4448893;0;0;4366323;0;0;4259753;0;0;4491144;0;0;4485048;0;0;4048842;0;0;4194821;0;0;4653256;0;0;4674831;0;0;4698617;0;0;4320135;0;0;4256440;0;0;4324944;0;0;4247559;0;0;4381790;0;0;4691652;0;0;4469554;0;0;4178901;0
4501137;0;0;4851236;0;0;4467966;0;0;4911153;0;0;4519185;0;0;5158707;0;0;4543697;0;0;4864005;0;0;4699118;0;0;4747978;0;0;4633427;0;0;4699018;0;0;4518153;0;0;5069677;0;0;5107112;0;0;5132095;0;0;4772458;0;0;5020935;0;0;4700396;0;0;4580472;0;0;4840844;0;0;4715348;0;0;4526073;0;0;5064337;0;0;4929303;0;0;5153020;0;0;4884103;0;0;4550520;0;0;4541013;0;0;4961368;0;0;5252872;0;0;4654313;0;0;4757025;0;0;4843260;0;0;5310675;0;0;4547323;0;0;4789532;0;0;4875295;0;0;4571133;0;0;4867907;0;0;4664547;0;0;4357747;0;0;5140471;0;0;4965073;0;0;4974947;0;0;4879843;0;0;4643730;0;0;4813004;0;0;4619048;0;0;4909420;0;0;4693842;0;0;4924893;0;0;5037819;0;0;4930906;0;0;4721400;0;0;4640086;0;0;4887774;0;0;4942593;0;0;4974554;0;0;4698949;0;0;4879298;0;0;4929044;0;0;4625895;0;0;5023440;0;0;5089414;0;0;5142984;0;0;4754171;0
4380069;0;0;4366709;0;0;4032991;0;0;4350689;0;0;4377332;0;0;4645592;0;0;4248835;0;0;4514404;0;0;4314346;0;0;4446276;0;0;4210001;0;0;4191261;0;0;4408870;0;0;4454681;0;0;4594966;0;0;4570468;0;0;4429910;0;0;4599890;0;0;4372711;0;0;4088086;0;0;4677129;0;0;4609571;0;0;4107636;0;0;4268643;0;0;4004432;0;0;4823802;0;0;4325580;0;0;4376867;0;0;4283299;0;0;4307340;0;0;4512270;0;0;4353270;0;0;4250100;0;0;4151334;0;0;4600231;0;0;4266742;0;0;4326083;0;0;4510825;0;0;4145651;0;0;4577090;0;0;4498392;0;0;4297584;0;0;4281334;0;0;4444776;0;0;4625216;0;0;4471005;0;0;4308935;0;0;4309076;0;0;4187512;0;0;4473117;0;0;4278772;0;0;4368617;0;0;4550511;0;0;4392518;0;0;4294005;0;0;4300175;0;0;4548901;0;0;4657388;0;0;4410981;0;0;4179340;0;0;4222965;0;0;4296476;0;0;4322002;0;0;4533263;0;0;4706577;0;0;4704523;0;0;4356878;0
4182443;0;0;4418422;0;0;3965732;0;0;4311389;0;0;4112278;0;0;4329932;0;0;4228133;0;0;4330664;0;0;4280561;0;0;4270589;0;0;4321331;0;0;4218340;0;0;4061481;0;0;4462012;0;0;4741088;0;0;4523542;0;0;4266688;0;0;4529844;0;0;4281834;0;0;4102100;0;0;4514432;0;0;4263705;0;0;3966090;0;0;4394914;0;0;4086556;0;0;4667816;0;0;4086054;0;0;4013717;0;0;4089400;0;0;4340003;0;0;4467875;0;0;4181308;0;0;4189950;0;0;3936576;0;0;4342879;0;0;4217836;0;0;4250632;0;0;4418060;0;0;3872514;0;0;4441383;0;0;4220881;0;0;4068653;0;0;4305067;0;0;4394111;0;0;4500435;0;0;4215448;0;0;3985524;0;0;4248433;0;0;4092778;0;0;4574617;0;0;4090367;0;0;4196261;0;0;4335976;0;0;4358130;0;0;4251642;0;0;4050821;0;0;4741939;0;0;4548799;0;0;4432713;0;0;4253297;0;0;4033537;0;0;4230791;0;0;4264105;0;0;4404218;0;0;4446119;0;0;4519660;0;0;4188273;0
4190856;0;0;4212369;0;0;3865980;0;0;4281364;0;0;4191295;0;0;4354828;0;0;3948243;0;0;4203553;0;0;4128411;0;0;4037539;0;0;3953295;0;0;3873856;0;0;4007227;0;0;4572825;0;0;4220842;0;0;4400362;0;0;4231965;0;0;4500858;0;0;4015513;0;0;3989556;0;0;4299508;0;0;4286808;0;0;4022707;0;0;4580146;0;0;4170166;0;0;4358436;0;0;4196648;0;0;4244986;0;0;4060047;0;0;4402655;0;0;4442466;0;0;4309674;0;0;4178478;0;0;4071776;0;0;4519557;0;0;4265997;0;0;4102560;0;0;4420814;0;0;3902845;0;0;4421866;0;0;4184343;0;0;4168146;0;0;4222637;0;0;4257586;0;0;4551497;0;0;4152247;0;0;4137831;0;0;4147300;0;0;4008038;0;0;4098507;0;0;4167814;0;0;4241164;0;0;4432679;0;0;4326935;0;0;3923363;0;0;4067903;0;0;4451429;0;0;4282457;0;0;4398562;0;0;4100091;0;0;3970742;0;0;3925797;0;0;4303354;0;0;4294543;0;0;4839471;0;0;4383531;0;0;4274126;0
4076516;0;0;4209720;0;0;4124074;0;0;4164334;0;0;4152962;0;0;4374601;0;0;3934071;0;0;4201557;0;0;4164626;0;0;4234379;0;0;4062695;0;0;4049343;0;0;3902653;0;0;4420099;0;0;4501624;0;0;4506854;0;0;4211633;0;0;4318365;0;0;4282338;0;0;4066407;0;0;4582633;0;0;4555073;0;0;3958246;0;0;4396284;0;0;4023826;0;0;4580275;0;0;4347399;0;0;4223148;0;0;4155270;0;0;4371556;0;0;4652407;0;0;4324957;0;0;4229365;0;0;4069961;0;0;4538295;0;0;4320316;0;0;4134753;0;0;4463320;0;0;4137715;0;0;4456012;0;0;4451923;0;0;4346924;0;0;4293495;0;0;4304729;0;0;4462276;0;0;4287329;0;0;4212312;0;0;4295454;0;0;4218790;0;0;4469961;0;0;4079017;0;0;4396880;0;0;4603861;0;0;4513999;0;0;4105249;0;0;4021181;0;0;4499230;0;0;4682728;0;0;4497803;0;0;4264833;0;0;4133072;0;0;4319750;0;0;4326268;0;0;4470504;0;0;4397924;0;0;4384367;0;0;4133526;0
4227929;0;0;4517872;0;0;4047766;0;0;4484187;0;0;4519189;0;0;4526011;0;0;4201034;0;0;4329776;0;0;4410911;0;0;4321520;0;0;4378872;0;0;4019564;0;0;4248436;0;0;4623165;0;0;4628570;0;0;4469207;0;0;4439719;0;0;4292720;0;0;4405629;0;0;4093529;0;0;4419080;0;0;4535118;0;0;3863732;0;0;4518994;0;0;4332817;0;0;4651308;0;0;4162389;0;0;4221390;0;0;3848018;0;0;4278055;0;0;4546951;0;0;4153733;0;0;4190736;0;0;4420085;0;0;4588438;0;0;4053760;0;0;4175635;0;0;4378808;0;0;3807325;0;0;4499270;0;0;4357404;0;0;4061233;0;0;4255306;0;0;4263048;0;0;4331727;0;0;4235182;0;0;4026978;0;0;4288294;0;0;4080404;0;0;4283827;0;0;4233355;0;0;4299011;0;0;4470698;0;0;4318175;0;0;3973172;0;0;3895686;0;0;4471195;0;0;4480022;0;0;4812216;0;0;4110681;0;0;4106106;0;0;4187264;0;0;4437858;0;0;4435481;0;0;4767156;0;0;4524947;0;0;4227359;0
4406447;0;0;4645585;0;0;4062862;0;0;4468378;0;0;4490923;0;0;4571996;0;0;4235946;0;0;4826978;0;0;4294798;0;0;4297096;0;0;4293901;0;0;4338712;0;0;4340189;0;0;4656173;0;0;4879551;0;0;4786858;0;0;4505415;0;0;4486213;0;0;4343007;0;0;4084474;0;0;4701597;0;0;4656654;0;0;4296228;0;0;4584825;0;0;4235598;0;0;4736890;0;0;4384811;0;0;4565349;0;0;4310561;0;0;4507198;0;0;4778124;0;0;4549844;0;0;4399359;0;0;4336857;0;0;4765638;0;0;4319165;0;0;4437538;0;0;4580018;0;0;4252980;0;0;4950491;0;0;4530293;0;0;4297169;0;0;4525672;0;0;4562425;0;0;4749442;0;0;4307797;0;0;4246018;0;0;4303182;0;0;4447706;0;0;4423795;0;0;4332913;0;0;4447044;0;0;4526629;0;0;4555347;0;0;3970477;0;0;4341377;0;0;4667101;0;0;4515186;0;0;4789734;0;0;4326200;0;0;4322038;0;0;4643618;0;0;4551767;0;0;4509234;0;0;4880762;0;0;4749048;0;0;4347502;0
4299968;0;0;4140710;0;0;3778705;0;0;4224118;0;0;4263529;0;0;4486048;0;0;4135436;0;0;4399361;0;0;4271610;0;0;4179769;0;0;4183889;0;0;3915482;0;0;3890686;0;0;4471395;0;0;4358082;0;0;4426551;0;0;4332013;0;0;4289464;0;0;4214605;0;0;3882886;0;0;4193553;0;0;4210954;0;0;4017745;0;0;4286950;0;0;4358661;0;0;4446946;0;0;3960816;0;0;4107428;0;0;4091134;0;0;4343806;0;0;4507888;0;0;4021588;0;0;4319878;0;0;3834474;0;0;4357199;0;0;4089700;0;0;4094334;0;0;4246100;0;0;3984572;0;0;4548488;0;0;4246881;0;0;4195561;0;0;4085551;0;0;4383578;0;0;4410616;0;0;4354181;0;0;4165703;0;0;4255422;0;0;4028766;0;0;4354838;0;0;4147542;0;0;4494957;0;0;4556303;0;0;4318626;0;0;4068910;0;0;4043974;0;0;4497760;0;0;4427278;0;0;4485329;0;0;4091113;0;0;3857907;0;0;4219453;0;0;4303785;0;0;4425173;0;0;4592682;0;0;4554242;0;0;4149780;0
4154953;0;0;4387271;0;0;4245380;0;0;4463300;0;0;4419588;0;0;4558667;0;0;4348524;0;0;4541396;0;0;4543433;0;0;4570456;0;0;4282221;0;0;4151876;0;0;4250207;0;0;4612321;0;0;4777485;0;0;4587993;0;0;4580485;0;0;4543581;0;0;4223748;0;0;4042233;0;0;4513776;0;0;4487694;0;0;4326928;0;0;4377742;0;0;4315903;0;0;4544958;0;0;4424358;0;0;4339982;0;0;4111349;0;0;4366963;0;0;4731397;0;0;4333098;0;0;4285571;0;0;3982804;0;0;4702965;0;0;4169110;0;0;4271863;0;0;4362219;0;0;4057069;0;0;4628996;0;0;4484638;0;0;3938098;0;0;4430344;0;0;4480135;0;0;4467319;0;0;4040880;0;0;4420002;0;0;4224737;0;0;4098065;0;0;4554192;0;0;4114055;0;0;4613950;0;0;4575067;0;0;4470810;0;0;4155508;0;0;4108313;0;0;4427263;0;0;4456274;0;0;4758004;0;0;4192249;0;0;4340345;0;0;4524018;0;0;4088130;0;0;4490945;0;0;4573286;0;0;4627364;0;0;4322359;0
4601394;0;0;4750564;0;0;4295005;0;0;4697848;0;0;4760939;0;0;5107823;0;0;4737565;0;0;4853000;0;0;4652839;0;0;4706265;0;0;4830370;0;0;4581639;0;0;4493521;0;0;5051253;0;0;5097442;0;0;4964717;0;0;4966579;0;0;4954140;0;0;4698122;0;0;4424983;0;0;4970286;0;0;4782623;0;0;4287544;0;0;4766147;0;0;4565222;0;0;5100004;0;0;4655087;0;0;4813249;0;0;4657367;0;0;4676789;0;0;5024073;0;0;4831522;0;0;4666139;0;0;4552351;0;0;4976822;0;0;4817754;0;0;4630695;0;0;4709029;0;0;4357797;0;0;4904073;0;0;4887703;0;0;4689969;0;0;4606240;0;0;4752468;0;0;4704518;0;0;4639312;0;0;4395075;0;0;4816699;0;0;4589686;0;0;4720374;0;0;4618391;0;0;4750418;0;0;5072925;0;0;4821514;0;0;4262084;0;0;4409186;0;0;4909568;0;0;4803778;0;0;5004699;0;0;4614274;0;0;4576008;0;0;4676597;0;0;4897816;0;0;4894109;0;0;4943778;0;0;4830965;0;0;4547953;0
4516329;0;0;4653758;0;0;4263962;0;0;4772988;0;0;4546452;0;0;4906554;0;0;4403985;0;0;4475916;0;0;4616906;0;0;4304633;0;0;4594302;0;0;4371862;0;0;4278618;0;0;4906432;0;0;4852144;0;0;4902385;0;0;4517441;0;0;4710004;0;0;4407522;0;0;4319544;0;0;4716306;0;0;4471619;0;0;4274456;0;0;4882761;0;0;4618230;0;0;4885167;0;0;4762272;0;0;4360405;0;0;4491058;0;0;4608267;0;0;4715555;0;0;4467721;0;0;4512710;0;0;4250632;0;0;4670414;0;0;4448417;0;0;4458211;0;0;4614835;0;0;4351166;0;0;4795896;0;0;4537309;0;0;4508201;0;0;4497232;0;0;4639545;0;0;4845291;0;0;4612789;0;0;4412796;0;0;4474807;0;0;4367078;0;0;4655189;0;0;4459168;0;0;4520717;0;0;4814105;0;0;4817653;0;0;4428021;0;0;4509910;0;0;4630184;0;0;4742378;0;0;4843252;0;0;4421633;0;0;4494724;0;0;4546204;0;0;4639385;0;0;4734827;0;0;4700754;0;0;4652076;0;0;4569862;0
4291592;0;0;4614656;0;0;4139730;0;0;4626804;0;0;4270229;0;0;4731644;0;0;4628296;0;0;4580161;0;0;4683226;0;0;4411275;0;0;4349800;0;0;4278644;0;0;4347065;0;0;4779518;0;0;4623217;0;0;4735556;0;0;4499904;0;0;4614498;0;0;4361783;0;0;4165110;0;0;4650758;0;0;4588270;0;0;4179717;0;0;4625361;0;0;4312833;0;0;4713189;0;0;4584526;0;0;4259712;0;0;4477508;0;0;4462181;0;0;4684351;0;0;4602517;0;0;4322215;0;0;4423000;0;0;4717907;0;0;4587022;0;0;4210075;0;0;4606980;0;0;4098390;0;0;4803124;0;0;4560466;0;0;4333223;0;0;4524364;0;0;4637427;0;0;4583158;0;0;4438072;0;0;4458506;0;0;4473378;0;0;4221638;0;0;4501795;0;0;4242677;0;0;4285364;0;0;4674317;0;0;4531784;0;0;4056527;0;0;4270611;0;0;4849487;0;0;4536058;0;0;4481000;0;0;4321475;0;0;4326982;0;0;4500227;0;0;4533044;0;0;4503169;0;0;4680305;0;0;4672267;0;0;4509304;0
4395388;0;0;4400397;0;0;3954173;0;0;4454255;0;0;4422827;0;0;4723035;0;0;4382531;0;0;4440819;0;0;4383664;0;0;4333571;0;0;4206776;0;0;4153807;0;0;4042169;0;0;4703567;0;0;4550061;0;0;4760326;0;0;4663278;0;0;4500342;0;0;4306959;0;0;4134841;0;0;4608719;0;0;4516953;0;0;3992996;0;0;4530038;0;0;4368560;0;0;4623474;0;0;4304105;0;0;4281441;0;0;4370626;0;0;4453687;0;0;4840161;0;0;4396027;0;0;4286761;0;0;4373274;0;0;4921434;0;0;4347406;0;0;4239392;0;0;4436680;0;0;4160167;0;0;4747179;0;0;4485712;0;0;4272881;0;0;4330624;0;0;4290786;0;0;4602178;0;0;4441406;0;0;4154926;0;0;4465422;0;0;4063272;0;0;4559263;0;0;4292113;0;0;4537474;0;0;4730293;0;0;4462408;0;0;3970784;0;0;4106689;0;0;4664128;0;0;4393244;0;0;4675361;0;0;4255484;0;0;4165960;0;0;4261795;0;0;4480245;0;0;4462730;0;0;4623050;0;0;4657205;0;0;4120836;0
4267749;0;0;4394952;0;0;4067607;0;0;4582735;0;0;4463722;0;0;4703899;0;0;4215955;0;0;4611267;0;0;4487396;0;0;4558647;0;0;4381917;0;0;4307356;0;0;4335036;0;0;4731135;0;0;4772605;0;0;4700475;0;0;4530682;0;0;4507816;0;0;4171731;0;0;4223290;0;0;4509741;0;0;4479005;0;0;4210192;0;0;4531172;0;0;4473611;0;0;4707364;0;0;4706296;0;0;4348588;0;0;4262775;0;0;4320509;0;0;4720782;0;0;4440825;0;0;4393287;0;0;4336723;0;0;4723107;0;0;4471666;0;0;4320299;0;0;4575461;0;0;4281308;0;0;4627500;0;0;4506213;0;0;4114865;0;0;4461798;0;0;4383842;0;0;4557519;0;0;4435472;0;0;4295270;0;0;4392716;0;0;4074291;0;0;4736237;0;0;4229841;0;0;4487652;0;0;4786065;0;0;4590836;0;0;4118175;0;0;4201251;0;0;4596650;0;0;4571720;0;0;4567774;0;0;4389016;0;0;4318690;0;0;4574981;0;0;4303719;0;0;4494810;0;0;4628228;0;0;4553317;0;0;4475079;0
4368904;0;0;4463695;0;0;4313774;0;0;4676503;0;0;4536992;0;0;4881631;0;0;4530951;0;0;4778633;0;0;4460180;0;0;4817680;0;0;4629224;0;0;4518382;0;0;4307882;0;0;4834455;0;0;4924670;0;0;5032924;0;0;4651837;0;0;4858001;0;0;4469389;0;0;4255116;0;0;4622145;0;0;4601964;0;0;4366440;0;0;4624525;0;0;4581673;0;0;4866647;0;0;4661943;0;0;4474841;0;0;4203970;0;0;4667238;0;0;5061893;0;0;4426223;0;0;4417109;0;0;4458621;0;0;4973014;0;0;4642408;0;0;4399363;0;0;4676682;0;0;4237815;0;0;4855788;0;0;4778437;0;0;4519801;0;0;4537506;0;0;4724958;0;0;4923898;0;0;4569309;0;0;4339421;0;0;4546045;0;0;4517468;0;0;4792465;0;0;4516393;0;0;4898901;0;0;4830828;0;0;4753482;0;0;4407498;0;0;4575294;0;0;4953999;0;0;5009052;0;0;4881594;0;0;4466117;0;0;4620002;0;0;4581882;0;0;4549768;0;0;4735241;0;0;4669044;0;0;5080668;0;0;4623755;0
4104586;0;0;4281747;0;0;3942007;0;0;4351500;0;0;4382419;0;0;4258629;0;0;4168600;0;0;4386036;0;0;4280380;0;0;4099185;0;0;4121042;0;0;3900957;0;0;4165161;0;0;4623037;0;0;4420431;0;0;4468182;0;0;4365413;0;0;4384244;0;0;4272773;0;0;3945614;0;0;4545946;0;0;4109414;0;0;4151125;0;0;4492099;0;0;4285580;0;0;4643227;0;0;4254809;0;0;4257016;0;0;4145021;0;0;4264626;0;0;4397501;0;0;4270115;0;0;4159172;0;0;4218922;0;0;4485893;0;0;4243962;0;0;4452521;0;0;4576554;0;0;4062576;0;0;4642128;0;0;4127138;0;0;4124709;0;0;4354614;0;0;4555755;0;0;4514769;0;0;4307426;0;0;4181442;0;0;4178337;0;0;4050629;0;0;4274141;0;0;4100715;0;0;4335454;0;0;4431161;0;0;4452215;0;0;4092013;0;0;3956604;0;0;4641912;0;0;4553839;0;0;4317138;0;0;4222540;0;0;4185501;0;0;4472839;0;0;4419203;0;0;4406719;0;0;4621526;0;0;4428771;0;0;4308300;0
4316521;0;0;4571567;0;0;4238215;0;0;4583201;0;0;4523113;0;0;4573440;0;0;4197177;0;0;4653770;0;0;4358002;0;0;4565312;0;0;4401040;0;0;4121219;0;0;4126881;0;0;4653923;0;0;4552162;0;0;4651035;0;0;4655363;0;0;4700565;0;0;4495615;0;0;4236572;0;0;4520135;0;0;4560675;0;0;4219098;0;0;4654585;0;0;4601341;0;0;4724934;0;0;4303479;0;0;4432041;0;0;4098913;0;0;4564077;0;0;4755501;0;0;4232247;0;0;4311118;0;0;4235132;0;0;4866648;0;0;4402996;0;0;4414057;0;0;4464695;0;0;4188891;0;0;4613113;0;0;4490363;0;0;4240895;0;0;4664989;0;0;4416101;0;0;4683315;0;0;4356146;0;0;4238960;0;0;4697490;0;0;4269880;0;0;4457388;0;0;4365418;0;0;4571554;0;0;4525314;0;0;4297057;0;0;4230744;0;0;4255275;0;0;4710797;0;0;4761968;0;0;4599067;0;0;4494292;0;0;4281247;0;0;4334830;0;0;4491845;0;0;4611348;0;0;4996391;0;0;4798623;0;0;4400412;0
4239964;0;0;4319203;0;0;4082731;0;0;4359746;0;0;4309006;0;0;4496577;0;0;4159006;0;0;4504565;0;0;4290407;0;0;4102450;0;0;4240830;0;0;4176648;0;0;4068974;0;0;4745935;0;0;4668296;0;0;4528158;0;0;4605978;0;0;4263821;0;0;4305087;0;0;4127843;0;0;4529833;0;0;4575248;0;0;4020691;0;0;4428644;0;0;4321060;0;0;4636942;0;0;4086340;0;0;4159713;0;0;4133110;0;0;4446435;0;0;4604692;0;0;4187306;0;0;4187364;0;0;4100517;0;0;4609254;0;0;4183932;0;0;4361877;0;0;4321851;0;0;4142622;0;0;4355435;0;0;4300119;0;0;4351757;0;0;4371616;0;0;4346469;0;0;4626239;0;0;4341664;0;0;4112783;0;0;4411897;0;0;4108392;0;0;4479836;0;0;4313401;0;0;4454162;0;0;4580266;0;0;4454065;0;0;4047318;0;0;3865024;0;0;4373852;0;0;4508186;0;0;4426725;0;0;4340877;0;0;4237043;0;0;4486551;0;0;4161207;0;0;4358423;0;0;4634481;0;0;4520081;0;0;4220744;0
4568886;0;0;4821864;0;0;4146443;0;0;4690233;0;0;4704354;0;0;4776223;0;0;4316974;0;0;4707016;0;0;4504211;0;0;4498130;0;0;4493797;0;0;4333100;0;0;4131500;0;0;4756790;0;0;4681247;0;0;4591255;0;0;4559565;0;0;4689298;0;0;4524703;0;0;4339365;0;0;4655686;0;0;4603185;0;0;4198262;0;0;4830229;0;0;4467891;0;0;4777415;0;0;4537038;0;0;4540965;0;0;4164386;0;0;4694683;0;0;4891300;0;0;4685981;0;0;4464463;0;0;4339979;0;0;4917010;0;0;4439667;0;0;4619931;0;0;4850285;0;0;4411385;0;0;4822185;0;0;4437897;0;0;4306277;0;0;4554622;0;0;4535354;0;0;4913609;0;0;4451844;0;0;4335350;0;0;4641682;0;0;4366920;0;0;4533508;0;0;4372919;0;0;4647372;0;0;4904905;0;0;4580271;0;0;4023917;0;0;4430430;0;0;4700956;0;0;4880706;0;0;4896454;0;0;4342795;0;0;4313297;0;0;4449256;0;0;4617542;0;0;4563458;0;0;4971781;0;0;4859482;0;0;4593886;0
4120918;0;0;4241819;0;0;3970498;0;0;4232362;0;0;4222333;0;0;4443323;0;0;4182788;0;0;4364344;0;0;3958242;0;0;4185803;0;0;4127443;0;0;4036556;0;0;4008910;0;0;4493361;0;0;4606475;0;0;4663931;0;0;4430745;0;0;4482698;0;0;4146502;0;0;4224783;0;0;4518110;0;0;4544005;0;0;4080145;0;0;4252291;0;0;4037117;0;0;4524310;0;0;4307537;0;0;4038507;0;0;4233917;0;0;4238195;0;0;4513095;0;0;4231113;0;0;4179976;0;0;4212132;0;0;4662283;0;0;4133170;0;0;4125318;0;0;4425769;0;0;4132551;0;0;4581167;0;0;4219065;0;0;4148577;0;0;4237180;0;0;4230227;0;0;4380499;0;0;4346190;0;0;4113355;0;0;4267767;0;0;4097025;0;0;4383241;0;0;3976045;0;0;4110242;0;0;4283525;0;0;4489119;0;0;3981115;0;0;4058869;0;0;4508911;0;0;4390190;0;0;4571332;0;0;4066499;0;0;4074174;0;0;4208458;0;0;4241354;0;0;4448243;0;0;4628659;0;0;4536292;0;0;4123784;0
3991932;0;0;4331670;0;0;3891163;0;0;4149238;0;0;4104594;0;0;4263342;0;0;4038745;0;0;4413033;0;0;4293118;0;0;4140500;0;0;4123678;0;0;4046645;0;0;3987593;0;0;4283216;0;0;4453590;0;0;4502708;0;0;4321576;0;0;4332979;0;0;4162245;0;0;3773066;0;0;4213729;0;0;4178744;0;0;3950857;0;0;4404188;0;0;4209582;0;0;4513100;0;0;4058844;0;0;3963064;0;0;3983331;0;0;4455024;0;0;4426914;0;0;4071298;0;0;4202051;0;0;3972644;0;0;4405452;0;0;4257005;0;0;4155582;0;0;4221538;0;0;3956865;0;0;4414890;0;0;4231050;0;0;4139925;0;0;4082944;0;0;4352169;0;0;4431300;0;0;4297572;0;0;4136105;0;0;3963517;0;0;3986405;0;0;4299570;0;0;3960657;0;0;4111438;0;0;4222012;0;0;4294777;0;0;4017524;0;0;4057155;0;0;4406479;0;0;4386702;0;0;4228004;0;0;3984805;0;0;4175047;0;0;4067694;0;0;4255732;0;0;4119343;0;0;4421193;0;0;4454495;0;0;4152639;0
4331592;0;0;4495271;0;0;4257036;0;0;4417761;0;0;4473313;0;0;4629718;0;0;4158960;0;0;4617041;0;0;4415679;0;0;4478484;0;0;4444363;0;0;4241900;0;0;4212812;0;0;4652798;0;0;4741989;0;0;4841901;0;0;4403076;0;0;4633526;0;0;4435128;0;0;4097955;0;0;4605579;0;0;4279594;0;0;4313791;0;0;4728948;0;0;4544464;0;0;4607317;0;0;4380051;0;0;4321217;0;0;4307449;0;0;4579030;0;0;4909493;0;0;4434251;0;0;4347477;0;0;4358145;0;0;4973349;0;0;4468227;0;0;4498663;0;0;4523513;0;0;4143905;0;0;4810992;0;0;4487892;0;0;4270484;0;0;4618641;0;0;4515246;0;0;4857597;0;0;4488597;0;0;4277940;0;0;4553055;0;0;4157532;0;0;4760911;0;0;4468282;0;0;4525550;0;0;4839491;0;0;4644939;0;0;4161762;0;0;4235134;0;0;4851225;0;0;4642871;0;0;4721724;0;0;4503371;0;0;4335324;0;0;4293810;0;0;4312066;0;0;4581218;0;0;4540922;0;0;4843019;0;0;4432989;0
4579631;0;0;4633645;0;0;4248979;0;0;4548203;0;0;4632611;0;0;4813271;0;0;4384848;0;0;4601985;0;0;4567102;0;0;4498294;0;0;4417044;0;0;4318893;0;0;4215257;0;0;4704120;0;0;4663664;0;0;4660728;0;0;4615267;0;0;4632526;0;0;4426611;0;0;4342083;0;0;4705287;0;0;4386201;0;0;4331261;0;0;4680592;0;0;4616344;0;0;4866181;0;0;4368616;0;0;4542978;0;0;4462135;0;0;4651837;0;0;5034775;0;0;4467625;0;0;4356470;0;0;4372331;0;0;4884242;0;0;4445867;0;0;4498713;0;0;4740993;0;0;4217924;0;0;4822891;0;0;4638819;0;0;4150087;0;0;4651618;0;0;4354313;0;0;4619545;0;0;4309575;0;0;4356755;0;0;4609560;0;0;4193255;0;0;4744929;0;0;4374122;0;0;4567802;0;0;4707915;0;0;4617648;0;0;4193547;0;0;4317099;0;0;4778895;0;0;4653146;0;0;4596692;0;0;4359640;0;0;4321458;0;0;4701003;0;0;4600257;0;0;4769071;0;0;4873295;0;0;4667910;0;0;4422109;0
4203327;0;0;4477510;0;0;4195362;0;0;4428542;0;0;4466870;0;0;4605045;0;0;4435951;0;0;4409345;0;0;4318501;0;0;4292178;0;0;4373420;0;0;4203730;0;0;4168724;0;0;4509446;0;0;4704069;0;0;4874211;0;0;4536150;0;0;4542527;0;0;4358960;0;0;3992569;0;0;4407400;0;0;4464579;0;0;4225694;0;0;4565044;0;0;4350778;0;0;4890396;0;0;4272608;0;0;4114838;0;0;4356629;0;0;4721447;0;0;4698528;0;0;4255645;0;0;4226314;0;0;4145884;0;0;4683598;0;0;4450434;0;0;4336798;0;0;4334997;0;0;4071818;0;0;4843872;0;0;4386775;0;0;4483949;0;0;4489488;0;0;4629037;0;0;4800424;0;0;4323730;0;0;4239672;0;0;4438930;0;0;4082791;0;0;4546550;0;0;4294664;0;0;4433675;0;0;4596817;0;0;4328251;0;0;4267462;0;0;4439081;0;0;4549584;0;0;4574189;0;0;4316479;0;0;4341045;0;0;4303711;0;0;4299922;0;0;4548435;0;0;4380530;0;0;4716256;0;0;4937918;0;0;4215530;0
4366129;0;0;4389690;0;0;4135843;0;0;4377629;0;0;4328115;0;0;4641707;0;0;4211623;0;0;4459036;0;0;4362883;0;0;4576863;0;0;4320873;0;0;4212992;0;0;4228888;0;0;4474327;0;0;4585143;0;0;4576036;0;0;4443092;0;0;4511216;0;0;4185179;0;0;4219557;0;0;4508338;0;0;4553772;0;0;3935334;0;0;4487475;0;0;4376224;0;0;4582378;0;0;4345437;0;0;4383044;0;0;4075514;0;0;4272855;0;0;4730418;0;0;4376281;0;0;4258730;0;0;4280399;0;0;4806067;0;0;4266787;0;0;4437143;0;0;4437442;0;0;4227294;0;0;4378731;0;0;4318971;0;0;4270014;0;0;4402960;0;0;4463599;0;0;4776337;0;0;4375283;0;0;4308361;0;0;4395466;0;0;4182615;0;0;4552281;0;0;4086782;0;0;4516739;0;0;4492285;0;0;4523262;0;0;4155735;0;0;4165527;0;0;4735974;0;0;4611100;0;0;4562903;0;0;4344078;0;0;4332819;0;0;4270658;0;0;4109729;0;0;4521013;0;0;4843583;0;0;4475866;0;0;4422636;0
4067687;0;0;4373173;0;0;4079092;0;0;4363129;0;0;4420181;0;0;4339734;0;0;4045789;0;0;4348270;0;0;4334428;0;0;4211293;0;0;4126848;0;0;4053245;0;0;4017903;0;0;4314401;0;0;4678048;0;0;4623094;0;0;4378879;0;0;4590236;0;0;4239132;0;0;4017212;0;0;4361694;0;0;4388728;0;0;3894076;0;0;4508713;0;0;4166997;0;0;4613829;0;0;4260907;0;0;4178086;0;0;4076071;0;0;4337126;0;0;4524537;0;0;4315848;0;0;4107438;0;0;4144486;0;0;4617884;0;0;4194726;0;0;4144029;0;0;4315442;0;0;4123390;0;0;4399215;0;0;4289080;0;0;4083602;0;0;4349353;0;0;4244381;0;0;4539398;0;0;4363279;0;0;4091483;0;0;4309650;0;0;4038710;0;0;4370249;0;0;4352948;0;0;4171878;0;0;4548421;0;0;4291660;0;0;4097278;0;0;3795182;0;0;4409653;0;0;4486226;0;0;4367609;0;0;4172138;0;0;3943162;0;0;4136971;0;0;4218486;0;0;4563334;0;0;4616067;0;0;4505216;0;0;4067789;0
4123299;0;0;4499979;0;0;3867678;0;0;4314668;0;0;4098589;0;0;4515825;0;0;4080181;0;0;4270029;0;0;4212010;0;0;4285635;0;0;4267193;0;0;4056187;0;0;4010130;0;0;4306598;0;0;4458741;0;0;4463913;0;0;4468570;0;0;4316239;0;0;4185135;0;0;4125014;0;0;4430359;0;0;4312051;0;0;4059845;0;0;4319923;0;0;4118977;0;0;4420768;0;0;4208123;0;0;4132110;0;0;4075553;0;0;4235767;0;0;4538095;0;0;4137157;0;0;4127640;0;0;4284372;0;0;4448228;0;0;3877180;0;0;4100256;0;0;4196004;0;0;4009970;0;0;4486255;0;0;4180302;0;0;4090352;0;0;4421826;0;0;4183721;0;0;4354463;0;0;4259787;0;0;4016991;0;0;4244024;0;0;4045164;0;0;4330677;0;0;4283056;0;0;4165296;0;0;4331400;0;0;4182101;0;0;3747370;0;0;3936204;0;0;4497707;0;0;4577565;0;0;4580167;0;0;4007879;0;0;4089128;0;0;4232327;0;0;4185189;0;0;4530534;0;0;4366567;0;0;4498842;0;0;4245680;0
4302934;0;0;4350434;0;0;4111060;0;0;4468354;0;0;4551383;0;0;4481332;0;0;4179863;0;0;4414947;0;0;4146147;0;0;4228586;0;0;4132415;0;0;4200265;0;0;4053532;0;0;4554769;0;0;4523439;0;0;4550604;0;0;4349984;0;0;4479781;0;0;4255057;0;0;4055063;0;0;4483708;0;0;4494227;0;0;4331986;0;0;4667583;0;0;4373856;0;0;4729382;0;0;4298082;0;0;4247554;0;0;4216500;0;0;4384690;0;0;4680274;0;0;4313850;0;0;4284677;0;0;4048741;0;0;4752765;0;0;4241989;0;0;4311145;0;0;4508457;0;0;4328331;0;0;4550097;0;0;4244190;0;0;4077583;0;0;4440181;0;0;4531495;0;0;4574377;0;0;4221717;0;0;4146866;0;0;4458003;0;0;4199122;0;0;4464855;0;0;3895749;0;0;4387250;0;0;4615048;0;0;4321898;0;0;4134315;0;0;4088166;0;0;4520952;0;0;4428472;0;0;4535149;0;0;4349769;0;0;4243517;0;0;4277797;0;0;4393831;0;0;4481251;0;0;4974014;0;0;4618175;0;0;4311854;0
4371567;0;0;4751398;0;0;4555325;0;0;4924425;0;0;4630386;0;0;4826475;0;0;4638181;0;0;4775318;0;0;4724640;0;0;4814126;0;0;4658137;0;0;4582834;0;0;4452695;0;0;4933542;0;0;5076606;0;0;4912531;0;0;4900693;0;0;4726791;0;0;4720777;0;0;4491069;0;0;4976332;0;0;4989193;0;0;4417811;0;0;5017841;0;0;4768719;0;0;5193773;0;0;4617395;0;0;4573121;0;0;4469886;0;0;4892498;0;0;5236954;0;0;4699577;0;0;4556994;0;0;4426426;0;0;5023093;0;0;4783095;0;0;4751834;0;0;4686583;0;0;4240843;0;0;5113145;0;0;4821326;0;0;4575201;0;0;4574926;0;0;4761369;0;0;4940016;0;0;4708767;0;0;4536560;0;0;4823835;0;0;4519154;0;0;4858914;0;0;4496650;0;0;4740853;0;0;5060849;0;0;4890643;0;0;4623347;0;0;4425796;0;0;4913793;0;0;4992549;0;0;4926961;0;0;4339861;0;0;4644032;0;0;4581828;0;0;4891920;0;0;4985819;0;0;5082461;0;0;4839643;0;0;4500729;0
